bq.dataset,TARGET_TABLE_NAME,bq.dataset (Lower),Lower Table Name,file_name,raw_raw_pipeline_name,raw_curation_pipeline_name,instance_name,location, runtime_args:GCS_Input_Path(Bucket Name), runtime_args:GCS_Input_Path(owner), runtime_args:GCS_Input_Path(Schema),recipe,schema,bq.table,gcs.project,bq.project,bq.TempStorage, runtime_args: header
OTHER_SOURCE_SYSTEMS,TIM_Address,other_source_systems,tim_address,tim_address,tim_fusion_raw_to_raw,tim_fusion_insert_append,vf-hu-tr-dev-lab-cdf-1,europe-west1,gs://vfhu-trdh-rawingested-dmaap-devlab,bisnode,,tim_address_recipe.txt,tim_address_schema.txt,tim_address,vf-hu-tr-dev-lab,vf-hu-tr-dev-lab,vf-hu-tr-dev-bq-tempstorage,
OTHER_SOURCE_SYSTEMS,TIM_BusinessData,other_source_systems,tim_businessdata,tim_businessdata,tim_fusion_raw_to_raw,tim_fusion_insert_append,vf-hu-tr-dev-lab-cdf-1,europe-west1,gs://vfhu-trdh-rawingested-dmaap-devlab,bisnode,,tim_businessdata_recipe.txt,tim_businessdata_schema.txt,tim_businessdata,vf-hu-tr-dev-lab,vf-hu-tr-dev-lab,vf-hu-tr-dev-bq-tempstorage,
OTHER_SOURCE_SYSTEMS,TIM_BusinessDataRequest,other_source_systems,tim_businessdatarequest,tim_businessdatarequest,tim_fusion_raw_to_raw,tim_fusion_insert_append,vf-hu-tr-dev-lab-cdf-1,europe-west1,gs://vfhu-trdh-rawingested-dmaap-devlab,bisnode,,tim_businessdatarequest_recipe.txt,tim_businessdatarequest_schema.txt,tim_businessdatarequest,vf-hu-tr-dev-lab,vf-hu-tr-dev-lab,vf-hu-tr-dev-bq-tempstorage,
OTHER_SOURCE_SYSTEMS,TIM_BISNODE_Company,other_source_systems,tim_bisnode_company,tim_bisnode_company,tim_fusion_raw_to_raw,tim_fusion_insert_append,vf-hu-tr-dev-lab-cdf-1,europe-west1,gs://vfhu-trdh-rawingested-dmaap-devlab,bisnode,,tim_company_recipe.txt,tim_company_schema.txt,tim_company,vf-hu-tr-dev-lab,vf-hu-tr-dev-lab,vf-hu-tr-dev-bq-tempstorage,
OTHER_SOURCE_SYSTEMS,TIM_NegativeEvent,other_source_systems,tim_negativeevent,tim_negativeevent,tim_fusion_raw_to_raw,tim_fusion_insert_append,vf-hu-tr-dev-lab-cdf-1,europe-west1,gs://vfhu-trdh-rawingested-dmaap-devlab,bisnode,,tim_negativeevent_recipe.txt,tim_negativeevent_schema.txt,tim_negativeevent,vf-hu-tr-dev-lab,vf-hu-tr-dev-lab,vf-hu-tr-dev-bq-tempstorage,
OTHER_SOURCE_SYSTEMS,TIM_Person,other_source_systems,tim_person,tim_person,tim_fusion_raw_to_raw,tim_fusion_insert_append,vf-hu-tr-dev-lab-cdf-1,europe-west1,gs://vfhu-trdh-rawingested-dmaap-devlab,bisnode,,tim_person_recipe.txt,tim_person_schema.txt,tim_person,vf-hu-tr-dev-lab,vf-hu-tr-dev-lab,vf-hu-tr-dev-bq-tempstorage,
OTHER_SOURCE_SYSTEMS,TIM_PersonDataRequest,other_source_systems,tim_persondatarequest,tim_persondatarequest,tim_fusion_raw_to_raw,tim_fusion_insert_append,vf-hu-tr-dev-lab-cdf-1,europe-west1,gs://vfhu-trdh-rawingested-dmaap-devlab,bisnode,,tim_persondatarequest_recipe.txt,tim_persondatarequest_schema.txt,tim_persondatarequest,vf-hu-tr-dev-lab,vf-hu-tr-dev-lab,vf-hu-tr-dev-bq-tempstorage,
OTHER_SOURCE_SYSTEMS,TIM_PersonDataResult,other_source_systems,tim_persondataresult,tim_persondataresult,tim_fusion_raw_to_raw,tim_fusion_insert_append,vf-hu-tr-dev-lab-cdf-1,europe-west1,gs://vfhu-trdh-rawingested-dmaap-devlab,bisnode,,tim_persondataresult_recipe.txt,tim_persondataresult_schema.txt,tim_persondataresult,vf-hu-tr-dev-lab,vf-hu-tr-dev-lab,vf-hu-tr-dev-bq-tempstorage,
OTHER_SOURCE_SYSTEMS,TIM_Rating,other_source_systems,tim_rating,tim_rating,tim_fusion_raw_to_raw,tim_fusion_insert_append,vf-hu-tr-dev-lab-cdf-1,europe-west1,gs://vfhu-trdh-rawingested-dmaap-devlab,bisnode,,tim_rating_recipe.txt,tim_rating_schema.txt,tim_rating,vf-hu-tr-dev-lab,vf-hu-tr-dev-lab,vf-hu-tr-dev-bq-tempstorage,
OTHER_SOURCE_SYSTEMS,TIM_DECISION_Address,other_source_systems,tim_decision_address,tim_decision_address,tim_fusion_raw_to_raw,tim_fusion_insert_append,vf-hu-tr-dev-lab-cdf-1,europe-west1,gs://vfhu-trdh-rawingested-dmaap-devlab,decision,,tim_address_recipe.txt,tim_address_schema.txt,tim_address,vf-hu-tr-dev-lab,vf-hu-tr-dev-lab,vf-hu-tr-dev-bq-tempstorage,
OTHER_SOURCE_SYSTEMS,TIM_BisnodeAddress,other_source_systems,tim_bisnodeaddress,tim_bisnodeaddress,tim_fusion_raw_to_raw,tim_fusion_insert_append,vf-hu-tr-dev-lab-cdf-1,europe-west1,gs://vfhu-trdh-rawingested-dmaap-devlab,decision,,tim_bisnodeaddress_recipe.txt,tim_bisnodeaddress_schema.txt,tim_bisnodeaddress,vf-hu-tr-dev-lab,vf-hu-tr-dev-lab,vf-hu-tr-dev-bq-tempstorage,
OTHER_SOURCE_SYSTEMS,TIM_BisnodeBusinessData,other_source_systems,tim_bisnodebusinessdata,tim_bisnodebusinessdata,tim_fusion_raw_to_raw,tim_fusion_insert_append,vf-hu-tr-dev-lab-cdf-1,europe-west1,gs://vfhu-trdh-rawingested-dmaap-devlab,decision,,tim_bisnodebusinessdata_recipe.txt,tim_bisnodebusinessdata_schema.txt,tim_bisnodebusinessdata,vf-hu-tr-dev-lab,vf-hu-tr-dev-lab,vf-hu-tr-dev-bq-tempstorage,
OTHER_SOURCE_SYSTEMS,TIM_BisnodeConnectedCompany,other_source_systems,tim_bisnodeconnectedcompany,tim_bisnodeconnectedcompany,tim_fusion_raw_to_raw,tim_fusion_insert_append,vf-hu-tr-dev-lab-cdf-1,europe-west1,gs://vfhu-trdh-rawingested-dmaap-devlab,decision,,tim_bisnodeconnectedcompany_recipe.txt,tim_bisnodeconnectedcompany_schema.txt,tim_bisnodeconnectedcompany,vf-hu-tr-dev-lab,vf-hu-tr-dev-lab,vf-hu-tr-dev-bq-tempstorage,
OTHER_SOURCE_SYSTEMS,TIM_BisnodeNegativeEvent,other_source_systems,tim_bisnodenegativeevent,tim_bisnodenegativeevent,tim_fusion_raw_to_raw,tim_fusion_insert_append,vf-hu-tr-dev-lab-cdf-1,europe-west1,gs://vfhu-trdh-rawingested-dmaap-devlab,decision,,tim_bisnodenegativeevent_recipe.txt,tim_bisnodenegativeevent_schema.txt,tim_bisnodenegativeevent,vf-hu-tr-dev-lab,vf-hu-tr-dev-lab,vf-hu-tr-dev-bq-tempstorage,
OTHER_SOURCE_SYSTEMS,TIM_BisnodePersonData,other_source_systems,tim_bisnodepersondata,tim_bisnodepersondata,tim_fusion_raw_to_raw,tim_fusion_insert_append,vf-hu-tr-dev-lab-cdf-1,europe-west1,gs://vfhu-trdh-rawingested-dmaap-devlab,decision,,tim_bisnodepersondata_recipe.txt,tim_bisnodepersondata_schema.txt,tim_bisnodepersondata,vf-hu-tr-dev-lab,vf-hu-tr-dev-lab,vf-hu-tr-dev-bq-tempstorage,
OTHER_SOURCE_SYSTEMS,TIM_BisnodeSignatory,other_source_systems,tim_bisnodesignatory,tim_bisnodesignatory,tim_fusion_raw_to_raw,tim_fusion_insert_append,vf-hu-tr-dev-lab-cdf-1,europe-west1,gs://vfhu-trdh-rawingested-dmaap-devlab,decision,,tim_bisnodesignatory_recipe.txt,tim_bisnodesignatory_schema.txt,tim_bisnodesignatory,vf-hu-tr-dev-lab,vf-hu-tr-dev-lab,vf-hu-tr-dev-bq-tempstorage,
OTHER_SOURCE_SYSTEMS,TIM_BWListData,other_source_systems,tim_bwlistdata,tim_bwlistdata,tim_fusion_raw_to_raw,tim_fusion_insert_append,vf-hu-tr-dev-lab-cdf-1,europe-west1,gs://vfhu-trdh-rawingested-dmaap-devlab,decision,,tim_bwlistdata_recipe.txt,tim_bwlistdata_schema.txt,tim_bwlistdata,vf-hu-tr-dev-lab,vf-hu-tr-dev-lab,vf-hu-tr-dev-bq-tempstorage,
OTHER_SOURCE_SYSTEMS,TIM_CollectionConfiguration,other_source_systems,tim_collectionconfiguration,tim_collectionconfiguration,tim_fusion_raw_to_raw,tim_fusion_insert_append,vf-hu-tr-dev-lab-cdf-1,europe-west1,gs://vfhu-trdh-rawingested-dmaap-devlab,decision,,tim_collectionconfiguration_recipe.txt,tim_collectionconfiguration_schema.txt,tim_collectionconfiguration,vf-hu-tr-dev-lab,vf-hu-tr-dev-lab,vf-hu-tr-dev-bq-tempstorage,
OTHER_SOURCE_SYSTEMS,TIM_DECISION_Company,other_source_systems,tim_decision_company,tim_decision_company,tim_fusion_raw_to_raw,tim_fusion_insert_append,vf-hu-tr-dev-lab-cdf-1,europe-west1,gs://vfhu-trdh-rawingested-dmaap-devlab,decision,,tim_company_recipe.txt,tim_company_schema.txt,tim_company,vf-hu-tr-dev-lab,vf-hu-tr-dev-lab,vf-hu-tr-dev-bq-tempstorage,
OTHER_SOURCE_SYSTEMS,TIM_Contact,other_source_systems,tim_contact,tim_contact,tim_fusion_raw_to_raw,tim_fusion_insert_append,vf-hu-tr-dev-lab-cdf-1,europe-west1,gs://vfhu-trdh-rawingested-dmaap-devlab,decision,,tim_contact_recipe.txt,tim_contact_schema.txt,tim_contact,vf-hu-tr-dev-lab,vf-hu-tr-dev-lab,vf-hu-tr-dev-bq-tempstorage,
OTHER_SOURCE_SYSTEMS,TIM_ControlGroupCounter,other_source_systems,tim_controlgroupcounter,tim_controlgroupcounter,tim_fusion_raw_to_raw,tim_fusion_insert_append,vf-hu-tr-dev-lab-cdf-1,europe-west1,gs://vfhu-trdh-rawingested-dmaap-devlab,decision,,tim_controlgroupcounter_recipe.txt,tim_controlgroupcounter_schema.txt,tim_controlgroupcounter,vf-hu-tr-dev-lab,vf-hu-tr-dev-lab,vf-hu-tr-dev-bq-tempstorage,
OTHER_SOURCE_SYSTEMS,TIM_Customer,other_source_systems,tim_customer,tim_customer,tim_fusion_raw_to_raw,tim_fusion_insert_append,vf-hu-tr-dev-lab-cdf-1,europe-west1,gs://vfhu-trdh-rawingested-dmaap-devlab,decision,,tim_customer_recipe.txt,tim_customer_schema.txt,tim_customer,vf-hu-tr-dev-lab,vf-hu-tr-dev-lab,vf-hu-tr-dev-bq-tempstorage,
OTHER_SOURCE_SYSTEMS,TIM_DataField,other_source_systems,tim_datafield,tim_datafield,tim_fusion_raw_to_raw,tim_fusion_insert_append,vf-hu-tr-dev-lab-cdf-1,europe-west1,gs://vfhu-trdh-rawingested-dmaap-devlab,decision,,tim_datafield_recipe.txt,tim_datafield_schema.txt,tim_datafield,vf-hu-tr-dev-lab,vf-hu-tr-dev-lab,vf-hu-tr-dev-bq-tempstorage,
OTHER_SOURCE_SYSTEMS,TIM_DataFieldGroup,other_source_systems,tim_datafieldgroup,tim_datafieldgroup,tim_fusion_raw_to_raw,tim_fusion_insert_append,vf-hu-tr-dev-lab-cdf-1,europe-west1,gs://vfhu-trdh-rawingested-dmaap-devlab,decision,,tim_datafieldgroup_recipe.txt,tim_datafieldgroup_schema.txt,tim_datafieldgroup,vf-hu-tr-dev-lab,vf-hu-tr-dev-lab,vf-hu-tr-dev-bq-tempstorage,
OTHER_SOURCE_SYSTEMS,TIM_Dealer,other_source_systems,tim_dealer,tim_dealer,tim_fusion_raw_to_raw,tim_fusion_insert_append,vf-hu-tr-dev-lab-cdf-1,europe-west1,gs://vfhu-trdh-rawingested-dmaap-devlab,decision,,tim_dealer_recipe.txt,tim_dealer_schema.txt,tim_dealer,vf-hu-tr-dev-lab,vf-hu-tr-dev-lab,vf-hu-tr-dev-bq-tempstorage,
OTHER_SOURCE_SYSTEMS,TIM_Decision,other_source_systems,tim_decision,tim_decision,tim_fusion_raw_to_raw,tim_fusion_insert_append,vf-hu-tr-dev-lab-cdf-1,europe-west1,gs://vfhu-trdh-rawingested-dmaap-devlab,decision,,tim_decision_recipe.txt,tim_decision_schema.txt,tim_decision,vf-hu-tr-dev-lab,vf-hu-tr-dev-lab,vf-hu-tr-dev-bq-tempstorage,
OTHER_SOURCE_SYSTEMS,TIM_DeletedOrphanVetting,other_source_systems,tim_deletedorphanvetting,tim_deletedorphanvetting,tim_fusion_raw_to_raw,tim_fusion_insert_append,vf-hu-tr-dev-lab-cdf-1,europe-west1,gs://vfhu-trdh-rawingested-dmaap-devlab,decision,,tim_deletedorphanvetting_recipe.txt,tim_deletedorphanvetting_schema.txt,tim_deletedorphanvetting,vf-hu-tr-dev-lab,vf-hu-tr-dev-lab,vf-hu-tr-dev-bq-tempstorage,
OTHER_SOURCE_SYSTEMS,TIM_Device,other_source_systems,tim_device,tim_device,tim_fusion_raw_to_raw,tim_fusion_insert_append,vf-hu-tr-dev-lab-cdf-1,europe-west1,gs://vfhu-trdh-rawingested-dmaap-devlab,decision,,tim_device_recipe.txt,tim_device_schema.txt,tim_device,vf-hu-tr-dev-lab,vf-hu-tr-dev-lab,vf-hu-tr-dev-bq-tempstorage,
OTHER_SOURCE_SYSTEMS,TIM_DeviceCharacteristic,other_source_systems,tim_devicecharacteristic,tim_devicecharacteristic,tim_fusion_raw_to_raw,tim_fusion_insert_append,vf-hu-tr-dev-lab-cdf-1,europe-west1,gs://vfhu-trdh-rawingested-dmaap-devlab,decision,,tim_devicecharacteristic_recipe.txt,tim_devicecharacteristic_schema.txt,tim_devicecharacteristic,vf-hu-tr-dev-lab,vf-hu-tr-dev-lab,vf-hu-tr-dev-bq-tempstorage,
OTHER_SOURCE_SYSTEMS,TIM_DropdowmConfiguration,other_source_systems,tim_dropdowmconfiguration,tim_dropdowmconfiguration,tim_fusion_raw_to_raw,tim_fusion_insert_append,vf-hu-tr-dev-lab-cdf-1,europe-west1,gs://vfhu-trdh-rawingested-dmaap-devlab,decision,,tim_dropdowmconfiguration_recipe.txt,tim_dropdowmconfiguration_schema.txt,tim_dropdowmconfiguration,vf-hu-tr-dev-lab,vf-hu-tr-dev-lab,vf-hu-tr-dev-bq-tempstorage,
OTHER_SOURCE_SYSTEMS,TIM_ExternalDataCheck,other_source_systems,tim_externaldatacheck,tim_externaldatacheck,tim_fusion_raw_to_raw,tim_fusion_insert_append,vf-hu-tr-dev-lab-cdf-1,europe-west1,gs://vfhu-trdh-rawingested-dmaap-devlab,decision,,tim_externaldatacheck_recipe.txt,tim_externaldatacheck_schema.txt,tim_externaldatacheck,vf-hu-tr-dev-lab,vf-hu-tr-dev-lab,vf-hu-tr-dev-bq-tempstorage,
OTHER_SOURCE_SYSTEMS,TIM_ExternalDataCheckReason,other_source_systems,tim_externaldatacheckreason,tim_externaldatacheckreason,tim_fusion_raw_to_raw,tim_fusion_insert_append,vf-hu-tr-dev-lab-cdf-1,europe-west1,gs://vfhu-trdh-rawingested-dmaap-devlab,decision,,tim_externaldatacheckreason_recipe.txt,tim_externaldatacheckreason_schema.txt,tim_externaldatacheckreason,vf-hu-tr-dev-lab,vf-hu-tr-dev-lab,vf-hu-tr-dev-bq-tempstorage,
OTHER_SOURCE_SYSTEMS,TIM_Financial,other_source_systems,tim_financial,tim_financial,tim_fusion_raw_to_raw,tim_fusion_insert_append,vf-hu-tr-dev-lab-cdf-1,europe-west1,gs://vfhu-trdh-rawingested-dmaap-devlab,decision,,tim_financial_recipe.txt,tim_financial_schema.txt,tim_financial,vf-hu-tr-dev-lab,vf-hu-tr-dev-lab,vf-hu-tr-dev-bq-tempstorage,
OTHER_SOURCE_SYSTEMS,TIM_GirinfoAddress,other_source_systems,tim_girinfoaddress,tim_girinfoaddress,tim_fusion_raw_to_raw,tim_fusion_insert_append,vf-hu-tr-dev-lab-cdf-1,europe-west1,gs://vfhu-trdh-rawingested-dmaap-devlab,decision,,tim_girinfoaddress_recipe.txt,tim_girinfoaddress_schema.txt,tim_girinfoaddress,vf-hu-tr-dev-lab,vf-hu-tr-dev-lab,vf-hu-tr-dev-bq-tempstorage,
OTHER_SOURCE_SYSTEMS,TIM_GirinfoAddressData,other_source_systems,tim_girinfoaddressdata,tim_girinfoaddressdata,tim_fusion_raw_to_raw,tim_fusion_insert_append,vf-hu-tr-dev-lab-cdf-1,europe-west1,gs://vfhu-trdh-rawingested-dmaap-devlab,decision,,tim_girinfoaddressdata_recipe.txt,tim_girinfoaddressdata_schema.txt,tim_girinfoaddressdata,vf-hu-tr-dev-lab,vf-hu-tr-dev-lab,vf-hu-tr-dev-bq-tempstorage,
OTHER_SOURCE_SYSTEMS,TIM_GirinfoAddressReason,other_source_systems,tim_girinfoaddressreason,tim_girinfoaddressreason,tim_fusion_raw_to_raw,tim_fusion_insert_append,vf-hu-tr-dev-lab-cdf-1,europe-west1,gs://vfhu-trdh-rawingested-dmaap-devlab,decision,,tim_girinfoaddressreason_recipe.txt,tim_girinfoaddressreason_schema.txt,tim_girinfoaddressreason,vf-hu-tr-dev-lab,vf-hu-tr-dev-lab,vf-hu-tr-dev-bq-tempstorage,
OTHER_SOURCE_SYSTEMS,TIM_GirinfoIdentifierDocument,other_source_systems,tim_girinfoidentifierdocument,tim_girinfoidentifierdocument,tim_fusion_raw_to_raw,tim_fusion_insert_append,vf-hu-tr-dev-lab-cdf-1,europe-west1,gs://vfhu-trdh-rawingested-dmaap-devlab,decision,,tim_girinfoidentifierdocument_recipe.txt,tim_girinfoidentifierdocument_schema.txt,tim_girinfoidentifierdocument,vf-hu-tr-dev-lab,vf-hu-tr-dev-lab,vf-hu-tr-dev-bq-tempstorage,
OTHER_SOURCE_SYSTEMS,TIM_GirinfoPersonData,other_source_systems,tim_girinfopersondata,tim_girinfopersondata,tim_fusion_raw_to_raw,tim_fusion_insert_append,vf-hu-tr-dev-lab-cdf-1,europe-west1,gs://vfhu-trdh-rawingested-dmaap-devlab,decision,,tim_girinfopersondata_recipe.txt,tim_girinfopersondata_schema.txt,tim_girinfopersondata,vf-hu-tr-dev-lab,vf-hu-tr-dev-lab,vf-hu-tr-dev-bq-tempstorage,
OTHER_SOURCE_SYSTEMS,TIM_GirinfoPersonReason,other_source_systems,tim_girinfopersonreason,tim_girinfopersonreason,tim_fusion_raw_to_raw,tim_fusion_insert_append,vf-hu-tr-dev-lab-cdf-1,europe-west1,gs://vfhu-trdh-rawingested-dmaap-devlab,decision,,tim_girinfopersonreason_recipe.txt,tim_girinfopersonreason_schema.txt,tim_girinfopersonreason,vf-hu-tr-dev-lab,vf-hu-tr-dev-lab,vf-hu-tr-dev-bq-tempstorage,
OTHER_SOURCE_SYSTEMS,TIM_KekkhData,other_source_systems,tim_kekkhdata,tim_kekkhdata,tim_fusion_raw_to_raw,tim_fusion_insert_append,vf-hu-tr-dev-lab-cdf-1,europe-west1,gs://vfhu-trdh-rawingested-dmaap-devlab,decision,,tim_kekkhdata_recipe.txt,tim_kekkhdata_schema.txt,tim_kekkhdata,vf-hu-tr-dev-lab,vf-hu-tr-dev-lab,vf-hu-tr-dev-bq-tempstorage,
OTHER_SOURCE_SYSTEMS,TIM_DECISION_Person,other_source_systems,tim_decision_person,tim_decision_person,tim_fusion_raw_to_raw,tim_fusion_insert_append,vf-hu-tr-dev-lab-cdf-1,europe-west1,gs://vfhu-trdh-rawingested-dmaap-devlab,decision,,tim_person_recipe.txt,tim_person_schema.txt,tim_person,vf-hu-tr-dev-lab,vf-hu-tr-dev-lab,vf-hu-tr-dev-bq-tempstorage,
OTHER_SOURCE_SYSTEMS,TIM_DECISION_PreventelData,other_source_systems,tim_decision_preventeldata,tim_decision_preventeldata,tim_fusion_raw_to_raw,tim_fusion_insert_append,vf-hu-tr-dev-lab-cdf-1,europe-west1,gs://vfhu-trdh-rawingested-dmaap-devlab,decision,,tim_preventeldata_recipe.txt,tim_preventeldata_schema.txt,tim_preventeldata,vf-hu-tr-dev-lab,vf-hu-tr-dev-lab,vf-hu-tr-dev-bq-tempstorage,
OTHER_SOURCE_SYSTEMS,TIM_RiskGroup,other_source_systems,tim_riskgroup,tim_riskgroup,tim_fusion_raw_to_raw,tim_fusion_insert_append,vf-hu-tr-dev-lab-cdf-1,europe-west1,gs://vfhu-trdh-rawingested-dmaap-devlab,decision,,tim_riskgroup_recipe.txt,tim_riskgroup_schema.txt,tim_riskgroup,vf-hu-tr-dev-lab,vf-hu-tr-dev-lab,vf-hu-tr-dev-bq-tempstorage,
OTHER_SOURCE_SYSTEMS,TIM_Subscription,other_source_systems,tim_subscription,tim_subscription,tim_fusion_raw_to_raw,tim_fusion_insert_append,vf-hu-tr-dev-lab-cdf-1,europe-west1,gs://vfhu-trdh-rawingested-dmaap-devlab,decision,,tim_subscription_recipe.txt,tim_subscription_schema.txt,tim_subscription,vf-hu-tr-dev-lab,vf-hu-tr-dev-lab,vf-hu-tr-dev-bq-tempstorage,
OTHER_SOURCE_SYSTEMS,TIM_TestDecisionMatrixCellSelectionResult,other_source_systems,tim_testdecisionmatrixcellselectionresult,tim_testdecisionmatrixcellselectionresult,tim_fusion_raw_to_raw,tim_fusion_insert_append,vf-hu-tr-dev-lab-cdf-1,europe-west1,gs://vfhu-trdh-rawingested-dmaap-devlab,decision,,tim_testdecisionmatrixcellselectionresult_recipe.txt,tim_testdecisionmatrixcellselectionresult_schema.txt,tim_testdecisionmatrixcellselectionresult,vf-hu-tr-dev-lab,vf-hu-tr-dev-lab,vf-hu-tr-dev-bq-tempstorage,
OTHER_SOURCE_SYSTEMS,TIM_TestNodeSelectionResult,other_source_systems,tim_testnodeselectionresult,tim_testnodeselectionresult,tim_fusion_raw_to_raw,tim_fusion_insert_append,vf-hu-tr-dev-lab-cdf-1,europe-west1,gs://vfhu-trdh-rawingested-dmaap-devlab,decision,,tim_testnodeselectionresult_recipe.txt,tim_testnodeselectionresult_schema.txt,tim_testnodeselectionresult,vf-hu-tr-dev-lab,vf-hu-tr-dev-lab,vf-hu-tr-dev-bq-tempstorage,
OTHER_SOURCE_SYSTEMS,TIM_TestRiskGroupMatchResult,other_source_systems,tim_testriskgroupmatchresult,tim_testriskgroupmatchresult,tim_fusion_raw_to_raw,tim_fusion_insert_append,vf-hu-tr-dev-lab-cdf-1,europe-west1,gs://vfhu-trdh-rawingested-dmaap-devlab,decision,,tim_testriskgroupmatchresult_recipe.txt,tim_testriskgroupmatchresult_schema.txt,tim_testriskgroupmatchresult,vf-hu-tr-dev-lab,vf-hu-tr-dev-lab,vf-hu-tr-dev-bq-tempstorage,
OTHER_SOURCE_SYSTEMS,TIM_TestRiskGroupVettingItem,other_source_systems,tim_testriskgroupvettingitem,tim_testriskgroupvettingitem,tim_fusion_raw_to_raw,tim_fusion_insert_append,vf-hu-tr-dev-lab-cdf-1,europe-west1,gs://vfhu-trdh-rawingested-dmaap-devlab,decision,,tim_testriskgroupvettingitem_recipe.txt,tim_testriskgroupvettingitem_schema.txt,tim_testriskgroupvettingitem,vf-hu-tr-dev-lab,vf-hu-tr-dev-lab,vf-hu-tr-dev-bq-tempstorage,
OTHER_SOURCE_SYSTEMS,TIM_TestRound,other_source_systems,tim_testround,tim_testround,tim_fusion_raw_to_raw,tim_fusion_insert_append,vf-hu-tr-dev-lab-cdf-1,europe-west1,gs://vfhu-trdh-rawingested-dmaap-devlab,decision,,tim_testround_recipe.txt,tim_testround_schema.txt,tim_testround,vf-hu-tr-dev-lab,vf-hu-tr-dev-lab,vf-hu-tr-dev-bq-tempstorage,
OTHER_SOURCE_SYSTEMS,TIM_TestScoreCalculationDetail,other_source_systems,tim_testscorecalculationdetail,tim_testscorecalculationdetail,tim_fusion_raw_to_raw,tim_fusion_insert_append,vf-hu-tr-dev-lab-cdf-1,europe-west1,gs://vfhu-trdh-rawingested-dmaap-devlab,decision,,tim_testscorecalculationdetail_recipe.txt,tim_testscorecalculationdetail_schema.txt,tim_testscorecalculationdetail,vf-hu-tr-dev-lab,vf-hu-tr-dev-lab,vf-hu-tr-dev-bq-tempstorage,
OTHER_SOURCE_SYSTEMS,TIM_TestScoreCalculationResult,other_source_systems,tim_testscorecalculationresult,tim_testscorecalculationresult,tim_fusion_raw_to_raw,tim_fusion_insert_append,vf-hu-tr-dev-lab-cdf-1,europe-west1,gs://vfhu-trdh-rawingested-dmaap-devlab,decision,,tim_testscorecalculationresult_recipe.txt,tim_testscorecalculationresult_schema.txt,tim_testscorecalculationresult,vf-hu-tr-dev-lab,vf-hu-tr-dev-lab,vf-hu-tr-dev-bq-tempstorage,
OTHER_SOURCE_SYSTEMS,TIM_TestScoreCardVettingItem,other_source_systems,tim_testscorecardvettingitem,tim_testscorecardvettingitem,tim_fusion_raw_to_raw,tim_fusion_insert_append,vf-hu-tr-dev-lab-cdf-1,europe-west1,gs://vfhu-trdh-rawingested-dmaap-devlab,decision,,tim_testscorecardvettingitem_recipe.txt,tim_testscorecardvettingitem_schema.txt,tim_testscorecardvettingitem,vf-hu-tr-dev-lab,vf-hu-tr-dev-lab,vf-hu-tr-dev-bq-tempstorage,
OTHER_SOURCE_SYSTEMS,TIM_TestScoreTreeVettingItem,other_source_systems,tim_testscoretreevettingitem,tim_testscoretreevettingitem,tim_fusion_raw_to_raw,tim_fusion_insert_append,vf-hu-tr-dev-lab-cdf-1,europe-west1,gs://vfhu-trdh-rawingested-dmaap-devlab,decision,,tim_testscoretreevettingitem_recipe.txt,tim_testscoretreevettingitem_schema.txt,tim_testscoretreevettingitem,vf-hu-tr-dev-lab,vf-hu-tr-dev-lab,vf-hu-tr-dev-bq-tempstorage,
OTHER_SOURCE_SYSTEMS,TIM_TestZdpCalculationResult,other_source_systems,tim_testzdpcalculationresult,tim_testzdpcalculationresult,tim_fusion_raw_to_raw,tim_fusion_insert_append,vf-hu-tr-dev-lab-cdf-1,europe-west1,gs://vfhu-trdh-rawingested-dmaap-devlab,decision,,tim_testzdpcalculationresult_recipe.txt,tim_testzdpcalculationresult_schema.txt,tim_testzdpcalculationresult,vf-hu-tr-dev-lab,vf-hu-tr-dev-lab,vf-hu-tr-dev-bq-tempstorage,
OTHER_SOURCE_SYSTEMS,TIM_Vetting,other_source_systems,tim_vetting,tim_vetting,tim_fusion_raw_to_raw,tim_fusion_insert_append,vf-hu-tr-dev-lab-cdf-1,europe-west1,gs://vfhu-trdh-rawingested-dmaap-devlab,decision,,tim_vetting_recipe.txt,tim_vetting_schema.txt,tim_vetting,vf-hu-tr-dev-lab,vf-hu-tr-dev-lab,vf-hu-tr-dev-bq-tempstorage,
OTHER_SOURCE_SYSTEMS,TIM_VettingDeleteLog,other_source_systems,tim_vettingdeletelog,tim_vettingdeletelog,tim_fusion_raw_to_raw,tim_fusion_insert_append,vf-hu-tr-dev-lab-cdf-1,europe-west1,gs://vfhu-trdh-rawingested-dmaap-devlab,decision,,tim_vettingdeletelog_recipe.txt,tim_vettingdeletelog_schema.txt,tim_vettingdeletelog,vf-hu-tr-dev-lab,vf-hu-tr-dev-lab,vf-hu-tr-dev-bq-tempstorage,
OTHER_SOURCE_SYSTEMS,TIM_ZdpDecision,other_source_systems,tim_zdpdecision,tim_zdpdecision,tim_fusion_raw_to_raw,tim_fusion_insert_append,vf-hu-tr-dev-lab-cdf-1,europe-west1,gs://vfhu-trdh-rawingested-dmaap-devlab,decision,,tim_zdpdecision_recipe.txt,tim_zdpdecision_schema.txt,tim_zdpdecision,vf-hu-tr-dev-lab,vf-hu-tr-dev-lab,vf-hu-tr-dev-bq-tempstorage,
OTHER_SOURCE_SYSTEMS,TIM_GIRINFO_Address,other_source_systems,tim_girinfo_address,tim_girinfo_address,tim_fusion_raw_to_raw,tim_fusion_insert_append,vf-hu-tr-dev-lab-cdf-1,europe-west1,gs://vfhu-trdh-rawingested-dmaap-devlab,girinfo,,tim_address_recipe.txt,tim_address_schema.txt,tim_address,vf-hu-tr-dev-lab,vf-hu-tr-dev-lab,vf-hu-tr-dev-bq-tempstorage,
OTHER_SOURCE_SYSTEMS,TIM_AddressValidation,other_source_systems,tim_addressvalidation,tim_addressvalidation,tim_fusion_raw_to_raw,tim_fusion_insert_append,vf-hu-tr-dev-lab-cdf-1,europe-west1,gs://vfhu-trdh-rawingested-dmaap-devlab,girinfo,,tim_addressvalidation_recipe.txt,tim_addressvalidation_schema.txt,tim_addressvalidation,vf-hu-tr-dev-lab,vf-hu-tr-dev-lab,vf-hu-tr-dev-bq-tempstorage,
OTHER_SOURCE_SYSTEMS,TIM_AddressValidationResult,other_source_systems,tim_addressvalidationresult,tim_addressvalidationresult,tim_fusion_raw_to_raw,tim_fusion_insert_append,vf-hu-tr-dev-lab-cdf-1,europe-west1,gs://vfhu-trdh-rawingested-dmaap-devlab,girinfo,,tim_addressvalidationresult_recipe.txt,tim_addressvalidationresult_schema.txt,tim_addressvalidationresult,vf-hu-tr-dev-lab,vf-hu-tr-dev-lab,vf-hu-tr-dev-bq-tempstorage,
OTHER_SOURCE_SYSTEMS,TIM_IdDocument,other_source_systems,tim_iddocument,tim_iddocument,tim_fusion_raw_to_raw,tim_fusion_insert_append,vf-hu-tr-dev-lab-cdf-1,europe-west1,gs://vfhu-trdh-rawingested-dmaap-devlab,girinfo,,tim_iddocument_recipe.txt,tim_iddocument_schema.txt,tim_iddocument,vf-hu-tr-dev-lab,vf-hu-tr-dev-lab,vf-hu-tr-dev-bq-tempstorage,
OTHER_SOURCE_SYSTEMS,TIM_PersonValidation,other_source_systems,tim_personvalidation,tim_personvalidation,tim_fusion_raw_to_raw,tim_fusion_insert_append,vf-hu-tr-dev-lab-cdf-1,europe-west1,gs://vfhu-trdh-rawingested-dmaap-devlab,girinfo,,tim_personvalidation_recipe.txt,tim_personvalidation_schema.txt,tim_personvalidation,vf-hu-tr-dev-lab,vf-hu-tr-dev-lab,vf-hu-tr-dev-bq-tempstorage,
OTHER_SOURCE_SYSTEMS,TIM_PersonValidationResult,other_source_systems,tim_personvalidationresult,tim_personvalidationresult,tim_fusion_raw_to_raw,tim_fusion_insert_append,vf-hu-tr-dev-lab-cdf-1,europe-west1,gs://vfhu-trdh-rawingested-dmaap-devlab,girinfo,,tim_personvalidationresult_recipe.txt,tim_personvalidationresult_schema.txt,tim_personvalidationresult,vf-hu-tr-dev-lab,vf-hu-tr-dev-lab,vf-hu-tr-dev-bq-tempstorage,
OTHER_SOURCE_SYSTEMS,TIM_DocumentValidation,other_source_systems,tim_documentvalidation,tim_documentvalidation,tim_fusion_raw_to_raw,tim_fusion_insert_append,vf-hu-tr-dev-lab-cdf-1,europe-west1,gs://vfhu-trdh-rawingested-dmaap-devlab,kekkh,,tim_documentvalidation_recipe.txt,tim_documentvalidation_schema.txt,tim_documentvalidation,vf-hu-tr-dev-lab,vf-hu-tr-dev-lab,vf-hu-tr-dev-bq-tempstorage,
OTHER_SOURCE_SYSTEMS,TIM_PreventelData,other_source_systems,tim_preventeldata,tim_preventeldata,tim_fusion_raw_to_raw,tim_fusion_insert_append,vf-hu-tr-dev-lab-cdf-1,europe-west1,gs://vfhu-trdh-rawingested-dmaap-devlab,preventel,,tim_preventeldata_recipe.txt,tim_preventeldata_schema.txt,tim_preventeldata,vf-hu-tr-dev-lab,vf-hu-tr-dev-lab,vf-hu-tr-dev-bq-tempstorage,
