Owner,TableName,Dimension/Fact,Primary Key Column,Incremental Identifier Column,Historical Data ,Insert Mechanism,Merge Key,Comment
BISNODE,Address,Dimension,Id,Address.BusinessDateId=BusinessDate.Id and Responsedate>=Datecondition,NO INITIAL LOAD Required,INSERT_APPEND,NA,
BISNODE,BusinessData,Fact,Id,ResponseDate,NO INITIAL LOAD Required,INSERT_APPEND,NA,
BISNODE,BusinessDataRequest,Fact,Id,BusinessDateRequest.BusinessDateId=BusinessDate.Id and Responsedate>=Datecondition,NO INITIAL LOAD Required,INSERT_APPEND,NA,
BISNODE,Company,Dimension,Id,Company.BusinessDateId=BusinessDate.Id and Responsedate>=Datecondition,NO INITIAL LOAD Required,INSERT_APPEND,NA,
BISNODE,NegativeEvent,,Id,NegativeEvent.BusinessDataLastNegativeEventId=BusinessDate.Id and Responsedate>=Datecondition,NO INITIAL LOAD Required,INSERT_APPEND,NA,
BISNODE,Person,Dimension,Id,Person.BusinessDateId=BusinessDate.Id and Responsedate>=Datecondition,NO INITIAL LOAD Required,INSERT_APPEND,NA,
BISNODE,PersonDataRequest,Fact,Id,PersonDataRequest. PersonDataResultId = Persondataresult.Id and responsedate>=(date_condition),NO INITIAL LOAD Required,INSERT_APPEND,NA,
BISNODE,PersonDataResult,Fact,Id,ResponseDate,NO INITIAL LOAD Required,INSERT_APPEND,NA,
BISNODE,Rating,Dimension,Id,Rating.BusinessDateId=BusinessDate.Id and Responsedate>=Datecondition,NO INITIAL LOAD Required,INSERT_APPEND,NA,
DECISION,Address,Dimension,Id,Address.Vetting_Id=Vetting.Id and Vetting.Response_date>=(Date_Condition),NO INITIAL LOAD Required,INSERT_APPEND,NA,
DECISION,BisnodeAddress,Dimension,Id,NA,NO INITIAL LOAD Required,TRUNCATE LOAD,NA,
DECISION,BisnodeBusinessData,Fact,Id,Address.Vetting_Id=Vetting.Id and Vetting.Response_date>=(Date_Condition),NO INITIAL LOAD Required,INSERT_APPEND,NA,
DECISION,BisnodeConnectedCompany,Dimension,Id,NA,NO INITIAL LOAD Required,TRUNCATE LOAD,NA,
DECISION,BisnodeNegativeEvent,Fact,Id,NA,NO INITIAL LOAD Required,TRUNCATE LOAD,NA,
DECISION,BisnodePersonData,Fact,Id,NA,NO INITIAL LOAD Required,TRUNCATE LOAD,NA,
DECISION,BisnodeSignatory,Fact,Id,NA,NO INITIAL LOAD Required,TRUNCATE LOAD,NA,
DECISION,BWListData,Dimension,Id,Address.Vetting_Id=Vetting.Id and Vetting.Response_date>=(Date_Condition),NO INITIAL LOAD Required,INSERT_APPEND,NA,
DECISION,CollectionConfiguration,Dimension,Id,NA,NO INITIAL LOAD Required,TRUNCATE LOAD,NA,
DECISION,Company,Dimension,Id,Address.Vetting_Id=Vetting.Id and Vetting.Response_date>=(Date_Condition),NO INITIAL LOAD Required,INSERT_APPEND,NA,
DECISION,Contact,Dimension,Id,Address.Vetting_Id=Vetting.Id and Vetting.Response_date>=(Date_Condition),NO INITIAL LOAD Required,INSERT_APPEND,NA,
DECISION,ControlGroupCounter,Dimension,Not Defined,NA,NO INITIAL LOAD Required,TRUNCATE LOAD,NA,
DECISION,Customer,Dimension,Id,Address.Vetting_Id=Vetting.Id and Vetting.Response_date>=(Date_Condition),NO INITIAL LOAD Required,INSERT_APPEND,NA,
DECISION,DataField,Dimension,Id,NA,NO INITIAL LOAD Required,TRUNCATE LOAD,NA,
DECISION,DataFieldGroup,Dimension,Id,NA,NO INITIAL LOAD Required,TRUNCATE LOAD,NA,
DECISION,Dealer,Dimension,Id,Address.Vetting_Id=Vetting.Id and Vetting.Response_date>=(Date_Condition),NO INITIAL LOAD Required,INSERT_APPEND,NA,
DECISION,Decision,Fact,Id,Address.Vetting_Id=Vetting.Id and Vetting.Response_date>=(Date_Condition),NO INITIAL LOAD Required,INSERT_APPEND,NA,
DECISION,DeletedOrphanVetting,,Not Defined,Address.Vetting_Id=Vetting.Id and Vetting.Response_date>=(Date_Condition),NO INITIAL LOAD Required,INSERT_APPEND,NA,
DECISION,Device,Dimension,Id,Address.Vetting_Id=Vetting.Id and Vetting.Response_date>=(Date_Condition),NO INITIAL LOAD Required,INSERT_APPEND,NA,
DECISION,DeviceCharacteristic,Dimension,Id,NA,NO INITIAL LOAD Required,TRUNCATE LOAD,NA,
DECISION,DropdownConfiguration,Dimension,Id,NA,NO INITIAL LOAD Required,TRUNCATE LOAD,NA,
DECISION,ExternalDataCheck,,Id,Address.Vetting_Id=Vetting.Id and Vetting.Response_date>=(Date_Condition),NO INITIAL LOAD Required,INSERT_APPEND,NA,
DECISION,ExternalDataCheckReason,Dimension,Id,NA,NO INITIAL LOAD Required,TRUNCATE LOAD,NA,
DECISION,Financial,Fact,Id,Address.Vetting_Id=Vetting.Id and Vetting.Response_date>=(Date_Condition),NO INITIAL LOAD Required,INSERT_APPEND,NA,
DECISION,GirinfoAddress,Dimension,Id,NA,NO INITIAL LOAD Required,TRUNCATE LOAD,NA,
DECISION,GirinfoAddressData,Fact,Id,NA,NO INITIAL LOAD Required,TRUNCATE LOAD,NA,
DECISION,GirinfoAddressReason,Dimension,Id,NA,NO INITIAL LOAD Required,TRUNCATE LOAD,NA,
DECISION,GirinfoIdentifierDocument,Dimension,Id,NA,NO INITIAL LOAD Required,TRUNCATE LOAD,NA,
DECISION,GirinfoPersonData,Dimension,Id,ResponseDate,NO INITIAL LOAD Required,INSERT_APPEND,NA,
DECISION,GirinfoPersonReason,Dimension,Id,NA,NO INITIAL LOAD Required,TRUNCATE LOAD,NA,
DECISION,KekkhData,Fact,Id,ResponseDate,NO INITIAL LOAD Required,INSERT_APPEND,NA,
DECISION,Person,Fact,Id,Address.Vetting_Id=Vetting.Id and Vetting.Response_date>=(Date_Condition),NO INITIAL LOAD Required,INSERT_APPEND,NA,
DECISION,PreventelData,Fact,Id,ResponseDate,NO INITIAL LOAD Required,INSERT_APPEND,NA,
DECISION,RiskGroup,Fact,Id,Address.Vetting_Id=Vetting.Id and Vetting.Response_date>=(Date_Condition),NO INITIAL LOAD Required,INSERT_APPEND,NA,
DECISION,Subscription,Fact,Id,Address.Vetting_Id=Vetting.Id and Vetting.Response_date>=(Date_Condition),NO INITIAL LOAD Required,INSERT_APPEND,NA,
DECISION,TestDecisionMatrixCellSelectionResult,Fact,Id,NA,NO INITIAL LOAD Required,TRUNCATE LOAD,NA,
DECISION,TestNodeSelectionResult,Fact,Id,NA,NO INITIAL LOAD Required,TRUNCATE LOAD,NA,
DECISION,TestRiskGroupMatchResult,Fact,Id,NA,NO INITIAL LOAD Required,TRUNCATE LOAD,NA,
DECISION,TestRiskGroupVettingItem,Fact,Id,Address.Vetting_Id=Vetting.Id and Vetting.Response_date>=(Date_Condition),NO INITIAL LOAD Required,INSERT_APPEND,NA,
DECISION,TestRound,Dimension,Id,NA,NO INITIAL LOAD Required,TRUNCATE LOAD,NA,
DECISION,TestScoreCalculationDetail,Fact,Id,NA,NO INITIAL LOAD Required,TRUNCATE LOAD,NA,
DECISION,TestScoreCalculationResult,Fact,Id,NA,NO INITIAL LOAD Required,TRUNCATE LOAD,NA,
DECISION,TestScoreCardVettingItem,Dimension,Id,Address.Vetting_Id=Vetting.Id and Vetting.Response_date>=(Date_Condition),NO INITIAL LOAD Required,INSERT_APPEND,NA,
DECISION,TestScoreTreeVettingItem,Dimension,Id,Address.Vetting_Id=Vetting.Id and Vetting.Response_date>=(Date_Condition),NO INITIAL LOAD Required,INSERT_APPEND,NA,
DECISION,TestZdpCalculationResult,Dimension,Id,NA,NO INITIAL LOAD Required,TRUNCATE LOAD,NA,
DECISION,Vetting,Fact,Id,ResponseDate,NO INITIAL LOAD Required,INSERT_APPEND,NA,
DECISION,VettingDeleteLog,Fact,Id,To Be Confirmed,NO INITIAL LOAD Required,TRUNCATE LOAD,To Be Confirmed,
DECISION,ZdpDecision,Dimension,Id,Address.Vetting_Id=Vetting.Id and Vetting.Response_date>=(Date_Condition),NO INITIAL LOAD Required,INSERT_APPEND,NA,
GIRINFO,Address,Dimension,Id, Address.AddressValidationResultId = AddressValidationResult.Id and AddressValidationResult.responsedate>=(Date_condition),NO INITIAL LOAD Required,INSERT_APPEND,NA,
GIRINFO,AddressValidation,Fact,Id, AddressValidation.AddressValidationResultId = AddressValidationResult.Id and AddressValidationResult.responsedate>=(Date_condition),NO INITIAL LOAD Required,INSERT_APPEND,NA,
GIRINFO,AddressValidationResult,Fact,Id,ResponseDate,NO INITIAL LOAD Required,INSERT_APPEND,NA,
GIRINFO,IdDocument,Fact,Not Defined, Iddocument.PersonValidationResultId = PersonValidationResult.Id and PersonValidationResult.responsedate>=(Date_condition),NO INITIAL LOAD Required,INSERT_APPEND,NA,
GIRINFO,PersonValidation,Fact,Not Defined, PersonValidation.PersonValidationResultId = PersonValidationResult.Id and PersonValidationResult.responsedate>=(Date_condition),NO INITIAL LOAD Required,INSERT_APPEND,NA,
GIRINFO,PersonValidationResult,Fact,Id,ResponseDate,NO INITIAL LOAD Required,INSERT_APPEND,NA,
KEKKH,DocumentValidation,Fact,Id,ResponseDate,NO INITIAL LOAD Required,INSERT_APPEND,NA,
PREVENTEL,PreventelData,Fact,Id,ResponseDate,NO INITIAL LOAD Required,INSERT_APPEND,NA,
