bq.dataset,TARGET_TABLE_NAME,bq.dataset (Lower),Lower Table Name,file_name,raw_raw_pipeline_name,raw_curation_pipeline_name,instance_name,location, runtime_args:GCS_Input_Path(Bucket Name), runtime_args:GCS_Input_Path(owner), runtime_args:GCS_Input_Path(Schema),recipe,schema,bq.table,gcs.project,bq.project,bq.TempStorage, runtime_args: header
CCSS,ACTIVITY,ccss,activity,activity,upc22_fusion_raw_to_raw,upc22_fusion_insert_append,vf-hu-tr-dev-lab-cdf-1,europe-west1,gs://vfhu-trdh-rawingested-dmaap-devlab,upc,ccss,activity_recipe.txt,activity_schema.txt,activity,vf-hu-tr-dev-lab,vf-hu-tr-dev-lab,vf-hu-tr-dev-bq-tempstorage,
CCSS,ACTIVITY_DOC_TEMPLATES,ccss,activity_doc_templates,activity_doc_templates,upc22_fusion_raw_to_raw,upc22_fusion_insert_append,vf-hu-tr-dev-lab-cdf-1,europe-west1,gs://vfhu-trdh-rawingested-dmaap-devlab,upc,ccss,activity_doc_templates_recipe.txt,activity_doc_templates_schema.txt,activity_doc_templates,vf-hu-tr-dev-lab,vf-hu-tr-dev-lab,vf-hu-tr-dev-bq-tempstorage,
CCSS,ACTIVITY_VERSION,ccss,activity_version,activity_version,upc22_fusion_raw_to_raw,upc22_fusion_insert_append,vf-hu-tr-dev-lab-cdf-1,europe-west1,gs://vfhu-trdh-rawingested-dmaap-devlab,upc,ccss,activity_version_recipe.txt,activity_version_schema.txt,activity_version,vf-hu-tr-dev-lab,vf-hu-tr-dev-lab,vf-hu-tr-dev-bq-tempstorage,
COSMOSS_BRIOQRY,CM_BILL01,cosmoss_brioqry,cm_bill01,cm_bill01,upc22_fusion_raw_to_raw,upc22_fusion_insert_append,vf-hu-tr-dev-lab-cdf-1,europe-west1,gs://vfhu-trdh-rawingested-dmaap-devlab,upc,cosmoss_brioqry,cm_bill01_recipe.txt,cm_bill01_schema.txt,cm_bill01,vf-hu-tr-dev-lab,vf-hu-tr-dev-lab,vf-hu-tr-dev-bq-tempstorage,
COSMOSS_BRIOQRY,CM_BILL01A,cosmoss_brioqry,cm_bill01a,cm_bill01a,upc22_fusion_raw_to_raw,upc22_fusion_insert_append,vf-hu-tr-dev-lab-cdf-1,europe-west1,gs://vfhu-trdh-rawingested-dmaap-devlab,upc,cosmoss_brioqry,cm_bill01a_recipe.txt,cm_bill01a_schema.txt,cm_bill01a,vf-hu-tr-dev-lab,vf-hu-tr-dev-lab,vf-hu-tr-dev-bq-tempstorage,
COSMOSS_BRIOQRY,CM_BILL02,cosmoss_brioqry,cm_bill02,cm_bill02,upc22_fusion_raw_to_raw,upc22_fusion_insert_append,vf-hu-tr-dev-lab-cdf-1,europe-west1,gs://vfhu-trdh-rawingested-dmaap-devlab,upc,cosmoss_brioqry,cm_bill02_recipe.txt,cm_bill02_schema.txt,cm_bill02,vf-hu-tr-dev-lab,vf-hu-tr-dev-lab,vf-hu-tr-dev-bq-tempstorage,
COSMOSS_BRIOQRY,CM_BILL02A,cosmoss_brioqry,cm_bill02a,cm_bill02a,upc22_fusion_raw_to_raw,upc22_fusion_insert_append,vf-hu-tr-dev-lab-cdf-1,europe-west1,gs://vfhu-trdh-rawingested-dmaap-devlab,upc,cosmoss_brioqry,cm_bill02a_recipe.txt,cm_bill02a_schema.txt,cm_bill02a,vf-hu-tr-dev-lab,vf-hu-tr-dev-lab,vf-hu-tr-dev-bq-tempstorage,
COSMOSS_BRIOQRY,CM_CALL270,cosmoss_brioqry,cm_call270,cm_call270,upc22_fusion_raw_to_raw,upc22_fusion_insert_append,vf-hu-tr-dev-lab-cdf-1,europe-west1,gs://vfhu-trdh-rawingested-dmaap-devlab,upc,cosmoss_brioqry,cm_call270_recipe.txt,cm_call270_schema.txt,cm_call270,vf-hu-tr-dev-lab,vf-hu-tr-dev-lab,vf-hu-tr-dev-bq-tempstorage,
COSMOSS_UPETYAOBJ,CM_CRM_270,cosmoss_upetyaobj,cm_crm_270,cm_crm_270,upc22_fusion_raw_to_raw,upc22_fusion_insert_append,vf-hu-tr-dev-lab-cdf-1,europe-west1,gs://vfhu-trdh-rawingested-dmaap-devlab,upc,cosmoss_upetyaobj,cm_crm_270_recipe.txt,cm_crm_270_schema.txt,cm_crm_270,vf-hu-tr-dev-lab,vf-hu-tr-dev-lab,vf-hu-tr-dev-bq-tempstorage,
WIZARD_KOZOS_MARK,CM_CRM_HIST,wizard_kozos_mark,cm_crm_hist,cm_crm_hist,upc22_fusion_raw_to_raw,upc22_fusion_insert_append,vf-hu-tr-dev-lab-cdf-1,europe-west1,gs://vfhu-trdh-rawingested-dmaap-devlab,upc,wizard_kozos_mark,cm_crm_hist_recipe.txt,cm_crm_hist_schema.txt,cm_crm_hist,vf-hu-tr-dev-lab,vf-hu-tr-dev-lab,vf-hu-tr-dev-bq-tempstorage,
COSMOSS_BRIOQRY,CM_PRD_270,cosmoss_brioqry,cm_prd_270,cm_prd_270,upc22_fusion_raw_to_raw,upc22_fusion_insert_append,vf-hu-tr-dev-lab-cdf-1,europe-west1,gs://vfhu-trdh-rawingested-dmaap-devlab,upc,cosmoss_brioqry,cm_prd_270_recipe.txt,cm_prd_270_schema.txt,cm_prd_270,vf-hu-tr-dev-lab,vf-hu-tr-dev-lab,vf-hu-tr-dev-bq-tempstorage,
COSMOSS_BRIOQRY,CM_PRDA,cosmoss_brioqry,cm_prda,cm_prda,upc22_fusion_raw_to_raw,upc22_fusion_insert_append,vf-hu-tr-dev-lab-cdf-1,europe-west1,gs://vfhu-trdh-rawingested-dmaap-devlab,upc,cosmoss_brioqry,cm_prda_recipe.txt,cm_prda_schema.txt,cm_prda,vf-hu-tr-dev-lab,vf-hu-tr-dev-lab,vf-hu-tr-dev-bq-tempstorage,
CCSS,CONTACT_REMARKS,ccss,contact_remarks,contact_remarks,upc22_fusion_raw_to_raw,upc22_fusion_insert_append,vf-hu-tr-dev-lab-cdf-1,europe-west1,gs://vfhu-trdh-rawingested-dmaap-devlab,upc,ccss,contact_remarks_recipe.txt,contact_remarks_schema.txt,contact_remarks,vf-hu-tr-dev-lab,vf-hu-tr-dev-lab,vf-hu-tr-dev-bq-tempstorage,
CCSS,CONTACT_STATUS,ccss,contact_status,contact_status,upc22_fusion_raw_to_raw,upc22_fusion_insert_append,vf-hu-tr-dev-lab-cdf-1,europe-west1,gs://vfhu-trdh-rawingested-dmaap-devlab,upc,ccss,contact_status_recipe.txt,contact_status_schema.txt,contact_status,vf-hu-tr-dev-lab,vf-hu-tr-dev-lab,vf-hu-tr-dev-bq-tempstorage,
CCSS,CONTACT_TYPE,ccss,contact_type,contact_type,upc22_fusion_raw_to_raw,upc22_fusion_insert_append,vf-hu-tr-dev-lab-cdf-1,europe-west1,gs://vfhu-trdh-rawingested-dmaap-devlab,upc,ccss,contact_type_recipe.txt,contact_type_schema.txt,contact_type,vf-hu-tr-dev-lab,vf-hu-tr-dev-lab,vf-hu-tr-dev-bq-tempstorage,
CPE11.UPC.HU_ADMIN,CTO247_CPE_SWAP,cpe11.upc.hu_admin,cto247_cpe_swap,cto247_cpe_swap,upc22_fusion_raw_to_raw,upc22_fusion_insert_append,vf-hu-tr-dev-lab-cdf-1,europe-west1,gs://vfhu-trdh-rawingested-dmaap-devlab,upc,cpe11.upc.hu_admin,cto247_cpe_swap_recipe.txt,cto247_cpe_swap_schema.txt,cto247_cpe_swap,vf-hu-tr-dev-lab,vf-hu-tr-dev-lab,vf-hu-tr-dev-bq-tempstorage,
CPE11.UPC.HU_ADMIN,CTO247_CPE_SWAP_PROACTIVE,cpe11.upc.hu_admin,cto247_cpe_swap_proactive,cto247_cpe_swap_proactive,upc22_fusion_raw_to_raw,upc22_fusion_insert_append,vf-hu-tr-dev-lab-cdf-1,europe-west1,gs://vfhu-trdh-rawingested-dmaap-devlab,upc,cpe11.upc.hu_admin,cto247_cpe_swap_proactive_recipe.txt,cto247_cpe_swap_proactive_schema.txt,cto247_cpe_swap_proactive,vf-hu-tr-dev-lab,vf-hu-tr-dev-lab,vf-hu-tr-dev-bq-tempstorage,
CCSS,CUSTOMER_PERSON,ccss,customer_person,customer_person,upc22_fusion_raw_to_raw,upc22_fusion_insert_append,vf-hu-tr-dev-lab-cdf-1,europe-west1,gs://vfhu-trdh-rawingested-dmaap-devlab,upc,ccss,customer_person_recipe.txt,customer_person_schema.txt,customer_person,vf-hu-tr-dev-lab,vf-hu-tr-dev-lab,vf-hu-tr-dev-bq-tempstorage,
CPE11.UPC.HU_ADMIN,DEVICE,cpe11.upc.hu_admin,device,device,upc22_fusion_raw_to_raw,upc22_fusion_insert_append,vf-hu-tr-dev-lab-cdf-1,europe-west1,gs://vfhu-trdh-rawingested-dmaap-devlab,upc,cpe11.upc.hu_admin,device_recipe.txt,device_schema.txt,device,vf-hu-tr-dev-lab,vf-hu-tr-dev-lab,vf-hu-tr-dev-bq-tempstorage,
CPE11.UPC.HU_ADMIN,DEVICE_PROPERTY,cpe11.upc.hu_admin,device_property,device_property,upc22_fusion_raw_to_raw,upc22_fusion_insert_append,vf-hu-tr-dev-lab-cdf-1,europe-west1,gs://vfhu-trdh-rawingested-dmaap-devlab,upc,cpe11.upc.hu_admin,device_property_recipe.txt,device_property_schema.txt,device_property,vf-hu-tr-dev-lab,vf-hu-tr-dev-lab,vf-hu-tr-dev-bq-tempstorage,
CPE11.UPC.HU_ADMIN,DEVICE_TYPE,cpe11.upc.hu_admin,device_type,device_type,upc22_fusion_raw_to_raw,upc22_fusion_insert_append,vf-hu-tr-dev-lab-cdf-1,europe-west1,gs://vfhu-trdh-rawingested-dmaap-devlab,upc,cpe11.upc.hu_admin,device_type_recipe.txt,device_type_schema.txt,device_type,vf-hu-tr-dev-lab,vf-hu-tr-dev-lab,vf-hu-tr-dev-bq-tempstorage,
CCSS,DIARY,ccss,diary,diary,upc22_fusion_raw_to_raw,upc22_fusion_insert_append,vf-hu-tr-dev-lab-cdf-1,europe-west1,gs://vfhu-trdh-rawingested-dmaap-devlab,upc,ccss,diary_recipe.txt,diary_schema.txt,diary,vf-hu-tr-dev-lab,vf-hu-tr-dev-lab,vf-hu-tr-dev-bq-tempstorage,
CCSS,DOC_TEMPLATES,ccss,doc_templates,doc_templates,upc22_fusion_raw_to_raw,upc22_fusion_insert_append,vf-hu-tr-dev-lab-cdf-1,europe-west1,gs://vfhu-trdh-rawingested-dmaap-devlab,upc,ccss,doc_templates_recipe.txt,doc_templates_schema.txt,doc_templates,vf-hu-tr-dev-lab,vf-hu-tr-dev-lab,vf-hu-tr-dev-bq-tempstorage,
CCSS,DOCUMENT_CONTACT,ccss,document_contact,document_contact,upc22_fusion_raw_to_raw,upc22_fusion_insert_append,vf-hu-tr-dev-lab-cdf-1,europe-west1,gs://vfhu-trdh-rawingested-dmaap-devlab,upc,ccss,document_contact_recipe.txt,document_contact_schema.txt,document_contact,vf-hu-tr-dev-lab,vf-hu-tr-dev-lab,vf-hu-tr-dev-bq-tempstorage,
CCSS,DOCUMENT_TYPE,ccss,document_type,document_type,upc22_fusion_raw_to_raw,upc22_fusion_insert_append,vf-hu-tr-dev-lab-cdf-1,europe-west1,gs://vfhu-trdh-rawingested-dmaap-devlab,upc,ccss,document_type_recipe.txt,document_type_schema.txt,document_type,vf-hu-tr-dev-lab,vf-hu-tr-dev-lab,vf-hu-tr-dev-bq-tempstorage,
CCSS,DOCUMENTS,ccss,documents,documents,upc22_fusion_raw_to_raw,upc22_fusion_insert_append,vf-hu-tr-dev-lab-cdf-1,europe-west1,gs://vfhu-trdh-rawingested-dmaap-devlab,upc,ccss,documents_recipe.txt,documents_schema.txt,documents,vf-hu-tr-dev-lab,vf-hu-tr-dev-lab,vf-hu-tr-dev-bq-tempstorage,
COSMOSS_UPETYAOBJ,ELSOCIM,cosmoss_upetyaobj,elsocim,elsocim,upc22_fusion_raw_to_raw,upc22_fusion_insert_append,vf-hu-tr-dev-lab-cdf-1,europe-west1,gs://vfhu-trdh-rawingested-dmaap-devlab,upc,cosmoss_upetyaobj,elsocim_recipe.txt,elsocim_schema.txt,elsocim,vf-hu-tr-dev-lab,vf-hu-tr-dev-lab,vf-hu-tr-dev-bq-tempstorage,
COSMOSS_UPETYAOBJ,ELSOCIM250,cosmoss_upetyaobj,elsocim250,elsocim250,upc22_fusion_raw_to_raw,upc22_fusion_insert_append,vf-hu-tr-dev-lab-cdf-1,europe-west1,gs://vfhu-trdh-rawingested-dmaap-devlab,upc,cosmoss_upetyaobj,elsocim250_recipe.txt,elsocim250_schema.txt,elsocim250,vf-hu-tr-dev-lab,vf-hu-tr-dev-lab,vf-hu-tr-dev-bq-tempstorage,
CCSS,GROUPS,ccss,groups,groups,upc22_fusion_raw_to_raw,upc22_fusion_insert_append,vf-hu-tr-dev-lab-cdf-1,europe-west1,gs://vfhu-trdh-rawingested-dmaap-devlab,upc,ccss,groups_recipe.txt,groups_schema.txt,groups,vf-hu-tr-dev-lab,vf-hu-tr-dev-lab,vf-hu-tr-dev-bq-tempstorage,
COSMOSS_BRIOQRY,HR250_603,cosmoss_brioqry,hr250_603,hr250_603,upc22_fusion_raw_to_raw,upc22_fusion_insert_append,vf-hu-tr-dev-lab-cdf-1,europe-west1,gs://vfhu-trdh-rawingested-dmaap-devlab,upc,cosmoss_brioqry,hr250_603_recipe.txt,hr250_603_schema.txt,hr250_603,vf-hu-tr-dev-lab,vf-hu-tr-dev-lab,vf-hu-tr-dev-bq-tempstorage,
COSMOSS_BRIOQRY,HR250_731,cosmoss_brioqry,hr250_731,hr250_731,upc22_fusion_raw_to_raw,upc22_fusion_insert_append,vf-hu-tr-dev-lab-cdf-1,europe-west1,gs://vfhu-trdh-rawingested-dmaap-devlab,upc,cosmoss_brioqry,hr250_731_recipe.txt,hr250_731_schema.txt,hr250_731,vf-hu-tr-dev-lab,vf-hu-tr-dev-lab,vf-hu-tr-dev-bq-tempstorage,
COSMOSS_BRIOQRY,HR250_741,cosmoss_brioqry,hr250_741,hr250_741,upc22_fusion_raw_to_raw,upc22_fusion_insert_append,vf-hu-tr-dev-lab-cdf-1,europe-west1,gs://vfhu-trdh-rawingested-dmaap-devlab,upc,cosmoss_brioqry,hr250_741_recipe.txt,hr250_741_schema.txt,hr250_741,vf-hu-tr-dev-lab,vf-hu-tr-dev-lab,vf-hu-tr-dev-bq-tempstorage,
CPE11.UPC.HU_ADMIN,KOP_CTO242_BERENDEESEK,cpe11.upc.hu_admin,kop_cto242_berendeesek,kop_cto242_berendeesek,upc22_fusion_raw_to_raw,upc22_fusion_insert_append,vf-hu-tr-dev-lab-cdf-1,europe-west1,gs://vfhu-trdh-rawingested-dmaap-devlab,upc,cpe11.upc.hu_admin,kop_cto242_berendeesek_recipe.txt,kop_cto242_berendeesek_schema.txt,kop_cto242_berendeesek,vf-hu-tr-dev-lab,vf-hu-tr-dev-lab,vf-hu-tr-dev-bq-tempstorage,
COSMOSS_ACOUT2,KOROS200_1,cosmoss_acout2,koros200_1,koros200_1,upc22_fusion_raw_to_raw,upc22_fusion_insert_append,vf-hu-tr-dev-lab-cdf-1,europe-west1,gs://vfhu-trdh-rawingested-dmaap-devlab,upc,cosmoss_acout2,koros200_1_recipe.txt,koros200_1_schema.txt,koros200_1,vf-hu-tr-dev-lab,vf-hu-tr-dev-lab,vf-hu-tr-dev-bq-tempstorage,
COSMOSS_ACOUT2,KOROS250_1,cosmoss_acout2,koros250_1,koros250_1,upc22_fusion_raw_to_raw,upc22_fusion_insert_append,vf-hu-tr-dev-lab-cdf-1,europe-west1,gs://vfhu-trdh-rawingested-dmaap-devlab,upc,cosmoss_acout2,koros250_1_recipe.txt,koros250_1_schema.txt,koros250_1,vf-hu-tr-dev-lab,vf-hu-tr-dev-lab,vf-hu-tr-dev-bq-tempstorage,
COSMOSS_UPETYAOBJ,KOZTER,cosmoss_upetyaobj,kozter,kozter,upc22_fusion_raw_to_raw,upc22_fusion_insert_append,vf-hu-tr-dev-lab-cdf-1,europe-west1,gs://vfhu-trdh-rawingested-dmaap-devlab,upc,cosmoss_upetyaobj,kozter_recipe.txt,kozter_schema.txt,kozter,vf-hu-tr-dev-lab,vf-hu-tr-dev-lab,vf-hu-tr-dev-bq-tempstorage,
COSMOSS_UPETYAOBJ,KOZTER250,cosmoss_upetyaobj,kozter250,kozter250,upc22_fusion_raw_to_raw,upc22_fusion_insert_append,vf-hu-tr-dev-lab-cdf-1,europe-west1,gs://vfhu-trdh-rawingested-dmaap-devlab,upc,cosmoss_upetyaobj,kozter250_recipe.txt,kozter250_schema.txt,kozter250,vf-hu-tr-dev-lab,vf-hu-tr-dev-lab,vf-hu-tr-dev-bq-tempstorage,
COSMOSS_MMDTA200N,MM0060W,cosmoss_mmdta200n,mm0060w,mm0060w,upc22_fusion_raw_to_raw,upc22_fusion_insert_append,vf-hu-tr-dev-lab-cdf-1,europe-west1,gs://vfhu-trdh-rawingested-dmaap-devlab,upc,cosmoss_mmdta200n,mm0060w_recipe.txt,mm0060w_schema.txt,mm0060w,vf-hu-tr-dev-lab,vf-hu-tr-dev-lab,vf-hu-tr-dev-bq-tempstorage,
COSMOSS_MMDTA200N,MM1341W,cosmoss_mmdta200n,mm1341w,mm1341w,upc22_fusion_raw_to_raw,upc22_fusion_insert_append,vf-hu-tr-dev-lab-cdf-1,europe-west1,gs://vfhu-trdh-rawingested-dmaap-devlab,upc,cosmoss_mmdta200n,mm1341w_recipe.txt,mm1341w_schema.txt,mm1341w,vf-hu-tr-dev-lab,vf-hu-tr-dev-lab,vf-hu-tr-dev-bq-tempstorage,
COSMOSS_MMDTA200N,MM1341W1,cosmoss_mmdta200n,mm1341w1,mm1341w1,upc22_fusion_raw_to_raw,upc22_fusion_insert_append,vf-hu-tr-dev-lab-cdf-1,europe-west1,gs://vfhu-trdh-rawingested-dmaap-devlab,upc,cosmoss_mmdta200n,mm1341w1_recipe.txt,mm1341w1_schema.txt,mm1341w1,vf-hu-tr-dev-lab,vf-hu-tr-dev-lab,vf-hu-tr-dev-bq-tempstorage,
COSMOSS_MSMDTA,MSM652W,cosmoss_msmdta,msm652w,msm652w,upc22_fusion_raw_to_raw,upc22_fusion_insert_append,vf-hu-tr-dev-lab-cdf-1,europe-west1,gs://vfhu-trdh-rawingested-dmaap-devlab,upc,cosmoss_msmdta,msm652w_recipe.txt,msm652w_schema.txt,msm652w,vf-hu-tr-dev-lab,vf-hu-tr-dev-lab,vf-hu-tr-dev-bq-tempstorage,
COSMOSS_MMDTA200N,MTRP00,cosmoss_mmdta200n,mtrp00,mtrp00,upc22_fusion_raw_to_raw,upc22_fusion_insert_append,vf-hu-tr-dev-lab-cdf-1,europe-west1,gs://vfhu-trdh-rawingested-dmaap-devlab,upc,cosmoss_mmdta200n,mtrp00_recipe.txt,mtrp00_schema.txt,mtrp00,vf-hu-tr-dev-lab,vf-hu-tr-dev-lab,vf-hu-tr-dev-bq-tempstorage,
COSMOSS_BRIOQRY,NAPI_OSZT2,cosmoss_brioqry,napi_oszt2,napi_oszt2,upc22_fusion_raw_to_raw,upc22_fusion_insert_append,vf-hu-tr-dev-lab-cdf-1,europe-west1,gs://vfhu-trdh-rawingested-dmaap-devlab,upc,cosmoss_brioqry,napi_oszt2_recipe.txt,napi_oszt2_schema.txt,napi_oszt2,vf-hu-tr-dev-lab,vf-hu-tr-dev-lab,vf-hu-tr-dev-bq-tempstorage,
COSMOSS_UPETYAOBJ,PM_RET03,cosmoss_upetyaobj,pm_ret03,pm_ret03,upc22_fusion_raw_to_raw,upc22_fusion_insert_append,vf-hu-tr-dev-lab-cdf-1,europe-west1,gs://vfhu-trdh-rawingested-dmaap-devlab,upc,cosmoss_upetyaobj,pm_ret03_recipe.txt,pm_ret03_schema.txt,pm_ret03,vf-hu-tr-dev-lab,vf-hu-tr-dev-lab,vf-hu-tr-dev-bq-tempstorage,
CCSS,PROCESS,ccss,process,process,upc22_fusion_raw_to_raw,upc22_fusion_insert_append,vf-hu-tr-dev-lab-cdf-1,europe-west1,gs://vfhu-trdh-rawingested-dmaap-devlab,upc,ccss,process_recipe.txt,process_schema.txt,process,vf-hu-tr-dev-lab,vf-hu-tr-dev-lab,vf-hu-tr-dev-bq-tempstorage,
CCSS,SKILL,ccss,skill,skill,upc22_fusion_raw_to_raw,upc22_fusion_insert_append,vf-hu-tr-dev-lab-cdf-1,europe-west1,gs://vfhu-trdh-rawingested-dmaap-devlab,upc,ccss,skill_recipe.txt,skill_schema.txt,skill,vf-hu-tr-dev-lab,vf-hu-tr-dev-lab,vf-hu-tr-dev-bq-tempstorage,
COSMOSS_RRDTA,TEPF00,cosmoss_rrdta,tepf00,tepf00,upc22_fusion_raw_to_raw,upc22_fusion_insert_append,vf-hu-tr-dev-lab-cdf-1,europe-west1,gs://vfhu-trdh-rawingested-dmaap-devlab,upc,cosmoss_rrdta,tepf00_recipe.txt,tepf00_schema.txt,tepf00,vf-hu-tr-dev-lab,vf-hu-tr-dev-lab,vf-hu-tr-dev-bq-tempstorage,
,USERS_HIST_CCREPORT,,users_hist_ccreport,users_hist_ccreport,upc22_fusion_raw_to_raw,upc22_fusion_insert_append,vf-hu-tr-dev-lab-cdf-1,europe-west1,gs://vfhu-trdh-rawingested-dmaap-devlab,upc,,users_hist_ccreport_recipe.txt,users_hist_ccreport_schema.txt,users_hist_ccreport,vf-hu-tr-dev-lab,vf-hu-tr-dev-lab,vf-hu-tr-dev-bq-tempstorage,
COSMOSS_UPETYAOBJ,VJ_FAC35,cosmoss_upetyaobj,vj_fac35,vj_fac35,upc22_fusion_raw_to_raw,upc22_fusion_insert_append,vf-hu-tr-dev-lab-cdf-1,europe-west1,gs://vfhu-trdh-rawingested-dmaap-devlab,upc,cosmoss_upetyaobj,vj_fac35_recipe.txt,vj_fac35_schema.txt,vj_fac35,vf-hu-tr-dev-lab,vf-hu-tr-dev-lab,vf-hu-tr-dev-bq-tempstorage,
COSMOSS_UPETYAOBJ,VJ_FAC75,cosmoss_upetyaobj,vj_fac75,vj_fac75,upc22_fusion_raw_to_raw,upc22_fusion_insert_append,vf-hu-tr-dev-lab-cdf-1,europe-west1,gs://vfhu-trdh-rawingested-dmaap-devlab,upc,cosmoss_upetyaobj,vj_fac75_recipe.txt,vj_fac75_schema.txt,vj_fac75,vf-hu-tr-dev-lab,vf-hu-tr-dev-lab,vf-hu-tr-dev-bq-tempstorage,
WIZARD_PROD7_DBA,WIZ_WO_PRODUCTS,wizard_prod7_dba,wiz_wo_products,wiz_wo_products,upc22_fusion_raw_to_raw,upc22_fusion_insert_append,vf-hu-tr-dev-lab-cdf-1,europe-west1,gs://vfhu-trdh-rawingested-dmaap-devlab,upc,wizard_prod7_dba,wiz_wo_products_recipe.txt,wiz_wo_products_schema.txt,wiz_wo_products,vf-hu-tr-dev-lab,vf-hu-tr-dev-lab,vf-hu-tr-dev-bq-tempstorage,
WIZARD_PROD7_DBA,WIZ_WORK_ORDER,wizard_prod7_dba,wiz_work_order,wiz_work_order,upc22_fusion_raw_to_raw,upc22_fusion_insert_append,vf-hu-tr-dev-lab-cdf-1,europe-west1,gs://vfhu-trdh-rawingested-dmaap-devlab,upc,wizard_prod7_dba,wiz_work_order_recipe.txt,wiz_work_order_schema.txt,wiz_work_order,vf-hu-tr-dev-lab,vf-hu-tr-dev-lab,vf-hu-tr-dev-bq-tempstorage,
COSMOSS_BRIOQRY,WK200_603,cosmoss_brioqry,wk200_603,wk200_603,upc22_fusion_raw_to_raw,upc22_fusion_insert_append,vf-hu-tr-dev-lab-cdf-1,europe-west1,gs://vfhu-trdh-rawingested-dmaap-devlab,upc,cosmoss_brioqry,wk200_603_recipe.txt,wk200_603_schema.txt,wk200_603,vf-hu-tr-dev-lab,vf-hu-tr-dev-lab,vf-hu-tr-dev-bq-tempstorage,
COSMOSS_BRIOQRY,WK200_613,cosmoss_brioqry,wk200_613,wk200_613,upc22_fusion_raw_to_raw,upc22_fusion_insert_append,vf-hu-tr-dev-lab-cdf-1,europe-west1,gs://vfhu-trdh-rawingested-dmaap-devlab,upc,cosmoss_brioqry,wk200_613_recipe.txt,wk200_613_schema.txt,wk200_613,vf-hu-tr-dev-lab,vf-hu-tr-dev-lab,vf-hu-tr-dev-bq-tempstorage,
COSMOSS_BRIOQRY,WK200_653,cosmoss_brioqry,wk200_653,wk200_653,upc22_fusion_raw_to_raw,upc22_fusion_insert_append,vf-hu-tr-dev-lab-cdf-1,europe-west1,gs://vfhu-trdh-rawingested-dmaap-devlab,upc,cosmoss_brioqry,wk200_653_recipe.txt,wk200_653_schema.txt,wk200_653,vf-hu-tr-dev-lab,vf-hu-tr-dev-lab,vf-hu-tr-dev-bq-tempstorage,
COSMOSS_BRIOQRY,WK200_664,cosmoss_brioqry,wk200_664,wk200_664,upc22_fusion_raw_to_raw,upc22_fusion_insert_append,vf-hu-tr-dev-lab-cdf-1,europe-west1,gs://vfhu-trdh-rawingested-dmaap-devlab,upc,cosmoss_brioqry,wk200_664_recipe.txt,wk200_664_schema.txt,wk200_664,vf-hu-tr-dev-lab,vf-hu-tr-dev-lab,vf-hu-tr-dev-bq-tempstorage,
COSMOSS_BRIOQRY,WK200_677,cosmoss_brioqry,wk200_677,wk200_677,upc22_fusion_raw_to_raw,upc22_fusion_insert_append,vf-hu-tr-dev-lab-cdf-1,europe-west1,gs://vfhu-trdh-rawingested-dmaap-devlab,upc,cosmoss_brioqry,wk200_677_recipe.txt,wk200_677_schema.txt,wk200_677,vf-hu-tr-dev-lab,vf-hu-tr-dev-lab,vf-hu-tr-dev-bq-tempstorage,
COSMOSS_BRIOQRY,WK200_684,cosmoss_brioqry,wk200_684,wk200_684,upc22_fusion_raw_to_raw,upc22_fusion_insert_append,vf-hu-tr-dev-lab-cdf-1,europe-west1,gs://vfhu-trdh-rawingested-dmaap-devlab,upc,cosmoss_brioqry,wk200_684_recipe.txt,wk200_684_schema.txt,wk200_684,vf-hu-tr-dev-lab,vf-hu-tr-dev-lab,vf-hu-tr-dev-bq-tempstorage,
COSMOSS_BRIOQRY,WK200_731,cosmoss_brioqry,wk200_731,wk200_731,upc22_fusion_raw_to_raw,upc22_fusion_insert_append,vf-hu-tr-dev-lab-cdf-1,europe-west1,gs://vfhu-trdh-rawingested-dmaap-devlab,upc,cosmoss_brioqry,wk200_731_recipe.txt,wk200_731_schema.txt,wk200_731,vf-hu-tr-dev-lab,vf-hu-tr-dev-lab,vf-hu-tr-dev-bq-tempstorage,
COSMOSS_BRIOQRY,WK200_741,cosmoss_brioqry,wk200_741,wk200_741,upc22_fusion_raw_to_raw,upc22_fusion_insert_append,vf-hu-tr-dev-lab-cdf-1,europe-west1,gs://vfhu-trdh-rawingested-dmaap-devlab,upc,cosmoss_brioqry,wk200_741_recipe.txt,wk200_741_schema.txt,wk200_741,vf-hu-tr-dev-lab,vf-hu-tr-dev-lab,vf-hu-tr-dev-bq-tempstorage,
CPE11.UPC.HU_ADMIN,WORKSHEET,cpe11.upc.hu_admin,worksheet,worksheet,upc22_fusion_raw_to_raw,upc22_fusion_insert_append,vf-hu-tr-dev-lab-cdf-1,europe-west1,gs://vfhu-trdh-rawingested-dmaap-devlab,upc,cpe11.upc.hu_admin,worksheet_recipe.txt,worksheet_schema.txt,worksheet,vf-hu-tr-dev-lab,vf-hu-tr-dev-lab,vf-hu-tr-dev-bq-tempstorage,
CPE11.UPC.HU_ADMIN,WORKSHEET_DEVICE_MOVE,cpe11.upc.hu_admin,worksheet_device_move,worksheet_device_move,upc22_fusion_raw_to_raw,upc22_fusion_insert_append,vf-hu-tr-dev-lab-cdf-1,europe-west1,gs://vfhu-trdh-rawingested-dmaap-devlab,upc,cpe11.upc.hu_admin,worksheet_device_move_recipe.txt,worksheet_device_move_schema.txt,worksheet_device_move,vf-hu-tr-dev-lab,vf-hu-tr-dev-lab,vf-hu-tr-dev-bq-tempstorage,
CPE11.UPC.HU_ADMIN,WORKSHEET_STATUS,cpe11.upc.hu_admin,worksheet_status,worksheet_status,upc22_fusion_raw_to_raw,upc22_fusion_insert_append,vf-hu-tr-dev-lab-cdf-1,europe-west1,gs://vfhu-trdh-rawingested-dmaap-devlab,upc,cpe11.upc.hu_admin,worksheet_status_recipe.txt,worksheet_status_schema.txt,worksheet_status,vf-hu-tr-dev-lab,vf-hu-tr-dev-lab,vf-hu-tr-dev-bq-tempstorage,
