bq.dataset,TARGET_TABLE_NAME,bq.dataset (Lower),Lower Table Name,file_name,raw_raw_pipeline_name,raw_curation_pipeline_name,instance_name,location, runtime_args:GCS_Input_Path(Bucket Name), runtime_args:GCS_Input_Path(owner), runtime_args:GCS_Input_Path(Schema),recipe,schema,bq.table,gcs.project,bq.project,bq.TempStorage, runtime_args: header
RGU_DWH_INPUT,ACC_SDR,rgu_dwh_input,acc_sdr,acc_sdr,upc23_fusion_raw_to_raw,upc23_fusion_truncate_load,vf-hu-tr-dev-lab-cdf-1,europe-west1,gs://vfhu-trdh-rawingested-dmaap-devlab,upc,dwh_input,acc_sdr_recipe.txt,acc_sdr_schema.txt,acc_sdr,vf-hu-tr-dev-lab,vf-hu-tr-dev-lab,vf-hu-tr-dev-bq-tempstorage,
CCSS,ALMANAC,ccss,almanac,almanac,upc23_fusion_raw_to_raw,upc23_fusion_truncate_load,vf-hu-tr-dev-lab-cdf-1,europe-west1,gs://vfhu-trdh-rawingested-dmaap-devlab,upc,ccss_nezo,almanac_recipe.txt,almanac_schema.txt,almanac,vf-hu-tr-dev-lab,vf-hu-tr-dev-lab,vf-hu-tr-dev-bq-tempstorage,
RGU_DEV,APEX_ACC_DDRT_OFFERS,rgu_dev,apex_acc_ddrt_offers,apex_acc_ddrt_offers,upc23_fusion_raw_to_raw,upc23_fusion_truncate_load,vf-hu-tr-dev-lab-cdf-1,europe-west1,gs://vfhu-trdh-rawingested-dmaap-devlab,upc,rgu_dev,apex_acc_ddrt_offers_recipe.txt,apex_acc_ddrt_offers_schema.txt,apex_acc_ddrt_offers,vf-hu-tr-dev-lab,vf-hu-tr-dev-lab,vf-hu-tr-dev-bq-tempstorage,
DRGU_DEV,APEX_BERU_AHT,drgu_dev,apex_beru_aht,apex_beru_aht,upc23_fusion_raw_to_raw,upc23_fusion_truncate_load,vf-hu-tr-dev-lab-cdf-1,europe-west1,gs://vfhu-trdh-rawingested-dmaap-devlab,upc,drgu_dev,apex_beru_aht_recipe.txt,apex_beru_aht_schema.txt,apex_beru_aht,vf-hu-tr-dev-lab,vf-hu-tr-dev-lab,vf-hu-tr-dev-bq-tempstorage,
DRGU_DEV,APEX_BERU_ALAP,drgu_dev,apex_beru_alap,apex_beru_alap,upc23_fusion_raw_to_raw,upc23_fusion_truncate_load,vf-hu-tr-dev-lab-cdf-1,europe-west1,gs://vfhu-trdh-rawingested-dmaap-devlab,upc,drgu_dev,apex_beru_alap_recipe.txt,apex_beru_alap_schema.txt,apex_beru_alap,vf-hu-tr-dev-lab,vf-hu-tr-dev-lab,vf-hu-tr-dev-bq-tempstorage,
DRGU_DEV,APEX_BERU_BNY_ATFUT_KTG_SZMLK,drgu_dev,apex_beru_bny_atfut_ktg_szmlk,apex_beru_bny_atfut_ktg_szmlk,upc23_fusion_raw_to_raw,upc23_fusion_truncate_load,vf-hu-tr-dev-lab-cdf-1,europe-west1,gs://vfhu-trdh-rawingested-dmaap-devlab,upc,drgu_dev,apex_beru_bny_atfut_ktg_szmlk_recipe.txt,apex_beru_bny_atfut_ktg_szmlk_schema.txt,apex_beru_bny_atfut_ktg_szmlk,vf-hu-tr-dev-lab,vf-hu-tr-dev-lab,vf-hu-tr-dev-bq-tempstorage,
DRGU_DEV,APEX_BERU_FELADAT,drgu_dev,apex_beru_feladat,apex_beru_feladat,upc23_fusion_raw_to_raw,upc23_fusion_truncate_load,vf-hu-tr-dev-lab-cdf-1,europe-west1,gs://vfhu-trdh-rawingested-dmaap-devlab,upc,drgu_dev,apex_beru_feladat_recipe.txt,apex_beru_feladat_schema.txt,apex_beru_feladat,vf-hu-tr-dev-lab,vf-hu-tr-dev-lab,vf-hu-tr-dev-bq-tempstorage,
DRGU_DEV,APEX_BERU_JOVAHAGYO,drgu_dev,apex_beru_jovahagyo,apex_beru_jovahagyo,upc23_fusion_raw_to_raw,upc23_fusion_truncate_load,vf-hu-tr-dev-lab-cdf-1,europe-west1,gs://vfhu-trdh-rawingested-dmaap-devlab,upc,drgu_dev,apex_beru_jovahagyo_recipe.txt,apex_beru_jovahagyo_schema.txt,apex_beru_jovahagyo,vf-hu-tr-dev-lab,vf-hu-tr-dev-lab,vf-hu-tr-dev-bq-tempstorage,
DRGU_DEV,APEX_BERU_MINI,drgu_dev,apex_beru_mini,apex_beru_mini,upc23_fusion_raw_to_raw,upc23_fusion_truncate_load,vf-hu-tr-dev-lab-cdf-1,europe-west1,gs://vfhu-trdh-rawingested-dmaap-devlab,upc,drgu_dev,apex_beru_mini_recipe.txt,apex_beru_mini_schema.txt,apex_beru_mini,vf-hu-tr-dev-lab,vf-hu-tr-dev-lab,vf-hu-tr-dev-bq-tempstorage,
DRGU_DEV,APEX_BERU_NEWS,drgu_dev,apex_beru_news,apex_beru_news,upc23_fusion_raw_to_raw,upc23_fusion_truncate_load,vf-hu-tr-dev-lab-cdf-1,europe-west1,gs://vfhu-trdh-rawingested-dmaap-devlab,upc,drgu_dev,apex_beru_news_recipe.txt,apex_beru_news_schema.txt,apex_beru_news,vf-hu-tr-dev-lab,vf-hu-tr-dev-lab,vf-hu-tr-dev-bq-tempstorage,
DRGU_DEV,APEX_BERU_NYILVANTART,drgu_dev,apex_beru_nyilvantart,apex_beru_nyilvantart,upc23_fusion_raw_to_raw,upc23_fusion_truncate_load,vf-hu-tr-dev-lab-cdf-1,europe-west1,gs://vfhu-trdh-rawingested-dmaap-devlab,upc,drgu_dev,apex_beru_nyilvantart_recipe.txt,apex_beru_nyilvantart_schema.txt,apex_beru_nyilvantart,vf-hu-tr-dev-lab,vf-hu-tr-dev-lab,vf-hu-tr-dev-bq-tempstorage,
DRGU_DEV,APEX_BERU_PARAM,drgu_dev,apex_beru_param,apex_beru_param,upc23_fusion_raw_to_raw,upc23_fusion_truncate_load,vf-hu-tr-dev-lab-cdf-1,europe-west1,gs://vfhu-trdh-rawingested-dmaap-devlab,upc,drgu_dev,apex_beru_param_recipe.txt,apex_beru_param_schema.txt,apex_beru_param,vf-hu-tr-dev-lab,vf-hu-tr-dev-lab,vf-hu-tr-dev-bq-tempstorage,
DRGU_DEV,APEX_BERU_PARAM_TMP,drgu_dev,apex_beru_param_tmp,apex_beru_param_tmp,upc23_fusion_raw_to_raw,upc23_fusion_truncate_load,vf-hu-tr-dev-lab-cdf-1,europe-west1,gs://vfhu-trdh-rawingested-dmaap-devlab,upc,drgu_dev,apex_beru_param_tmp_recipe.txt,apex_beru_param_tmp_schema.txt,apex_beru_param_tmp,vf-hu-tr-dev-lab,vf-hu-tr-dev-lab,vf-hu-tr-dev-bq-tempstorage,
DRGU_DEV,APEX_BERU_PO_AE_RESZLET,drgu_dev,apex_beru_po_ae_reszlet,apex_beru_po_ae_reszlet,upc23_fusion_raw_to_raw,upc23_fusion_truncate_load,vf-hu-tr-dev-lab-cdf-1,europe-west1,gs://vfhu-trdh-rawingested-dmaap-devlab,upc,drgu_dev,apex_beru_po_ae_reszlet_recipe.txt,apex_beru_po_ae_reszlet_schema.txt,apex_beru_po_ae_reszlet,vf-hu-tr-dev-lab,vf-hu-tr-dev-lab,vf-hu-tr-dev-bq-tempstorage,
DRGU_DEV,APEX_BERU_PO_ELSZAMOLO,drgu_dev,apex_beru_po_elszamolo,apex_beru_po_elszamolo,upc23_fusion_raw_to_raw,upc23_fusion_truncate_load,vf-hu-tr-dev-lab-cdf-1,europe-west1,gs://vfhu-trdh-rawingested-dmaap-devlab,upc,drgu_dev,apex_beru_po_elszamolo_recipe.txt,apex_beru_po_elszamolo_schema.txt,apex_beru_po_elszamolo,vf-hu-tr-dev-lab,vf-hu-tr-dev-lab,vf-hu-tr-dev-bq-tempstorage,
DRGU_DEV,APEX_BERU_PO_MD_RESZLET,drgu_dev,apex_beru_po_md_reszlet,apex_beru_po_md_reszlet,upc23_fusion_raw_to_raw,upc23_fusion_truncate_load,vf-hu-tr-dev-lab-cdf-1,europe-west1,gs://vfhu-trdh-rawingested-dmaap-devlab,upc,drgu_dev,apex_beru_po_md_reszlet_recipe.txt,apex_beru_po_md_reszlet_schema.txt,apex_beru_po_md_reszlet,vf-hu-tr-dev-lab,vf-hu-tr-dev-lab,vf-hu-tr-dev-bq-tempstorage,
DRGU_DEV,APEX_BERU_PO_NYILVANTART,drgu_dev,apex_beru_po_nyilvantart,apex_beru_po_nyilvantart,upc23_fusion_raw_to_raw,upc23_fusion_truncate_load,vf-hu-tr-dev-lab-cdf-1,europe-west1,gs://vfhu-trdh-rawingested-dmaap-devlab,upc,drgu_dev,apex_beru_po_nyilvantart_recipe.txt,apex_beru_po_nyilvantart_schema.txt,apex_beru_po_nyilvantart,vf-hu-tr-dev-lab,vf-hu-tr-dev-lab,vf-hu-tr-dev-bq-tempstorage,
DRGU_DEV,APEX_BERU_PO_SZAB,drgu_dev,apex_beru_po_szab,apex_beru_po_szab,upc23_fusion_raw_to_raw,upc23_fusion_truncate_load,vf-hu-tr-dev-lab-cdf-1,europe-west1,gs://vfhu-trdh-rawingested-dmaap-devlab,upc,drgu_dev,apex_beru_po_szab_recipe.txt,apex_beru_po_szab_schema.txt,apex_beru_po_szab,vf-hu-tr-dev-lab,vf-hu-tr-dev-lab,vf-hu-tr-dev-bq-tempstorage,
DRGU_DEV,APEX_BERU_PROJEKT_KOD,drgu_dev,apex_beru_projekt_kod,apex_beru_projekt_kod,upc23_fusion_raw_to_raw,upc23_fusion_truncate_load,vf-hu-tr-dev-lab-cdf-1,europe-west1,gs://vfhu-trdh-rawingested-dmaap-devlab,upc,drgu_dev,apex_beru_projekt_kod_recipe.txt,apex_beru_projekt_kod_schema.txt,apex_beru_projekt_kod,vf-hu-tr-dev-lab,vf-hu-tr-dev-lab,vf-hu-tr-dev-bq-tempstorage,
DRGU_DEV,APEX_BERU_TIB_SORSZAM_NYT,drgu_dev,apex_beru_tib_sorszam_nyt,apex_beru_tib_sorszam_nyt,upc23_fusion_raw_to_raw,upc23_fusion_truncate_load,vf-hu-tr-dev-lab-cdf-1,europe-west1,gs://vfhu-trdh-rawingested-dmaap-devlab,upc,drgu_dev,apex_beru_tib_sorszam_nyt_recipe.txt,apex_beru_tib_sorszam_nyt_schema.txt,apex_beru_tib_sorszam_nyt,vf-hu-tr-dev-lab,vf-hu-tr-dev-lab,vf-hu-tr-dev-bq-tempstorage,
DRGU_DEV,APEX_BERU_TSH_M,drgu_dev,apex_beru_tsh_m,apex_beru_tsh_m,upc23_fusion_raw_to_raw,upc23_fusion_truncate_load,vf-hu-tr-dev-lab-cdf-1,europe-west1,gs://vfhu-trdh-rawingested-dmaap-devlab,upc,drgu_dev,apex_beru_tsh_m_recipe.txt,apex_beru_tsh_m_schema.txt,apex_beru_tsh_m,vf-hu-tr-dev-lab,vf-hu-tr-dev-lab,vf-hu-tr-dev-bq-tempstorage,
RGU_DEV,APEX_COLLECTION_OTHER,rgu_dev,apex_collection_other,apex_collection_other,upc23_fusion_raw_to_raw,upc23_fusion_truncate_load,vf-hu-tr-dev-lab-cdf-1,europe-west1,gs://vfhu-trdh-rawingested-dmaap-devlab,upc,rgu_dev,apex_collection_other_recipe.txt,apex_collection_other_schema.txt,apex_collection_other,vf-hu-tr-dev-lab,vf-hu-tr-dev-lab,vf-hu-tr-dev-bq-tempstorage,
RGU_DEV,APEX_COLLECTION_VCC,rgu_dev,apex_collection_vcc,apex_collection_vcc,upc23_fusion_raw_to_raw,upc23_fusion_truncate_load,vf-hu-tr-dev-lab-cdf-1,europe-west1,gs://vfhu-trdh-rawingested-dmaap-devlab,upc,rgu_dev,apex_collection_vcc_recipe.txt,apex_collection_vcc_schema.txt,apex_collection_vcc,vf-hu-tr-dev-lab,vf-hu-tr-dev-lab,vf-hu-tr-dev-bq-tempstorage,
RGU_DEV,APEX_EMAIL,rgu_dev,apex_email,apex_email,upc23_fusion_raw_to_raw,upc23_fusion_truncate_load,vf-hu-tr-dev-lab-cdf-1,europe-west1,gs://vfhu-trdh-rawingested-dmaap-devlab,upc,rgu_dev,apex_email_recipe.txt,apex_email_schema.txt,apex_email,vf-hu-tr-dev-lab,vf-hu-tr-dev-lab,vf-hu-tr-dev-bq-tempstorage,
RGU_DEV,APEX_ERICSSON_DATUMOK,rgu_dev,apex_ericsson_datumok,apex_ericsson_datumok,upc23_fusion_raw_to_raw,upc23_fusion_truncate_load,vf-hu-tr-dev-lab-cdf-1,europe-west1,gs://vfhu-trdh-rawingested-dmaap-devlab,upc,rgu_dev,apex_ericsson_datumok_recipe.txt,apex_ericsson_datumok_schema.txt,apex_ericsson_datumok,vf-hu-tr-dev-lab,vf-hu-tr-dev-lab,vf-hu-tr-dev-bq-tempstorage,
RGU_DWH_REP,APEX_ERICSSON_DATUMOK_V,rgu_dwh_rep,apex_ericsson_datumok_v,apex_ericsson_datumok_v,upc23_fusion_raw_to_raw,upc23_fusion_truncate_load,vf-hu-tr-dev-lab-cdf-1,europe-west1,gs://vfhu-trdh-rawingested-dmaap-devlab,upc,dwh_rep,apex_ericsson_datumok_v_recipe.txt,apex_ericsson_datumok_v_schema.txt,apex_ericsson_datumok_v,vf-hu-tr-dev-lab,vf-hu-tr-dev-lab,vf-hu-tr-dev-bq-tempstorage,
DRGU_DEV,APEX_FFM_DEVICE_CATEGORY,drgu_dev,apex_ffm_device_category,apex_ffm_device_category,upc23_fusion_raw_to_raw,upc23_fusion_truncate_load,vf-hu-tr-dev-lab-cdf-1,europe-west1,gs://vfhu-trdh-rawingested-dmaap-devlab,upc,drgu_dev,apex_ffm_device_category_recipe.txt,apex_ffm_device_category_schema.txt,apex_ffm_device_category,vf-hu-tr-dev-lab,vf-hu-tr-dev-lab,vf-hu-tr-dev-bq-tempstorage,
DRGU_DEV,APEX_FFM_DEVICE_CATEGORY_PARAM,drgu_dev,apex_ffm_device_category_param,apex_ffm_device_category_param,upc23_fusion_raw_to_raw,upc23_fusion_truncate_load,vf-hu-tr-dev-lab-cdf-1,europe-west1,gs://vfhu-trdh-rawingested-dmaap-devlab,upc,drgu_dev,apex_ffm_device_category_param_recipe.txt,apex_ffm_device_category_param_schema.txt,apex_ffm_device_category_param,vf-hu-tr-dev-lab,vf-hu-tr-dev-lab,vf-hu-tr-dev-bq-tempstorage,
RGU_DEV,APEX_HP_ATTR,rgu_dev,apex_hp_attr,apex_hp_attr,upc23_fusion_raw_to_raw,upc23_fusion_truncate_load,vf-hu-tr-dev-lab-cdf-1,europe-west1,gs://vfhu-trdh-rawingested-dmaap-devlab,upc,rgu_dev,apex_hp_attr_recipe.txt,apex_hp_attr_schema.txt,apex_hp_attr,vf-hu-tr-dev-lab,vf-hu-tr-dev-lab,vf-hu-tr-dev-bq-tempstorage,
RGU_DEV,APEX_HUSEG_EHT,rgu_dev,apex_huseg_eht,apex_huseg_eht,upc23_fusion_raw_to_raw,upc23_fusion_truncate_load,vf-hu-tr-dev-lab-cdf-1,europe-west1,gs://vfhu-trdh-rawingested-dmaap-devlab,upc,rgu_dev,apex_huseg_eht_recipe.txt,apex_huseg_eht_schema.txt,apex_huseg_eht,vf-hu-tr-dev-lab,vf-hu-tr-dev-lab,vf-hu-tr-dev-bq-tempstorage,
RGU_DWH_REP,APEX_HUSEG_EHT_V,rgu_dwh_rep,apex_huseg_eht_v,apex_huseg_eht_v,upc23_fusion_raw_to_raw,upc23_fusion_truncate_load,vf-hu-tr-dev-lab-cdf-1,europe-west1,gs://vfhu-trdh-rawingested-dmaap-devlab,upc,dwh_rep,apex_huseg_eht_v_recipe.txt,apex_huseg_eht_v_schema.txt,apex_huseg_eht_v,vf-hu-tr-dev-lab,vf-hu-tr-dev-lab,vf-hu-tr-dev-bq-tempstorage,
RGU_DEV,APEX_INCENTIVE_AGENT_LIST_RO,rgu_dev,apex_incentive_agent_list_ro,apex_incentive_agent_list_ro,upc23_fusion_raw_to_raw,upc23_fusion_SCD2,vf-hu-tr-dev-lab-cdf-1,europe-west1,gs://vfhu-trdh-rawingested-dmaap-devlab,upc,rgu_dev,apex_incentive_agent_list_ro_recipe.txt,apex_incentive_agent_list_ro_schema.txt,apex_incentive_agent_list_ro,vf-hu-tr-dev-lab,vf-hu-tr-dev-lab,vf-hu-tr-dev-bq-tempstorage,
RGU_DWH_REP,APEX_JUTALEK_AGTLIST_NO_TMSTMP,rgu_dwh_rep,apex_jutalek_agtlist_no_tmstmp,apex_jutalek_agtlist_no_tmstmp,upc23_fusion_raw_to_raw,upc23_fusion_SCD2,vf-hu-tr-dev-lab-cdf-1,europe-west1,gs://vfhu-trdh-rawingested-dmaap-devlab,upc,dwh_rep,apex_jutalek_agtlist_no_tmstmp_recipe.txt,apex_jutalek_agtlist_no_tmstmp_schema.txt,apex_jutalek_agtlist_no_tmstmp,vf-hu-tr-dev-lab,vf-hu-tr-dev-lab,vf-hu-tr-dev-bq-tempstorage,
RGU_DWH_REP,APEX_JUTALEK_AGTLIST_RO_V,rgu_dwh_rep,apex_jutalek_agtlist_ro_v,apex_jutalek_agtlist_ro_v,upc23_fusion_raw_to_raw,upc23_fusion_SCD2,vf-hu-tr-dev-lab-cdf-1,europe-west1,gs://vfhu-trdh-rawingested-dmaap-devlab,upc,dwh_rep,apex_jutalek_agtlist_ro_v_recipe.txt,apex_jutalek_agtlist_ro_v_schema.txt,apex_jutalek_agtlist_ro_v,vf-hu-tr-dev-lab,vf-hu-tr-dev-lab,vf-hu-tr-dev-bq-tempstorage,
RGU_DWH_REP,APEX_JUTALEK_KVOTA_V,rgu_dwh_rep,apex_jutalek_kvota_v,apex_jutalek_kvota_v,upc23_fusion_raw_to_raw,upc23_fusion_truncate_load,vf-hu-tr-dev-lab-cdf-1,europe-west1,gs://vfhu-trdh-rawingested-dmaap-devlab,upc,dwh_rep,apex_jutalek_kvota_v_recipe.txt,apex_jutalek_kvota_v_schema.txt,apex_jutalek_kvota_v,vf-hu-tr-dev-lab,vf-hu-tr-dev-lab,vf-hu-tr-dev-bq-tempstorage,
RGU_DEV,APEX_MAR1157_DEVICE_CATEGORY,rgu_dev,apex_mar1157_device_category,apex_mar1157_device_category,upc23_fusion_raw_to_raw,upc23_fusion_truncate_load,vf-hu-tr-dev-lab-cdf-1,europe-west1,gs://vfhu-trdh-rawingested-dmaap-devlab,upc,rgu_dev,apex_mar1157_device_category_recipe.txt,apex_mar1157_device_category_schema.txt,apex_mar1157_device_category,vf-hu-tr-dev-lab,vf-hu-tr-dev-lab,vf-hu-tr-dev-bq-tempstorage,
DRGU_DEV,APEX_MAR1165_CUST_INF_LOG,drgu_dev,apex_mar1165_cust_inf_log,apex_mar1165_cust_inf_log,upc23_fusion_raw_to_raw,upc23_fusion_truncate_load,vf-hu-tr-dev-lab-cdf-1,europe-west1,gs://vfhu-trdh-rawingested-dmaap-devlab,upc,drgu_dev,apex_mar1165_cust_inf_log_recipe.txt,apex_mar1165_cust_inf_log_schema.txt,apex_mar1165_cust_inf_log,vf-hu-tr-dev-lab,vf-hu-tr-dev-lab,vf-hu-tr-dev-bq-tempstorage,
DRGU_DEV,APEX_MAR1178_TNPS_CSVEZETOI_ER,drgu_dev,apex_mar1178_tnps_csvezetoi_er,apex_mar1178_tnps_csvezetoi_er,upc23_fusion_raw_to_raw,upc23_fusion_truncate_load,vf-hu-tr-dev-lab-cdf-1,europe-west1,gs://vfhu-trdh-rawingested-dmaap-devlab,upc,drgu_dev,apex_mar1178_tnps_csvezetoi_er_recipe.txt,apex_mar1178_tnps_csvezetoi_er_schema.txt,apex_mar1178_tnps_csvezetoi_er,vf-hu-tr-dev-lab,vf-hu-tr-dev-lab,vf-hu-tr-dev-bq-tempstorage,
DRGU_DEV,APEX_NAPI_MUNKA_TCH_KAT,drgu_dev,apex_napi_munka_tch_kat,apex_napi_munka_tch_kat,upc23_fusion_raw_to_raw,upc23_fusion_truncate_load,vf-hu-tr-dev-lab-cdf-1,europe-west1,gs://vfhu-trdh-rawingested-dmaap-devlab,upc,drgu_dev,apex_napi_munka_tch_kat_recipe.txt,apex_napi_munka_tch_kat_schema.txt,apex_napi_munka_tch_kat,vf-hu-tr-dev-lab,vf-hu-tr-dev-lab,vf-hu-tr-dev-bq-tempstorage,
DRGU_DEV,APEX_NAPI_MUNKA_TCH_PARAM,drgu_dev,apex_napi_munka_tch_param,apex_napi_munka_tch_param,upc23_fusion_raw_to_raw,upc23_fusion_truncate_load,vf-hu-tr-dev-lab-cdf-1,europe-west1,gs://vfhu-trdh-rawingested-dmaap-devlab,upc,drgu_dev,apex_napi_munka_tch_param_recipe.txt,apex_napi_munka_tch_param_schema.txt,apex_napi_munka_tch_param,vf-hu-tr-dev-lab,vf-hu-tr-dev-lab,vf-hu-tr-dev-bq-tempstorage,
DRGU_DEV,APEX_NAPI_MUNKA_TCH_STAT,drgu_dev,apex_napi_munka_tch_stat,apex_napi_munka_tch_stat,upc23_fusion_raw_to_raw,upc23_fusion_truncate_load,vf-hu-tr-dev-lab-cdf-1,europe-west1,gs://vfhu-trdh-rawingested-dmaap-devlab,upc,drgu_dev,apex_napi_munka_tch_stat_recipe.txt,apex_napi_munka_tch_stat_schema.txt,apex_napi_munka_tch_stat,vf-hu-tr-dev-lab,vf-hu-tr-dev-lab,vf-hu-tr-dev-bq-tempstorage,
DRGU_DEV,APEX_NAPI_MUNKA_TCH_TCH,drgu_dev,apex_napi_munka_tch_tch,apex_napi_munka_tch_tch,upc23_fusion_raw_to_raw,upc23_fusion_truncate_load,vf-hu-tr-dev-lab-cdf-1,europe-west1,gs://vfhu-trdh-rawingested-dmaap-devlab,upc,drgu_dev,apex_napi_munka_tch_tch_recipe.txt,apex_napi_munka_tch_tch_schema.txt,apex_napi_munka_tch_tch,vf-hu-tr-dev-lab,vf-hu-tr-dev-lab,vf-hu-tr-dev-bq-tempstorage,
RGU_DEV,APEX_NWO236_MOBIL_CPE,rgu_dev,apex_nwo236_mobil_cpe,apex_nwo236_mobil_cpe,upc23_fusion_raw_to_raw,upc23_fusion_truncate_load,vf-hu-tr-dev-lab-cdf-1,europe-west1,gs://vfhu-trdh-rawingested-dmaap-devlab,upc,rgu_dev,apex_nwo236_mobil_cpe_recipe.txt,apex_nwo236_mobil_cpe_schema.txt,apex_nwo236_mobil_cpe,vf-hu-tr-dev-lab,vf-hu-tr-dev-lab,vf-hu-tr-dev-bq-tempstorage,
RGU_DEV,APEX_NWO381_POST_O_CAT_PARAM,rgu_dev,apex_nwo381_post_o_cat_param,apex_nwo381_post_o_cat_param,upc23_fusion_raw_to_raw,upc23_fusion_truncate_load,vf-hu-tr-dev-lab-cdf-1,europe-west1,gs://vfhu-trdh-rawingested-dmaap-devlab,upc,rgu_dev,apex_nwo381_post_o_cat_param_recipe.txt,apex_nwo381_post_o_cat_param_schema.txt,apex_nwo381_post_o_cat_param,vf-hu-tr-dev-lab,vf-hu-tr-dev-lab,vf-hu-tr-dev-bq-tempstorage,
RGU_DEV,APEX_NWO381_POST_OFFICE_CAT,rgu_dev,apex_nwo381_post_office_cat,apex_nwo381_post_office_cat,upc23_fusion_raw_to_raw,upc23_fusion_truncate_load,vf-hu-tr-dev-lab-cdf-1,europe-west1,gs://vfhu-trdh-rawingested-dmaap-devlab,upc,rgu_dev,apex_nwo381_post_office_cat_recipe.txt,apex_nwo381_post_office_cat_schema.txt,apex_nwo381_post_office_cat,vf-hu-tr-dev-lab,vf-hu-tr-dev-lab,vf-hu-tr-dev-bq-tempstorage,
DRGU_DEV,APEX_NWO383_B2B_IH_PARAM,drgu_dev,apex_nwo383_b2b_ih_param,apex_nwo383_b2b_ih_param,upc23_fusion_raw_to_raw,upc23_fusion_truncate_load,vf-hu-tr-dev-lab-cdf-1,europe-west1,gs://vfhu-trdh-rawingested-dmaap-devlab,upc,drgu_dev,apex_nwo383_b2b_ih_param_recipe.txt,apex_nwo383_b2b_ih_param_schema.txt,apex_nwo383_b2b_ih_param,vf-hu-tr-dev-lab,vf-hu-tr-dev-lab,vf-hu-tr-dev-bq-tempstorage,
DRGU_DEV,APEX_NWO383_B2B_IH_PR_KOV_LOG,drgu_dev,apex_nwo383_b2b_ih_pr_kov_log,apex_nwo383_b2b_ih_pr_kov_log,upc23_fusion_raw_to_raw,upc23_fusion_truncate_load,vf-hu-tr-dev-lab-cdf-1,europe-west1,gs://vfhu-trdh-rawingested-dmaap-devlab,upc,drgu_dev,apex_nwo383_b2b_ih_pr_kov_log_recipe.txt,apex_nwo383_b2b_ih_pr_kov_log_schema.txt,apex_nwo383_b2b_ih_pr_kov_log,vf-hu-tr-dev-lab,vf-hu-tr-dev-lab,vf-hu-tr-dev-bq-tempstorage,
DRGU_DEV,APEX_NWO383_B2B_IH_ZIP,drgu_dev,apex_nwo383_b2b_ih_zip,apex_nwo383_b2b_ih_zip,upc23_fusion_raw_to_raw,upc23_fusion_truncate_load,vf-hu-tr-dev-lab-cdf-1,europe-west1,gs://vfhu-trdh-rawingested-dmaap-devlab,upc,drgu_dev,apex_nwo383_b2b_ih_zip_recipe.txt,apex_nwo383_b2b_ih_zip_schema.txt,apex_nwo383_b2b_ih_zip,vf-hu-tr-dev-lab,vf-hu-tr-dev-lab,vf-hu-tr-dev-bq-tempstorage,
DRGU_DEV,APEX_NWO383_B2B_IRODAH_PR_KOV,drgu_dev,apex_nwo383_b2b_irodah_pr_kov,apex_nwo383_b2b_irodah_pr_kov,upc23_fusion_raw_to_raw,upc23_fusion_truncate_load,vf-hu-tr-dev-lab-cdf-1,europe-west1,gs://vfhu-trdh-rawingested-dmaap-devlab,upc,drgu_dev,apex_nwo383_b2b_irodah_pr_kov_recipe.txt,apex_nwo383_b2b_irodah_pr_kov_schema.txt,apex_nwo383_b2b_irodah_pr_kov,vf-hu-tr-dev-lab,vf-hu-tr-dev-lab,vf-hu-tr-dev-bq-tempstorage,
RGU_DEV,APEX_SG_NOC_CONTRACTOR_PARAM,rgu_dev,apex_sg_noc_contractor_param,apex_sg_noc_contractor_param,upc23_fusion_raw_to_raw,upc23_fusion_truncate_load,vf-hu-tr-dev-lab-cdf-1,europe-west1,gs://vfhu-trdh-rawingested-dmaap-devlab,upc,rgu_dev,apex_sg_noc_contractor_param_recipe.txt,apex_sg_noc_contractor_param_schema.txt,apex_sg_noc_contractor_param,vf-hu-tr-dev-lab,vf-hu-tr-dev-lab,vf-hu-tr-dev-bq-tempstorage,
RGU_DEV,APEX_TCH_LIST,rgu_dev,apex_tch_list,apex_tch_list,upc23_fusion_raw_to_raw,upc23_fusion_SCD2,vf-hu-tr-dev-lab-cdf-1,europe-west1,gs://vfhu-trdh-rawingested-dmaap-devlab,upc,rgu_dev,apex_tch_list_recipe.txt,apex_tch_list_schema.txt,apex_tch_list,vf-hu-tr-dev-lab,vf-hu-tr-dev-lab,vf-hu-tr-dev-bq-tempstorage,
RGU_DEV,APEX_TCH_LIST_IDM,rgu_dev,apex_tch_list_idm,apex_tch_list_idm,upc23_fusion_raw_to_raw,upc23_fusion_SCD1,vf-hu-tr-dev-lab-cdf-1,europe-west1,gs://vfhu-trdh-rawingested-dmaap-devlab,upc,rgu_dev,apex_tch_list_idm_recipe.txt,apex_tch_list_idm_schema.txt,apex_tch_list_idm,vf-hu-tr-dev-lab,vf-hu-tr-dev-lab,vf-hu-tr-dev-bq-tempstorage,
RGU_DEV,APEX_TCH_LIST_LOG,rgu_dev,apex_tch_list_log,apex_tch_list_log,upc23_fusion_raw_to_raw,upc23_fusion_truncate_load,vf-hu-tr-dev-lab-cdf-1,europe-west1,gs://vfhu-trdh-rawingested-dmaap-devlab,upc,rgu_dev,apex_tch_list_log_recipe.txt,apex_tch_list_log_schema.txt,apex_tch_list_log,vf-hu-tr-dev-lab,vf-hu-tr-dev-lab,vf-hu-tr-dev-bq-tempstorage,
RGU_DEV,APEX_TCH_LIST_PARAM,rgu_dev,apex_tch_list_param,apex_tch_list_param,upc23_fusion_raw_to_raw,upc23_fusion_truncate_load,vf-hu-tr-dev-lab-cdf-1,europe-west1,gs://vfhu-trdh-rawingested-dmaap-devlab,upc,rgu_dev,apex_tch_list_param_recipe.txt,apex_tch_list_param_schema.txt,apex_tch_list_param,vf-hu-tr-dev-lab,vf-hu-tr-dev-lab,vf-hu-tr-dev-bq-tempstorage,
RGU_DWH_REP,APEX_TCH_LIST_V,rgu_dwh_rep,apex_tch_list_v,apex_tch_list_v,upc23_fusion_raw_to_raw,upc23_fusion_SCD2,vf-hu-tr-dev-lab-cdf-1,europe-west1,gs://vfhu-trdh-rawingested-dmaap-devlab,upc,dwh_rep,apex_tch_list_v_recipe.txt,apex_tch_list_v_schema.txt,apex_tch_list_v,vf-hu-tr-dev-lab,vf-hu-tr-dev-lab,vf-hu-tr-dev-bq-tempstorage,
RGU_DEV,APEX_TSH_M_CAPEX,rgu_dev,apex_tsh_m_capex,apex_tsh_m_capex,upc23_fusion_raw_to_raw,upc23_fusion_truncate_load,vf-hu-tr-dev-lab-cdf-1,europe-west1,gs://vfhu-trdh-rawingested-dmaap-devlab,upc,rgu_dev,apex_tsh_m_capex_recipe.txt,apex_tsh_m_capex_schema.txt,apex_tsh_m_capex,vf-hu-tr-dev-lab,vf-hu-tr-dev-lab,vf-hu-tr-dev-bq-tempstorage,
RGU_DEV,APEX_TSH_M_ELEKTROMOS,rgu_dev,apex_tsh_m_elektromos,apex_tsh_m_elektromos,upc23_fusion_raw_to_raw,upc23_fusion_truncate_load,vf-hu-tr-dev-lab-cdf-1,europe-west1,gs://vfhu-trdh-rawingested-dmaap-devlab,upc,rgu_dev,apex_tsh_m_elektromos_recipe.txt,apex_tsh_m_elektromos_schema.txt,apex_tsh_m_elektromos,vf-hu-tr-dev-lab,vf-hu-tr-dev-lab,vf-hu-tr-dev-bq-tempstorage,
RGU_DEV,APEX_TSH_M_EXPERT_STATUSZ,rgu_dev,apex_tsh_m_expert_statusz,apex_tsh_m_expert_statusz,upc23_fusion_raw_to_raw,upc23_fusion_truncate_load,vf-hu-tr-dev-lab-cdf-1,europe-west1,gs://vfhu-trdh-rawingested-dmaap-devlab,upc,rgu_dev,apex_tsh_m_expert_statusz_recipe.txt,apex_tsh_m_expert_statusz_schema.txt,apex_tsh_m_expert_statusz,vf-hu-tr-dev-lab,vf-hu-tr-dev-lab,vf-hu-tr-dev-bq-tempstorage,
RGU_DEV,APEX_TSH_M_FEJALLOMAS,rgu_dev,apex_tsh_m_fejallomas,apex_tsh_m_fejallomas,upc23_fusion_raw_to_raw,upc23_fusion_truncate_load,vf-hu-tr-dev-lab-cdf-1,europe-west1,gs://vfhu-trdh-rawingested-dmaap-devlab,upc,rgu_dev,apex_tsh_m_fejallomas_recipe.txt,apex_tsh_m_fejallomas_schema.txt,apex_tsh_m_fejallomas,vf-hu-tr-dev-lab,vf-hu-tr-dev-lab,vf-hu-tr-dev-bq-tempstorage,
RGU_DEV,APEX_TSH_M_FELADAT,rgu_dev,apex_tsh_m_feladat,apex_tsh_m_feladat,upc23_fusion_raw_to_raw,upc23_fusion_truncate_load,vf-hu-tr-dev-lab-cdf-1,europe-west1,gs://vfhu-trdh-rawingested-dmaap-devlab,upc,rgu_dev,apex_tsh_m_feladat_recipe.txt,apex_tsh_m_feladat_schema.txt,apex_tsh_m_feladat,vf-hu-tr-dev-lab,vf-hu-tr-dev-lab,vf-hu-tr-dev-bq-tempstorage,
RGU_DEV,APEX_TSH_M_OPTIKAI_OSSZ,rgu_dev,apex_tsh_m_optikai_ossz,apex_tsh_m_optikai_ossz,upc23_fusion_raw_to_raw,upc23_fusion_truncate_load,vf-hu-tr-dev-lab-cdf-1,europe-west1,gs://vfhu-trdh-rawingested-dmaap-devlab,upc,rgu_dev,apex_tsh_m_optikai_ossz_recipe.txt,apex_tsh_m_optikai_ossz_schema.txt,apex_tsh_m_optikai_ossz,vf-hu-tr-dev-lab,vf-hu-tr-dev-lab,vf-hu-tr-dev-bq-tempstorage,
RGU_DEV,APEX_TSH_M_OSSZEFOGLALO,rgu_dev,apex_tsh_m_osszefoglalo,apex_tsh_m_osszefoglalo,upc23_fusion_raw_to_raw,upc23_fusion_truncate_load,vf-hu-tr-dev-lab-cdf-1,europe-west1,gs://vfhu-trdh-rawingested-dmaap-devlab,upc,rgu_dev,apex_tsh_m_osszefoglalo_recipe.txt,apex_tsh_m_osszefoglalo_schema.txt,apex_tsh_m_osszefoglalo,vf-hu-tr-dev-lab,vf-hu-tr-dev-lab,vf-hu-tr-dev-bq-tempstorage,
RGU_DEV,APEX_TSH_M_PARAM,rgu_dev,apex_tsh_m_param,apex_tsh_m_param,upc23_fusion_raw_to_raw,upc23_fusion_truncate_load,vf-hu-tr-dev-lab-cdf-1,europe-west1,gs://vfhu-trdh-rawingested-dmaap-devlab,upc,rgu_dev,apex_tsh_m_param_recipe.txt,apex_tsh_m_param_schema.txt,apex_tsh_m_param,vf-hu-tr-dev-lab,vf-hu-tr-dev-lab,vf-hu-tr-dev-bq-tempstorage,
RGU_DEV,APEX_TSH_M_TERULETI_EXP,rgu_dev,apex_tsh_m_teruleti_exp,apex_tsh_m_teruleti_exp,upc23_fusion_raw_to_raw,upc23_fusion_truncate_load,vf-hu-tr-dev-lab-cdf-1,europe-west1,gs://vfhu-trdh-rawingested-dmaap-devlab,upc,rgu_dev,apex_tsh_m_teruleti_exp_recipe.txt,apex_tsh_m_teruleti_exp_schema.txt,apex_tsh_m_teruleti_exp,vf-hu-tr-dev-lab,vf-hu-tr-dev-lab,vf-hu-tr-dev-bq-tempstorage,
RGU_DEV,APEX_TSH_M_V_STATUSZ,rgu_dev,apex_tsh_m_v_statusz,apex_tsh_m_v_statusz,upc23_fusion_raw_to_raw,upc23_fusion_truncate_load,vf-hu-tr-dev-lab-cdf-1,europe-west1,gs://vfhu-trdh-rawingested-dmaap-devlab,upc,rgu_dev,apex_tsh_m_v_statusz_recipe.txt,apex_tsh_m_v_statusz_schema.txt,apex_tsh_m_v_statusz,vf-hu-tr-dev-lab,vf-hu-tr-dev-lab,vf-hu-tr-dev-bq-tempstorage,
RGU_DEV,APEX_TSH_M_ZIP,rgu_dev,apex_tsh_m_zip,apex_tsh_m_zip,upc23_fusion_raw_to_raw,upc23_fusion_truncate_load,vf-hu-tr-dev-lab-cdf-1,europe-west1,gs://vfhu-trdh-rawingested-dmaap-devlab,upc,rgu_dev,apex_tsh_m_zip_recipe.txt,apex_tsh_m_zip_schema.txt,apex_tsh_m_zip,vf-hu-tr-dev-lab,vf-hu-tr-dev-lab,vf-hu-tr-dev-bq-tempstorage,
RGU_DEV,APEX_USERS,rgu_dev,apex_users,apex_users,upc23_fusion_raw_to_raw,upc23_fusion_truncate_load,vf-hu-tr-dev-lab-cdf-1,europe-west1,gs://vfhu-trdh-rawingested-dmaap-devlab,upc,rgu_dev,apex_users_recipe.txt,apex_users_schema.txt,apex_users,vf-hu-tr-dev-lab,vf-hu-tr-dev-lab,vf-hu-tr-dev-bq-tempstorage,
RGU_DEV,APEX_USERS_COL_ROLE,rgu_dev,apex_users_col_role,apex_users_col_role,upc23_fusion_raw_to_raw,upc23_fusion_truncate_load,vf-hu-tr-dev-lab-cdf-1,europe-west1,gs://vfhu-trdh-rawingested-dmaap-devlab,upc,rgu_dev,apex_users_col_role_recipe.txt,apex_users_col_role_schema.txt,apex_users_col_role,vf-hu-tr-dev-lab,vf-hu-tr-dev-lab,vf-hu-tr-dev-bq-tempstorage,
ODB_FFM_ODB,APPOINTMENT,odb_ffm_odb,appointment,appointment,upc23_fusion_raw_to_raw,upc23_fusion_truncate_load,vf-hu-tr-dev-lab-cdf-1,europe-west1,gs://vfhu-trdh-rawingested-dmaap-devlab,upc,ffm_odb,appointment_recipe.txt,appointment_schema.txt,appointment,vf-hu-tr-dev-lab,vf-hu-tr-dev-lab,vf-hu-tr-dev-bq-tempstorage,
BACKLOG_DBO,BACKLOG_OPEN_WO_TASKS,backlog_dbo,backlog_open_wo_tasks,backlog_open_wo_tasks,upc23_fusion_raw_to_raw,upc23_fusion_insert_append,vf-hu-tr-dev-lab-cdf-1,europe-west1,gs://vfhu-trdh-rawingested-dmaap-devlab,upc,backlog,backlog_open_wo_tasks_recipe.txt,backlog_open_wo_tasks_schema.txt,backlog_open_wo_tasks,vf-hu-tr-dev-lab,vf-hu-tr-dev-lab,vf-hu-tr-dev-bq-tempstorage,
IFLYER_ADMIN,CON_SUBSCRIBER_CONTACT,iflyer_admin,con_subscriber_contact,con_subscriber_contact,upc23_fusion_raw_to_raw,upc23_fusion_truncate_load,vf-hu-tr-dev-lab-cdf-1,europe-west1,gs://vfhu-trdh-rawingested-dmaap-devlab,upc,iflyer_admin,con_subscriber_contact_recipe.txt,con_subscriber_contact_schema.txt,con_subscriber_contact,vf-hu-tr-dev-lab,vf-hu-tr-dev-lab,vf-hu-tr-dev-bq-tempstorage,
IFLYER_ACC,CONTROL_RECORD,iflyer_acc,control_record,control_record,upc23_fusion_raw_to_raw,upc23_fusion_truncate_load,vf-hu-tr-dev-lab-cdf-1,europe-west1,gs://vfhu-trdh-rawingested-dmaap-devlab,upc,iflyer_acc,control_record_recipe.txt,control_record_schema.txt,control_record,vf-hu-tr-dev-lab,vf-hu-tr-dev-lab,vf-hu-tr-dev-bq-tempstorage,
RGU_DWH_DM,D_ACC_ACCUMULATOR,rgu_dwh_dm,d_acc_accumulator,d_acc_accumulator,upc23_fusion_raw_to_raw,upc23_fusion_truncate_load,vf-hu-tr-dev-lab-cdf-1,europe-west1,gs://vfhu-trdh-rawingested-dmaap-devlab,upc,dwh_dm,d_acc_accumulator_recipe.txt,d_acc_accumulator_schema.txt,d_acc_accumulator,vf-hu-tr-dev-lab,vf-hu-tr-dev-lab,vf-hu-tr-dev-bq-tempstorage,
RGU_DWH_DM,D_ACC_BILL_CYCLE,rgu_dwh_dm,d_acc_bill_cycle,d_acc_bill_cycle,upc23_fusion_raw_to_raw,upc23_fusion_truncate_load,vf-hu-tr-dev-lab-cdf-1,europe-west1,gs://vfhu-trdh-rawingested-dmaap-devlab,upc,dwh_dm,d_acc_bill_cycle_recipe.txt,d_acc_bill_cycle_schema.txt,d_acc_bill_cycle,vf-hu-tr-dev-lab,vf-hu-tr-dev-lab,vf-hu-tr-dev-bq-tempstorage,
RGU_DWH_DM,D_ACC_SUBS,rgu_dwh_dm,d_acc_subs,d_acc_subs,upc23_fusion_raw_to_raw,upc23_fusion_SCD2,vf-hu-tr-dev-lab-cdf-1,europe-west1,gs://vfhu-trdh-rawingested-dmaap-devlab,upc,dwh_dm,d_acc_subs_recipe.txt,d_acc_subs_schema.txt,d_acc_subs,vf-hu-tr-dev-lab,vf-hu-tr-dev-lab,vf-hu-tr-dev-bq-tempstorage,
RGU_DWH_DM,D_ACC_SUBS_STATUS,rgu_dwh_dm,d_acc_subs_status,d_acc_subs_status,upc23_fusion_raw_to_raw,upc23_fusion_truncate_load,vf-hu-tr-dev-lab-cdf-1,europe-west1,gs://vfhu-trdh-rawingested-dmaap-devlab,upc,dwh_dm,d_acc_subs_status_recipe.txt,d_acc_subs_status_schema.txt,d_acc_subs_status,vf-hu-tr-dev-lab,vf-hu-tr-dev-lab,vf-hu-tr-dev-bq-tempstorage,
RGU_DWH_DM,D_ACC_SUBS_WALLETACCO,rgu_dwh_dm,d_acc_subs_walletacco,d_acc_subs_walletacco,upc23_fusion_raw_to_raw,upc23_fusion_truncate_load,vf-hu-tr-dev-lab-cdf-1,europe-west1,gs://vfhu-trdh-rawingested-dmaap-devlab,upc,dwh_dm,d_acc_subs_walletacco_recipe.txt,d_acc_subs_walletacco_schema.txt,d_acc_subs_walletacco,vf-hu-tr-dev-lab,vf-hu-tr-dev-lab,vf-hu-tr-dev-bq-tempstorage,
RGU_DWH_DM,D_AGENT,rgu_dwh_dm,d_agent,d_agent,upc23_fusion_raw_to_raw,upc23_fusion_SCD2,vf-hu-tr-dev-lab-cdf-1,europe-west1,gs://vfhu-trdh-rawingested-dmaap-devlab,upc,dwh_dm,d_agent_recipe.txt,d_agent_schema.txt,d_agent,vf-hu-tr-dev-lab,vf-hu-tr-dev-lab,vf-hu-tr-dev-bq-tempstorage,
RGU_DWH_DM,D_CALENDAR,rgu_dwh_dm,d_calendar,d_calendar,upc23_fusion_raw_to_raw,upc23_fusion_truncate_load,vf-hu-tr-dev-lab-cdf-1,europe-west1,gs://vfhu-trdh-rawingested-dmaap-devlab,upc,dwh_dm,d_calendar_recipe.txt,d_calendar_schema.txt,d_calendar,vf-hu-tr-dev-lab,vf-hu-tr-dev-lab,vf-hu-tr-dev-bq-tempstorage,
RGU_DWH_DM,D_CCS_USER,rgu_dwh_dm,d_ccs_user,d_ccs_user,upc23_fusion_raw_to_raw,upc23_fusion_SCD2,vf-hu-tr-dev-lab-cdf-1,europe-west1,gs://vfhu-trdh-rawingested-dmaap-devlab,upc,dwh_dm,d_ccs_user_recipe.txt,d_ccs_user_schema.txt,d_ccs_user,vf-hu-tr-dev-lab,vf-hu-tr-dev-lab,vf-hu-tr-dev-bq-tempstorage,
RGU_DWH_DM,D_SLS_DEVICE,rgu_dwh_dm,d_sls_device,d_sls_device,upc23_fusion_raw_to_raw,upc23_fusion_SCD2,vf-hu-tr-dev-lab-cdf-1,europe-west1,gs://vfhu-trdh-rawingested-dmaap-devlab,upc,dwh_dm,d_sls_device_recipe.txt,d_sls_device_schema.txt,d_sls_device,vf-hu-tr-dev-lab,vf-hu-tr-dev-lab,vf-hu-tr-dev-bq-tempstorage,
RGU_DWH_DM,D_SLS_DEVICE_TYPE,rgu_dwh_dm,d_sls_device_type,d_sls_device_type,upc23_fusion_raw_to_raw,upc23_fusion_SCD2,vf-hu-tr-dev-lab-cdf-1,europe-west1,gs://vfhu-trdh-rawingested-dmaap-devlab,upc,dwh_dm,d_sls_device_type_recipe.txt,d_sls_device_type_schema.txt,d_sls_device_type,vf-hu-tr-dev-lab,vf-hu-tr-dev-lab,vf-hu-tr-dev-bq-tempstorage,
IFLYER_ADMIN,DMD_DEMAND,iflyer_admin,dmd_demand,dmd_demand,upc23_fusion_raw_to_raw,upc23_fusion_truncate_load,vf-hu-tr-dev-lab-cdf-1,europe-west1,gs://vfhu-trdh-rawingested-dmaap-devlab,upc,iflyer_admin,dmd_demand_recipe.txt,dmd_demand_schema.txt,dmd_demand,vf-hu-tr-dev-lab,vf-hu-tr-dev-lab,vf-hu-tr-dev-bq-tempstorage,
RGU_DWH_DM,F_ACC_SUBS_PROMOTIONS,rgu_dwh_dm,f_acc_subs_promotions,f_acc_subs_promotions,upc23_fusion_raw_to_raw,upc23_fusion_SCD2,vf-hu-tr-dev-lab-cdf-1,europe-west1,gs://vfhu-trdh-rawingested-dmaap-devlab,upc,dwh_dm,f_acc_subs_promotions_recipe.txt,f_acc_subs_promotions_schema.txt,f_acc_subs_promotions,vf-hu-tr-dev-lab,vf-hu-tr-dev-lab,vf-hu-tr-dev-bq-tempstorage,
RGU_DWH_DM,F_ACC_TRAFFIC,rgu_dwh_dm,f_acc_traffic,f_acc_traffic,upc23_fusion_raw_to_raw,upc23_fusion_truncate_load,vf-hu-tr-dev-lab-cdf-1,europe-west1,gs://vfhu-trdh-rawingested-dmaap-devlab,upc,dwh_dm,f_acc_traffic_recipe.txt,f_acc_traffic_schema.txt,f_acc_traffic,vf-hu-tr-dev-lab,vf-hu-tr-dev-lab,vf-hu-tr-dev-bq-tempstorage,
RGU_DWH_DM,F_ACC_TRAFFIC_DAILY_AGGR,rgu_dwh_dm,f_acc_traffic_daily_aggr,f_acc_traffic_daily_aggr,upc23_fusion_raw_to_raw,upc23_fusion_truncate_load,vf-hu-tr-dev-lab-cdf-1,europe-west1,gs://vfhu-trdh-rawingested-dmaap-devlab,upc,dwh_dm,f_acc_traffic_daily_aggr_recipe.txt,f_acc_traffic_daily_aggr_schema.txt,f_acc_traffic_daily_aggr,vf-hu-tr-dev-lab,vf-hu-tr-dev-lab,vf-hu-tr-dev-bq-tempstorage,
RGU_DWH_DM,F_RET_CONTACT_PRODUCT_V,rgu_dwh_dm,f_ret_contact_product_v,f_ret_contact_product_v,upc23_fusion_raw_to_raw,upc23_fusion_SCD2,vf-hu-tr-dev-lab-cdf-1,europe-west1,gs://vfhu-trdh-rawingested-dmaap-devlab,upc,dwh_dm,f_ret_contact_product_v_recipe.txt,f_ret_contact_product_v_schema.txt,f_ret_contact_product_v,vf-hu-tr-dev-lab,vf-hu-tr-dev-lab,vf-hu-tr-dev-bq-tempstorage,
RGU_DWH_DM,F_RET_CONTACT_V,rgu_dwh_dm,f_ret_contact_v,f_ret_contact_v,upc23_fusion_raw_to_raw,upc23_fusion_SCD2,vf-hu-tr-dev-lab-cdf-1,europe-west1,gs://vfhu-trdh-rawingested-dmaap-devlab,upc,dwh_dm,f_ret_contact_v_recipe.txt,f_ret_contact_v_schema.txt,f_ret_contact_v,vf-hu-tr-dev-lab,vf-hu-tr-dev-lab,vf-hu-tr-dev-bq-tempstorage,
RGU_DWH_DM,F_SLS_DEVICE_SALES,rgu_dwh_dm,f_sls_device_sales,f_sls_device_sales,upc23_fusion_raw_to_raw,upc23_fusion_truncate_load,vf-hu-tr-dev-lab-cdf-1,europe-west1,gs://vfhu-trdh-rawingested-dmaap-devlab,upc,dwh_dm,f_sls_device_sales_recipe.txt,f_sls_device_sales_schema.txt,f_sls_device_sales,vf-hu-tr-dev-lab,vf-hu-tr-dev-lab,vf-hu-tr-dev-bq-tempstorage,
RGU_DWH_DM,F_WIZ_RGU_GR_MOVE_WEEKLY,rgu_dwh_dm,f_wiz_rgu_gr_move_weekly,f_wiz_rgu_gr_move_weekly,upc23_fusion_raw_to_raw,upc23_fusion_SCD1,vf-hu-tr-dev-lab-cdf-1,europe-west1,gs://vfhu-trdh-rawingested-dmaap-devlab,upc,dwh_dm,f_wiz_rgu_gr_move_weekly_recipe.txt,f_wiz_rgu_gr_move_weekly_schema.txt,f_wiz_rgu_gr_move_weekly,vf-hu-tr-dev-lab,vf-hu-tr-dev-lab,vf-hu-tr-dev-bq-tempstorage,
IFLYER_REPMG,FIN250,iflyer_repmg,fin250,fin250,upc23_fusion_raw_to_raw,upc23_fusion_truncate_load,vf-hu-tr-dev-lab-cdf-1,europe-west1,gs://vfhu-trdh-rawingested-dmaap-devlab,upc,repmg,fin250_recipe.txt,fin250_schema.txt,fin250,vf-hu-tr-dev-lab,vf-hu-tr-dev-lab,vf-hu-tr-dev-bq-tempstorage,
IFLYER_ADMIN,INT_CCSS_CONTACT,iflyer_admin,int_ccss_contact,int_ccss_contact,upc23_fusion_raw_to_raw,upc23_fusion_truncate_load,vf-hu-tr-dev-lab-cdf-1,europe-west1,gs://vfhu-trdh-rawingested-dmaap-devlab,upc,iflyer_admin,int_ccss_contact_recipe.txt,int_ccss_contact_schema.txt,int_ccss_contact,vf-hu-tr-dev-lab,vf-hu-tr-dev-lab,vf-hu-tr-dev-bq-tempstorage,
ODB_FFM_ODB,INVENTORY,odb_ffm_odb,inventory,inventory,upc23_fusion_raw_to_raw,upc23_fusion_truncate_load,vf-hu-tr-dev-lab-cdf-1,europe-west1,gs://vfhu-trdh-rawingested-dmaap-devlab,upc,ffm_odb,inventory_recipe.txt,inventory_schema.txt,inventory,vf-hu-tr-dev-lab,vf-hu-tr-dev-lab,vf-hu-tr-dev-bq-tempstorage,
IFLYER_DAI,INVOICE,iflyer_dai,invoice,invoice,upc23_fusion_raw_to_raw,upc23_fusion_truncate_load,vf-hu-tr-dev-lab-cdf-1,europe-west1,gs://vfhu-trdh-rawingested-dmaap-devlab,upc,iflyer_dai,invoice_recipe.txt,invoice_schema.txt,invoice,vf-hu-tr-dev-lab,vf-hu-tr-dev-lab,vf-hu-tr-dev-bq-tempstorage,
IFLYER_DAI,INVOICE_INVOICE_ITEM_SW,iflyer_dai,invoice_invoice_item_sw,invoice_invoice_item_sw,upc23_fusion_raw_to_raw,upc23_fusion_truncate_load,vf-hu-tr-dev-lab-cdf-1,europe-west1,gs://vfhu-trdh-rawingested-dmaap-devlab,upc,iflyer_dai,invoice_invoice_item_sw_recipe.txt,invoice_invoice_item_sw_schema.txt,invoice_invoice_item_sw,vf-hu-tr-dev-lab,vf-hu-tr-dev-lab,vf-hu-tr-dev-bq-tempstorage,
IFLYER_DAI,INVOICE_ITEM,iflyer_dai,invoice_item,invoice_item,upc23_fusion_raw_to_raw,upc23_fusion_truncate_load,vf-hu-tr-dev-lab-cdf-1,europe-west1,gs://vfhu-trdh-rawingested-dmaap-devlab,upc,iflyer_dai,invoice_item_recipe.txt,invoice_item_schema.txt,invoice_item,vf-hu-tr-dev-lab,vf-hu-tr-dev-lab,vf-hu-tr-dev-bq-tempstorage,
RGU_DWH_REP,IZ_ACC_SDR_SUBS_NUM,rgu_dwh_rep,iz_acc_sdr_subs_num,iz_acc_sdr_subs_num,upc23_fusion_raw_to_raw,upc23_fusion_truncate_load,vf-hu-tr-dev-lab-cdf-1,europe-west1,gs://vfhu-trdh-rawingested-dmaap-devlab,upc,dwh_rep,iz_acc_sdr_subs_num_recipe.txt,iz_acc_sdr_subs_num_schema.txt,iz_acc_sdr_subs_num,vf-hu-tr-dev-lab,vf-hu-tr-dev-lab,vf-hu-tr-dev-bq-tempstorage,
CCSS,IZ_FTR_CATEGORY,ccss,iz_ftr_category,iz_ftr_category,upc23_fusion_raw_to_raw,upc23_fusion_truncate_load,vf-hu-tr-dev-lab-cdf-1,europe-west1,gs://vfhu-trdh-rawingested-dmaap-devlab,upc,riporting,iz_ftr_category_recipe.txt,iz_ftr_category_schema.txt,iz_ftr_category,vf-hu-tr-dev-lab,vf-hu-tr-dev-lab,vf-hu-tr-dev-bq-tempstorage,
ODB_FFM_ODB,JOB,odb_ffm_odb,job,job,upc23_fusion_raw_to_raw,upc23_fusion_truncate_load,vf-hu-tr-dev-lab-cdf-1,europe-west1,gs://vfhu-trdh-rawingested-dmaap-devlab,upc,ffm_odb,job_recipe.txt,job_schema.txt,job,vf-hu-tr-dev-lab,vf-hu-tr-dev-lab,vf-hu-tr-dev-bq-tempstorage,
RGU_DEV,MV_APEX_TSH_CCSS_DATA,rgu_dev,mv_apex_tsh_ccss_data,mv_apex_tsh_ccss_data,upc23_fusion_raw_to_raw,upc23_fusion_truncate_load,vf-hu-tr-dev-lab-cdf-1,europe-west1,gs://vfhu-trdh-rawingested-dmaap-devlab,upc,rgu_dev,mv_apex_tsh_ccss_data_recipe.txt,mv_apex_tsh_ccss_data_schema.txt,mv_apex_tsh_ccss_data,vf-hu-tr-dev-lab,vf-hu-tr-dev-lab,vf-hu-tr-dev-bq-tempstorage,
RGU_DWH_DM,P_ACC_TARIFF,rgu_dwh_dm,p_acc_tariff,p_acc_tariff,upc23_fusion_raw_to_raw,upc23_fusion_SCD2,vf-hu-tr-dev-lab-cdf-1,europe-west1,gs://vfhu-trdh-rawingested-dmaap-devlab,upc,dwh_dm,p_acc_tariff_recipe.txt,p_acc_tariff_schema.txt,p_acc_tariff,vf-hu-tr-dev-lab,vf-hu-tr-dev-lab,vf-hu-tr-dev-bq-tempstorage,
IFLYER_ADMIN,PRD_PRODUCT_CATEGORY,iflyer_admin,prd_product_category,prd_product_category,upc23_fusion_raw_to_raw,upc23_fusion_truncate_load,vf-hu-tr-dev-lab-cdf-1,europe-west1,gs://vfhu-trdh-rawingested-dmaap-devlab,upc,iflyer_admin,prd_product_category_recipe.txt,prd_product_category_schema.txt,prd_product_category,vf-hu-tr-dev-lab,vf-hu-tr-dev-lab,vf-hu-tr-dev-bq-tempstorage,
ODB_FFM_ODB,PROBLEM,odb_ffm_odb,problem,problem,upc23_fusion_raw_to_raw,upc23_fusion_SCD2,vf-hu-tr-dev-lab-cdf-1,europe-west1,gs://vfhu-trdh-rawingested-dmaap-devlab,upc,ffm_odb,problem_recipe.txt,problem_schema.txt,problem,vf-hu-tr-dev-lab,vf-hu-tr-dev-lab,vf-hu-tr-dev-bq-tempstorage,
ODB_FFM_ODB,QUEUE,odb_ffm_odb,queue,queue,upc23_fusion_raw_to_raw,upc23_fusion_truncate_load,vf-hu-tr-dev-lab-cdf-1,europe-west1,gs://vfhu-trdh-rawingested-dmaap-devlab,upc,ffm_odb,queue_recipe.txt,queue_schema.txt,queue,vf-hu-tr-dev-lab,vf-hu-tr-dev-lab,vf-hu-tr-dev-bq-tempstorage,
ODB_FFM_ODB,RESOLUTION,odb_ffm_odb,resolution,resolution,upc23_fusion_raw_to_raw,upc23_fusion_SCD2,vf-hu-tr-dev-lab-cdf-1,europe-west1,gs://vfhu-trdh-rawingested-dmaap-devlab,upc,ffm_odb,resolution_recipe.txt,resolution_schema.txt,resolution,vf-hu-tr-dev-lab,vf-hu-tr-dev-lab,vf-hu-tr-dev-bq-tempstorage,
IFLYER_DAI_TRAIN,STORNO_REPORT,iflyer_dai_train,storno_report,storno_report,upc23_fusion_raw_to_raw,upc23_fusion_truncate_load,vf-hu-tr-dev-lab-cdf-1,europe-west1,gs://vfhu-trdh-rawingested-dmaap-devlab,upc,iflyer_dai_train,storno_report_recipe.txt,storno_report_schema.txt,storno_report,vf-hu-tr-dev-lab,vf-hu-tr-dev-lab,vf-hu-tr-dev-bq-tempstorage,
CCSS,SUBJECT_SUB_TYPE,ccss,subject_sub_type,subject_sub_type,upc23_fusion_raw_to_raw,upc23_fusion_truncate_load,vf-hu-tr-dev-lab-cdf-1,europe-west1,gs://vfhu-trdh-rawingested-dmaap-devlab,upc,ccss,subject_sub_type_recipe.txt,subject_sub_type_schema.txt,subject_sub_type,vf-hu-tr-dev-lab,vf-hu-tr-dev-lab,vf-hu-tr-dev-bq-tempstorage,
IFLYER_ACC,SUBSCRIBER,iflyer_acc,subscriber,subscriber,upc23_fusion_raw_to_raw,upc23_fusion_truncate_load,vf-hu-tr-dev-lab-cdf-1,europe-west1,gs://vfhu-trdh-rawingested-dmaap-devlab,upc,iflyer_acc,subscriber_recipe.txt,subscriber_schema.txt,subscriber,vf-hu-tr-dev-lab,vf-hu-tr-dev-lab,vf-hu-tr-dev-bq-tempstorage,
IFLYER_ACC,SUBSCRIBER_H,iflyer_acc,subscriber_h,subscriber_h,upc23_fusion_raw_to_raw,upc23_fusion_SCD2,vf-hu-tr-dev-lab-cdf-1,europe-west1,gs://vfhu-trdh-rawingested-dmaap-devlab,upc,iflyer_acc,subscriber_h_recipe.txt,subscriber_h_schema.txt,subscriber_h,vf-hu-tr-dev-lab,vf-hu-tr-dev-lab,vf-hu-tr-dev-bq-tempstorage,
CCSS,SVC_DECODE2,ccss,svc_decode2,svc_decode2,upc23_fusion_raw_to_raw,upc23_fusion_truncate_load,vf-hu-tr-dev-lab-cdf-1,europe-west1,gs://vfhu-trdh-rawingested-dmaap-devlab,upc,ccss_nezo,svc_decode2_recipe.txt,svc_decode2_schema.txt,svc_decode2,vf-hu-tr-dev-lab,vf-hu-tr-dev-lab,vf-hu-tr-dev-bq-tempstorage,
CCSS,USERS,ccss,users,users,upc23_fusion_raw_to_raw,upc23_fusion_truncate_load,vf-hu-tr-dev-lab-cdf-1,europe-west1,gs://vfhu-trdh-rawingested-dmaap-devlab,upc,ccss,users_recipe.txt,users_schema.txt,users,vf-hu-tr-dev-lab,vf-hu-tr-dev-lab,vf-hu-tr-dev-bq-tempstorage,
IFLYER_ACC,W7_SUBSCRIBER,iflyer_acc,w7_subscriber,w7_subscriber,upc23_fusion_raw_to_raw,upc23_fusion_truncate_load,vf-hu-tr-dev-lab-cdf-1,europe-west1,gs://vfhu-trdh-rawingested-dmaap-devlab,upc,iflyer_acc,w7_subscriber_recipe.txt,w7_subscriber_schema.txt,w7_subscriber,vf-hu-tr-dev-lab,vf-hu-tr-dev-lab,vf-hu-tr-dev-bq-tempstorage,
CCSS,WIZ_WO_JOBS_HIST,ccss,wiz_wo_jobs_hist,wiz_wo_jobs_hist,upc23_fusion_raw_to_raw,upc23_fusion_truncate_load,vf-hu-tr-dev-lab-cdf-1,europe-west1,gs://vfhu-trdh-rawingested-dmaap-devlab,upc,prod7_dba,wiz_wo_jobs_hist_recipe.txt,wiz_wo_jobs_hist_schema.txt,wiz_wo_jobs_hist,vf-hu-tr-dev-lab,vf-hu-tr-dev-lab,vf-hu-tr-dev-bq-tempstorage,
