bq.dataset,TARGET_TABLE_NAME,bq.dataset (Lower),Lower Table Name,file_name,raw_raw_pipeline_name,raw_curation_pipeline_name,instance_name,location, runtime_args:GCS_Input_Path(Bucket Name), runtime_args:GCS_Input_Path(owner), runtime_args:GCS_Input_Path(Schema),recipe,schema,bq.table,gcs.project,bq.project,bq.TempStorage, runtime_args: header
NC_COLLECTION,COLL_EMP_LEVEL,nc_collection,coll_emp_level,coll_emp_level,nc23_fusion_raw_to_raw,nc23_scd2_full_load,vf-hu-tr-dev-lab-cdf-1,europe-west1,gs://vfhu-trdh-rawingested-dmaap-devlab,nc,geneva_admin,coll_emp_level_recipe.txt,coll_emp_level_schema.txt,coll_emp_level,vf-hu-tr-dev-lab,vf-hu-tr-dev-lab,vf-hu-tr-dev-bq-tempstorage,
NC_COLLECTION,COLL_EMP_STATUS,nc_collection,coll_emp_status,coll_emp_status,nc23_fusion_raw_to_raw,nc23_scd2_full_load,vf-hu-tr-dev-lab-cdf-1,europe-west1,gs://vfhu-trdh-rawingested-dmaap-devlab,nc,geneva_admin,coll_emp_status_recipe.txt,coll_emp_status_schema.txt,coll_emp_status,vf-hu-tr-dev-lab,vf-hu-tr-dev-lab,vf-hu-tr-dev-bq-tempstorage,
NC_COLLECTION,COLL_NTFCTN_TOKEN,nc_collection,coll_ntfctn_token,coll_ntfctn_token,nc23_fusion_raw_to_raw,nc23_scd2_full_load,vf-hu-tr-dev-lab-cdf-1,europe-west1,gs://vfhu-trdh-rawingested-dmaap-devlab,nc,geneva_admin,coll_ntfctn_token_recipe.txt,coll_ntfctn_token_schema.txt,coll_ntfctn_token,vf-hu-tr-dev-lab,vf-hu-tr-dev-lab,vf-hu-tr-dev-bq-tempstorage,
NC_COLLECTION,COLL_OTC_ID,nc_collection,coll_otc_id,coll_otc_id,nc23_fusion_raw_to_raw,nc23_scd2_full_load,vf-hu-tr-dev-lab-cdf-1,europe-west1,gs://vfhu-trdh-rawingested-dmaap-devlab,nc,geneva_admin,coll_otc_id_recipe.txt,coll_otc_id_schema.txt,coll_otc_id,vf-hu-tr-dev-lab,vf-hu-tr-dev-lab,vf-hu-tr-dev-bq-tempstorage,
NC_COLLECTION,COLL_PYMT_MTHD,nc_collection,coll_pymt_mthd,coll_pymt_mthd,nc23_fusion_raw_to_raw,nc23_scd2_full_load,vf-hu-tr-dev-lab-cdf-1,europe-west1,gs://vfhu-trdh-rawingested-dmaap-devlab,nc,geneva_admin,coll_pymt_mthd_recipe.txt,coll_pymt_mthd_schema.txt,coll_pymt_mthd,vf-hu-tr-dev-lab,vf-hu-tr-dev-lab,vf-hu-tr-dev-bq-tempstorage,
NC_COLLECTION,COLL_QUOTA_LEVEL,nc_collection,coll_quota_level,coll_quota_level,nc23_fusion_raw_to_raw,nc23_scd2_full_load,vf-hu-tr-dev-lab-cdf-1,europe-west1,gs://vfhu-trdh-rawingested-dmaap-devlab,nc,geneva_admin,coll_quota_level_recipe.txt,coll_quota_level_schema.txt,coll_quota_level,vf-hu-tr-dev-lab,vf-hu-tr-dev-lab,vf-hu-tr-dev-bq-tempstorage,
NC_COLLECTION,COLL_STATE,nc_collection,coll_state,coll_state,nc23_fusion_raw_to_raw,nc23_scd2_full_load,vf-hu-tr-dev-lab-cdf-1,europe-west1,gs://vfhu-trdh-rawingested-dmaap-devlab,nc,geneva_admin,coll_state_recipe.txt,coll_state_schema.txt,coll_state,vf-hu-tr-dev-lab,vf-hu-tr-dev-lab,vf-hu-tr-dev-bq-tempstorage,
NC_COLLECTION,COLL_TRTMNT_ACTION_APPRVL,nc_collection,coll_trtmnt_action_apprvl,coll_trtmnt_action_apprvl,nc23_fusion_raw_to_raw,nc23_scd2_full_load,vf-hu-tr-dev-lab-cdf-1,europe-west1,gs://vfhu-trdh-rawingested-dmaap-devlab,nc,geneva_admin,coll_trtmnt_action_apprvl_recipe.txt,coll_trtmnt_action_apprvl_schema.txt,coll_trtmnt_action_apprvl,vf-hu-tr-dev-lab,vf-hu-tr-dev-lab,vf-hu-tr-dev-bq-tempstorage,
NC_COLLECTION,COLL_TRTMNT_STAGE,nc_collection,coll_trtmnt_stage,coll_trtmnt_stage,nc23_fusion_raw_to_raw,nc23_scd2_full_load,vf-hu-tr-dev-lab-cdf-1,europe-west1,gs://vfhu-trdh-rawingested-dmaap-devlab,nc,geneva_admin,coll_trtmnt_stage_recipe.txt,coll_trtmnt_stage_schema.txt,coll_trtmnt_stage,vf-hu-tr-dev-lab,vf-hu-tr-dev-lab,vf-hu-tr-dev-bq-tempstorage,
NC_COLLECTION,COLL_TRTMNT_TYPE,nc_collection,coll_trtmnt_type,coll_trtmnt_type,nc23_fusion_raw_to_raw,nc23_scd2_full_load,vf-hu-tr-dev-lab-cdf-1,europe-west1,gs://vfhu-trdh-rawingested-dmaap-devlab,nc,geneva_admin,coll_trtmnt_type_recipe.txt,coll_trtmnt_type_schema.txt,coll_trtmnt_type,vf-hu-tr-dev-lab,vf-hu-tr-dev-lab,vf-hu-tr-dev-bq-tempstorage,
NC_COLLECTION,COLL_UI_VALUE_LIST,nc_collection,coll_ui_value_list,coll_ui_value_list,nc23_fusion_raw_to_raw,nc23_scd2_full_load,vf-hu-tr-dev-lab-cdf-1,europe-west1,gs://vfhu-trdh-rawingested-dmaap-devlab,nc,geneva_admin,coll_ui_value_list_recipe.txt,coll_ui_value_list_schema.txt,coll_ui_value_list,vf-hu-tr-dev-lab,vf-hu-tr-dev-lab,vf-hu-tr-dev-bq-tempstorage,
NC_COLLECTION,COLL_USER_FORCED_LOGOFF,nc_collection,coll_user_forced_logoff,coll_user_forced_logoff,nc23_fusion_raw_to_raw,nc23_scd2_full_load,vf-hu-tr-dev-lab-cdf-1,europe-west1,gs://vfhu-trdh-rawingested-dmaap-devlab,nc,geneva_admin,coll_user_forced_logoff_recipe.txt,coll_user_forced_logoff_schema.txt,coll_user_forced_logoff,vf-hu-tr-dev-lab,vf-hu-tr-dev-lab,vf-hu-tr-dev-bq-tempstorage,
NC_COLLECTION,COLL_USER_WORK_TIME,nc_collection,coll_user_work_time,coll_user_work_time,nc23_fusion_raw_to_raw,nc23_scd2_full_load,vf-hu-tr-dev-lab-cdf-1,europe-west1,gs://vfhu-trdh-rawingested-dmaap-devlab,nc,geneva_admin,coll_user_work_time_recipe.txt,coll_user_work_time_schema.txt,coll_user_work_time,vf-hu-tr-dev-lab,vf-hu-tr-dev-lab,vf-hu-tr-dev-bq-tempstorage,
NC_COLLECTION,FILE_FIELD_DEFS,nc_collection,file_field_defs,file_field_defs,nc23_fusion_raw_to_raw,nc23_scd2_full_load,vf-hu-tr-dev-lab-cdf-1,europe-west1,gs://vfhu-trdh-rawingested-dmaap-devlab,nc,geneva_admin,file_field_defs_recipe.txt,file_field_defs_schema.txt,file_field_defs,vf-hu-tr-dev-lab,vf-hu-tr-dev-lab,vf-hu-tr-dev-bq-tempstorage,
NC_COLLECTION,FILE_INFO,nc_collection,file_info,file_info,nc23_fusion_raw_to_raw,nc23_scd2_full_load,vf-hu-tr-dev-lab-cdf-1,europe-west1,gs://vfhu-trdh-rawingested-dmaap-devlab,nc,geneva_admin,file_info_recipe.txt,file_info_schema.txt,file_info,vf-hu-tr-dev-lab,vf-hu-tr-dev-lab,vf-hu-tr-dev-bq-tempstorage,
NC_COLLECTION,MIGR_ACCT,nc_collection,migr_acct,migr_acct,nc23_fusion_raw_to_raw,nc23_scd2_full_load,vf-hu-tr-dev-lab-cdf-1,europe-west1,gs://vfhu-trdh-rawingested-dmaap-devlab,nc,geneva_admin,migr_acct_recipe.txt,migr_acct_schema.txt,migr_acct,vf-hu-tr-dev-lab,vf-hu-tr-dev-lab,vf-hu-tr-dev-bq-tempstorage,
NC_COLLECTION,MIGR_ACCT_TRTMNT_PRFRMD,nc_collection,migr_acct_trtmnt_prfrmd,migr_acct_trtmnt_prfrmd,nc23_fusion_raw_to_raw,nc23_scd2_full_load,vf-hu-tr-dev-lab-cdf-1,europe-west1,gs://vfhu-trdh-rawingested-dmaap-devlab,nc,geneva_admin,migr_acct_trtmnt_prfrmd_recipe.txt,migr_acct_trtmnt_prfrmd_schema.txt,migr_acct_trtmnt_prfrmd,vf-hu-tr-dev-lab,vf-hu-tr-dev-lab,vf-hu-tr-dev-bq-tempstorage,
NC_COLLECTION,MIGR_ACCT_TRTMNT_SCHD,nc_collection,migr_acct_trtmnt_schd,migr_acct_trtmnt_schd,nc23_fusion_raw_to_raw,nc23_scd2_full_load,vf-hu-tr-dev-lab-cdf-1,europe-west1,gs://vfhu-trdh-rawingested-dmaap-devlab,nc,geneva_admin,migr_acct_trtmnt_schd_recipe.txt,migr_acct_trtmnt_schd_schema.txt,migr_acct_trtmnt_schd,vf-hu-tr-dev-lab,vf-hu-tr-dev-lab,vf-hu-tr-dev-bq-tempstorage,
NC_TOMS,NC_ATTR_GROUPS,nc_toms,nc_attr_groups,nc_attr_groups,nc23_fusion_raw_to_raw,nc23_scd2_full_load,vf-hu-tr-dev-lab-cdf-1,europe-west1,gs://vfhu-trdh-rawingested-dmaap-devlab,nc,nrdb,nc_attr_groups_recipe.txt,nc_attr_groups_schema.txt,nc_attr_groups,vf-hu-tr-dev-lab,vf-hu-tr-dev-lab,vf-hu-tr-dev-bq-tempstorage,
NC_TOMS,NC_ATTR_OBJECT_TYPES,nc_toms,nc_attr_object_types,nc_attr_object_types,nc23_fusion_raw_to_raw,nc23_scd2_full_load,vf-hu-tr-dev-lab-cdf-1,europe-west1,gs://vfhu-trdh-rawingested-dmaap-devlab,nc,nrdb,nc_attr_object_types_recipe.txt,nc_attr_object_types_schema.txt,nc_attr_object_types,vf-hu-tr-dev-lab,vf-hu-tr-dev-lab,vf-hu-tr-dev-bq-tempstorage,
NC_TOMS,NC_ATTR_SCHEMES,nc_toms,nc_attr_schemes,nc_attr_schemes,nc23_fusion_raw_to_raw,nc23_scd2_full_load,vf-hu-tr-dev-lab-cdf-1,europe-west1,gs://vfhu-trdh-rawingested-dmaap-devlab,nc,nrdb,nc_attr_schemes_recipe.txt,nc_attr_schemes_schema.txt,nc_attr_schemes,vf-hu-tr-dev-lab,vf-hu-tr-dev-lab,vf-hu-tr-dev-bq-tempstorage,
NC_TOMS,NC_ATTR_TYPE_DEFS,nc_toms,nc_attr_type_defs,nc_attr_type_defs,nc23_fusion_raw_to_raw,nc23_scd2_full_load,vf-hu-tr-dev-lab-cdf-1,europe-west1,gs://vfhu-trdh-rawingested-dmaap-devlab,nc,nrdb,nc_attr_type_defs_recipe.txt,nc_attr_type_defs_schema.txt,nc_attr_type_defs,vf-hu-tr-dev-lab,vf-hu-tr-dev-lab,vf-hu-tr-dev-bq-tempstorage,
NC_TOMS,NC_ATTR_TYPES,nc_toms,nc_attr_types,nc_attr_types,nc23_fusion_raw_to_raw,nc23_scd2_full_load,vf-hu-tr-dev-lab-cdf-1,europe-west1,gs://vfhu-trdh-rawingested-dmaap-devlab,nc,nrdb,nc_attr_types_recipe.txt,nc_attr_types_schema.txt,nc_attr_types,vf-hu-tr-dev-lab,vf-hu-tr-dev-lab,vf-hu-tr-dev-bq-tempstorage,
NC_TOMS,NC_JEOPARDY_ACTIONS,nc_toms,nc_jeopardy_actions,nc_jeopardy_actions,nc23_fusion_raw_to_raw,nc23_scd2_full_load,vf-hu-tr-dev-lab-cdf-1,europe-west1,gs://vfhu-trdh-rawingested-dmaap-devlab,nc,nrdb,nc_jeopardy_actions_recipe.txt,nc_jeopardy_actions_schema.txt,nc_jeopardy_actions,vf-hu-tr-dev-lab,vf-hu-tr-dev-lab,vf-hu-tr-dev-bq-tempstorage,
NC_TOMS,NC_OBJECTS,nc_toms,nc_objects,nc_objects,nc23_fusion_raw_to_raw,nc23_scd2_full_load,vf-hu-tr-dev-lab-cdf-1,europe-west1,gs://vfhu-trdh-rawingested-dmaap-devlab,nc,nrdb,nc_objects_recipe.txt,nc_objects_schema.txt,nc_objects,vf-hu-tr-dev-lab,vf-hu-tr-dev-lab,vf-hu-tr-dev-bq-tempstorage,
NC_TOMS,NC_PO_ACTIONS_N2N,nc_toms,nc_po_actions_n2n,nc_po_actions_n2n,nc23_fusion_raw_to_raw,nc23_scd2_full_load,vf-hu-tr-dev-lab-cdf-1,europe-west1,gs://vfhu-trdh-rawingested-dmaap-devlab,nc,nrdb,nc_po_actions_n2n_recipe.txt,nc_po_actions_n2n_schema.txt,nc_po_actions_n2n,vf-hu-tr-dev-lab,vf-hu-tr-dev-lab,vf-hu-tr-dev-bq-tempstorage,
NC_TOMS,NC_PO_TASKS_N2N,nc_toms,nc_po_tasks_n2n,nc_po_tasks_n2n,nc23_fusion_raw_to_raw,nc23_scd2_full_load,vf-hu-tr-dev-lab-cdf-1,europe-west1,gs://vfhu-trdh-rawingested-dmaap-devlab,nc,nrdb,nc_po_tasks_n2n_recipe.txt,nc_po_tasks_n2n_schema.txt,nc_po_tasks_n2n,vf-hu-tr-dev-lab,vf-hu-tr-dev-lab,vf-hu-tr-dev-bq-tempstorage,
NC_TOMS,NC_REFERENCES,nc_toms,nc_references,nc_references,nc23_fusion_raw_to_raw,nc23_scd2_full_load,vf-hu-tr-dev-lab-cdf-1,europe-west1,gs://vfhu-trdh-rawingested-dmaap-devlab,nc,nrdb,nc_references_recipe.txt,nc_references_schema.txt,nc_references,vf-hu-tr-dev-lab,vf-hu-tr-dev-lab,vf-hu-tr-dev-bq-tempstorage,
NC_RBM_CORE,OPERATINGSYSTEM,nc_rbm_core,operatingsystem,operatingsystem,nc23_fusion_raw_to_raw,nc23_scd2_full_load,vf-hu-tr-dev-lab-cdf-1,europe-west1,gs://vfhu-trdh-rawingested-dmaap-devlab,nc,geneva_admin,operatingsystem_recipe.txt,operatingsystem_schema.txt,operatingsystem,vf-hu-tr-dev-lab,vf-hu-tr-dev-lab,vf-hu-tr-dev-bq-tempstorage,
NC_RBM_CORE,OSDLDELETEDDATA,nc_rbm_core,osdldeleteddata,osdldeleteddata,nc23_fusion_raw_to_raw,nc23_scd2_full_load,vf-hu-tr-dev-lab-cdf-1,europe-west1,gs://vfhu-trdh-rawingested-dmaap-devlab,nc,geneva_admin,osdldeleteddata_recipe.txt,osdldeleteddata_schema.txt,osdldeleteddata,vf-hu-tr-dev-lab,vf-hu-tr-dev-lab,vf-hu-tr-dev-bq-tempstorage,
NC_RBM_CORE,OUTPUTBINDING,nc_rbm_core,outputbinding,outputbinding,nc23_fusion_raw_to_raw,nc23_scd2_full_load,vf-hu-tr-dev-lab-cdf-1,europe-west1,gs://vfhu-trdh-rawingested-dmaap-devlab,nc,geneva_admin,outputbinding_recipe.txt,outputbinding_schema.txt,outputbinding,vf-hu-tr-dev-lab,vf-hu-tr-dev-lab,vf-hu-tr-dev-bq-tempstorage,
NC_RBM_CORE,PARAMDEFINITION,nc_rbm_core,paramdefinition,paramdefinition,nc23_fusion_raw_to_raw,nc23_scd2_full_load,vf-hu-tr-dev-lab-cdf-1,europe-west1,gs://vfhu-trdh-rawingested-dmaap-devlab,nc,geneva_admin,paramdefinition_recipe.txt,paramdefinition_schema.txt,paramdefinition,vf-hu-tr-dev-lab,vf-hu-tr-dev-lab,vf-hu-tr-dev-bq-tempstorage,
NC_RBM_CORE,PENDINGRERATEREQUEST,nc_rbm_core,pendingreraterequest,pendingreraterequest,nc23_fusion_raw_to_raw,nc23_scd2_full_load,vf-hu-tr-dev-lab-cdf-1,europe-west1,gs://vfhu-trdh-rawingested-dmaap-devlab,nc,geneva_admin,pendingreraterequest_recipe.txt,pendingreraterequest_schema.txt,pendingreraterequest,vf-hu-tr-dev-lab,vf-hu-tr-dev-lab,vf-hu-tr-dev-bq-tempstorage,
NC_RBM_CORE,PREDICATE,nc_rbm_core,predicate,predicate,nc23_fusion_raw_to_raw,nc23_scd2_full_load,vf-hu-tr-dev-lab-cdf-1,europe-west1,gs://vfhu-trdh-rawingested-dmaap-devlab,nc,geneva_admin,predicate_recipe.txt,predicate_schema.txt,predicate,vf-hu-tr-dev-lab,vf-hu-tr-dev-lab,vf-hu-tr-dev-bq-tempstorage,
NC_RBM_CORE,PREDICATEATTRIBUTE,nc_rbm_core,predicateattribute,predicateattribute,nc23_fusion_raw_to_raw,nc23_scd2_full_load,vf-hu-tr-dev-lab-cdf-1,europe-west1,gs://vfhu-trdh-rawingested-dmaap-devlab,nc,geneva_admin,predicateattribute_recipe.txt,predicateattribute_schema.txt,predicateattribute,vf-hu-tr-dev-lab,vf-hu-tr-dev-lab,vf-hu-tr-dev-bq-tempstorage,
NC_RBM_CORE,PREDICATEATTRIBUTEVALUE,nc_rbm_core,predicateattributevalue,predicateattributevalue,nc23_fusion_raw_to_raw,nc23_scd2_full_load,vf-hu-tr-dev-lab-cdf-1,europe-west1,gs://vfhu-trdh-rawingested-dmaap-devlab,nc,geneva_admin,predicateattributevalue_recipe.txt,predicateattributevalue_schema.txt,predicateattributevalue,vf-hu-tr-dev-lab,vf-hu-tr-dev-lab,vf-hu-tr-dev-bq-tempstorage,
NC_RBM_CORE,PREDICATEATTRPLUGINBIND,nc_rbm_core,predicateattrpluginbind,predicateattrpluginbind,nc23_fusion_raw_to_raw,nc23_scd2_full_load,vf-hu-tr-dev-lab-cdf-1,europe-west1,gs://vfhu-trdh-rawingested-dmaap-devlab,nc,geneva_admin,predicateattrpluginbind_recipe.txt,predicateattrpluginbind_schema.txt,predicateattrpluginbind,vf-hu-tr-dev-lab,vf-hu-tr-dev-lab,vf-hu-tr-dev-bq-tempstorage,
NC_RBM_CORE,PREDICATEEVENTBINDING,nc_rbm_core,predicateeventbinding,predicateeventbinding,nc23_fusion_raw_to_raw,nc23_scd2_full_load,vf-hu-tr-dev-lab-cdf-1,europe-west1,gs://vfhu-trdh-rawingested-dmaap-devlab,nc,geneva_admin,predicateeventbinding_recipe.txt,predicateeventbinding_schema.txt,predicateeventbinding,vf-hu-tr-dev-lab,vf-hu-tr-dev-lab,vf-hu-tr-dev-bq-tempstorage,
NC_RBM_CORE,PREDICATEPRODUCTBINDING,nc_rbm_core,predicateproductbinding,predicateproductbinding,nc23_fusion_raw_to_raw,nc23_scd2_full_load,vf-hu-tr-dev-lab-cdf-1,europe-west1,gs://vfhu-trdh-rawingested-dmaap-devlab,nc,geneva_admin,predicateproductbinding_recipe.txt,predicateproductbinding_schema.txt,predicateproductbinding,vf-hu-tr-dev-lab,vf-hu-tr-dev-lab,vf-hu-tr-dev-bq-tempstorage,
NC_RBM_CORE,PROCESSDEFINITION,nc_rbm_core,processdefinition,processdefinition,nc23_fusion_raw_to_raw,nc23_scd2_full_load,vf-hu-tr-dev-lab-cdf-1,europe-west1,gs://vfhu-trdh-rawingested-dmaap-devlab,nc,geneva_admin,processdefinition_recipe.txt,processdefinition_schema.txt,processdefinition,vf-hu-tr-dev-lab,vf-hu-tr-dev-lab,vf-hu-tr-dev-bq-tempstorage,
NC_RBM_CORE,PROCESSINSTANCELOG,nc_rbm_core,processinstancelog,processinstancelog,nc23_fusion_raw_to_raw,nc23_scd2_full_load,vf-hu-tr-dev-lab-cdf-1,europe-west1,gs://vfhu-trdh-rawingested-dmaap-devlab,nc,geneva_admin,processinstancelog_recipe.txt,processinstancelog_schema.txt,processinstancelog,vf-hu-tr-dev-lab,vf-hu-tr-dev-lab,vf-hu-tr-dev-bq-tempstorage,
NC_RBM_CORE,PROCESSLOG,nc_rbm_core,processlog,processlog,nc23_fusion_raw_to_raw,nc23_scd2_full_load,vf-hu-tr-dev-lab-cdf-1,europe-west1,gs://vfhu-trdh-rawingested-dmaap-devlab,nc,geneva_admin,processlog_recipe.txt,processlog_schema.txt,processlog,vf-hu-tr-dev-lab,vf-hu-tr-dev-lab,vf-hu-tr-dev-bq-tempstorage,
NC_RBM_CORE,PROCESSSTATUS,nc_rbm_core,processstatus,processstatus,nc23_fusion_raw_to_raw,nc23_scd2_full_load,vf-hu-tr-dev-lab-cdf-1,europe-west1,gs://vfhu-trdh-rawingested-dmaap-devlab,nc,geneva_admin,processstatus_recipe.txt,processstatus_schema.txt,processstatus,vf-hu-tr-dev-lab,vf-hu-tr-dev-lab,vf-hu-tr-dev-bq-tempstorage,
NC_COLLECTION,PYMT_SCHD,nc_collection,pymt_schd,pymt_schd,nc23_fusion_raw_to_raw,nc23_scd2_full_load,vf-hu-tr-dev-lab-cdf-1,europe-west1,gs://vfhu-trdh-rawingested-dmaap-devlab,nc,geneva_admin,pymt_schd_recipe.txt,pymt_schd_schema.txt,pymt_schd,vf-hu-tr-dev-lab,vf-hu-tr-dev-lab,vf-hu-tr-dev-bq-tempstorage,
NC_COLLECTION,PYMT_SCHD_SUM,nc_collection,pymt_schd_sum,pymt_schd_sum,nc23_fusion_raw_to_raw,nc23_scd2_full_load,vf-hu-tr-dev-lab-cdf-1,europe-west1,gs://vfhu-trdh-rawingested-dmaap-devlab,nc,geneva_admin,pymt_schd_sum_recipe.txt,pymt_schd_sum_schema.txt,pymt_schd_sum,vf-hu-tr-dev-lab,vf-hu-tr-dev-lab,vf-hu-tr-dev-bq-tempstorage,
NC_COLLECTION,RCNCT_FEE,nc_collection,rcnct_fee,rcnct_fee,nc23_fusion_raw_to_raw,nc23_scd2_full_load,vf-hu-tr-dev-lab-cdf-1,europe-west1,gs://vfhu-trdh-rawingested-dmaap-devlab,nc,geneva_admin,rcnct_fee_recipe.txt,rcnct_fee_schema.txt,rcnct_fee,vf-hu-tr-dev-lab,vf-hu-tr-dev-lab,vf-hu-tr-dev-bq-tempstorage,
NC_COLLECTION,RCNCT_FEE_OTC_ID,nc_collection,rcnct_fee_otc_id,rcnct_fee_otc_id,nc23_fusion_raw_to_raw,nc23_scd2_full_load,vf-hu-tr-dev-lab-cdf-1,europe-west1,gs://vfhu-trdh-rawingested-dmaap-devlab,nc,geneva_admin,rcnct_fee_otc_id_recipe.txt,rcnct_fee_otc_id_schema.txt,rcnct_fee_otc_id,vf-hu-tr-dev-lab,vf-hu-tr-dev-lab,vf-hu-tr-dev-bq-tempstorage,
NC_RBM_CORE,RECEIVABLECLASS,nc_rbm_core,receivableclass,receivableclass,nc23_fusion_raw_to_raw,nc23_scd2_full_load,vf-hu-tr-dev-lab-cdf-1,europe-west1,gs://vfhu-trdh-rawingested-dmaap-devlab,nc,geneva_admin,receivableclass_recipe.txt,receivableclass_schema.txt,receivableclass,vf-hu-tr-dev-lab,vf-hu-tr-dev-lab,vf-hu-tr-dev-bq-tempstorage,
NC_RBM_CORE,RECEIVABLEGROUP,nc_rbm_core,receivablegroup,receivablegroup,nc23_fusion_raw_to_raw,nc23_scd2_full_load,vf-hu-tr-dev-lab-cdf-1,europe-west1,gs://vfhu-trdh-rawingested-dmaap-devlab,nc,geneva_admin,receivablegroup_recipe.txt,receivablegroup_schema.txt,receivablegroup,vf-hu-tr-dev-lab,vf-hu-tr-dev-lab,vf-hu-tr-dev-bq-tempstorage,
NC_COLLECTION,REPORT_CONFIG,nc_collection,report_config,report_config,nc23_fusion_raw_to_raw,nc23_scd2_full_load,vf-hu-tr-dev-lab-cdf-1,europe-west1,gs://vfhu-trdh-rawingested-dmaap-devlab,nc,geneva_admin,report_config_recipe.txt,report_config_schema.txt,report_config,vf-hu-tr-dev-lab,vf-hu-tr-dev-lab,vf-hu-tr-dev-bq-tempstorage,
NC_COLLECTION,REPORT_HIST,nc_collection,report_hist,report_hist,nc23_fusion_raw_to_raw,nc23_scd2_full_load,vf-hu-tr-dev-lab-cdf-1,europe-west1,gs://vfhu-trdh-rawingested-dmaap-devlab,nc,geneva_admin,report_hist_recipe.txt,report_hist_schema.txt,report_hist,vf-hu-tr-dev-lab,vf-hu-tr-dev-lab,vf-hu-tr-dev-bq-tempstorage,
NC_COLLECTION,REPORT_PARM,nc_collection,report_parm,report_parm,nc23_fusion_raw_to_raw,nc23_scd2_full_load,vf-hu-tr-dev-lab-cdf-1,europe-west1,gs://vfhu-trdh-rawingested-dmaap-devlab,nc,geneva_admin,report_parm_recipe.txt,report_parm_schema.txt,report_parm,vf-hu-tr-dev-lab,vf-hu-tr-dev-lab,vf-hu-tr-dev-bq-tempstorage,
NC_COLLECTION,REPORT_PARM_VALUE,nc_collection,report_parm_value,report_parm_value,nc23_fusion_raw_to_raw,nc23_scd2_full_load,vf-hu-tr-dev-lab-cdf-1,europe-west1,gs://vfhu-trdh-rawingested-dmaap-devlab,nc,geneva_admin,report_parm_value_recipe.txt,report_parm_value_schema.txt,report_parm_value,vf-hu-tr-dev-lab,vf-hu-tr-dev-lab,vf-hu-tr-dev-bq-tempstorage,
NC_RBM_CORE,SOURCETYPE,nc_rbm_core,sourcetype,sourcetype,nc23_fusion_raw_to_raw,nc23_scd2_full_load,vf-hu-tr-dev-lab-cdf-1,europe-west1,gs://vfhu-trdh-rawingested-dmaap-devlab,nc,geneva_admin,sourcetype_recipe.txt,sourcetype_schema.txt,sourcetype,vf-hu-tr-dev-lab,vf-hu-tr-dev-lab,vf-hu-tr-dev-bq-tempstorage,
NC_RBM_CORE,STEPGROUP,nc_rbm_core,stepgroup,stepgroup,nc23_fusion_raw_to_raw,nc23_scd2_full_load,vf-hu-tr-dev-lab-cdf-1,europe-west1,gs://vfhu-trdh-rawingested-dmaap-devlab,nc,geneva_admin,stepgroup_recipe.txt,stepgroup_schema.txt,stepgroup,vf-hu-tr-dev-lab,vf-hu-tr-dev-lab,vf-hu-tr-dev-bq-tempstorage,
NC_RBM_CORE,STEPTHRESHOLD,nc_rbm_core,stepthreshold,stepthreshold,nc23_fusion_raw_to_raw,nc23_scd2_full_load,vf-hu-tr-dev-lab-cdf-1,europe-west1,gs://vfhu-trdh-rawingested-dmaap-devlab,nc,geneva_admin,stepthreshold_recipe.txt,stepthreshold_schema.txt,stepthreshold,vf-hu-tr-dev-lab,vf-hu-tr-dev-lab,vf-hu-tr-dev-bq-tempstorage,
NC_RBM_CORE,TRANSLATABLEITEM,nc_rbm_core,translatableitem,translatableitem,nc23_fusion_raw_to_raw,nc23_scd2_full_load,vf-hu-tr-dev-lab-cdf-1,europe-west1,gs://vfhu-trdh-rawingested-dmaap-devlab,nc,geneva_admin,translatableitem_recipe.txt,translatableitem_schema.txt,translatableitem,vf-hu-tr-dev-lab,vf-hu-tr-dev-lab,vf-hu-tr-dev-bq-tempstorage,
NC_COLLECTION,TRTMNT_LIMITS,nc_collection,trtmnt_limits,trtmnt_limits,nc23_fusion_raw_to_raw,nc23_scd2_full_load,vf-hu-tr-dev-lab-cdf-1,europe-west1,gs://vfhu-trdh-rawingested-dmaap-devlab,nc,geneva_admin,trtmnt_limits_recipe.txt,trtmnt_limits_schema.txt,trtmnt_limits,vf-hu-tr-dev-lab,vf-hu-tr-dev-lab,vf-hu-tr-dev-bq-tempstorage,
NC_COLLECTION,TRTMNT_LIMITS_DAY_CNT,nc_collection,trtmnt_limits_day_cnt,trtmnt_limits_day_cnt,nc23_fusion_raw_to_raw,nc23_scd2_full_load,vf-hu-tr-dev-lab-cdf-1,europe-west1,gs://vfhu-trdh-rawingested-dmaap-devlab,nc,geneva_admin,trtmnt_limits_day_cnt_recipe.txt,trtmnt_limits_day_cnt_schema.txt,trtmnt_limits_day_cnt,vf-hu-tr-dev-lab,vf-hu-tr-dev-lab,vf-hu-tr-dev-bq-tempstorage,
NC_COLLECTION,TRTMNT_PNDNG_APPRVL,nc_collection,trtmnt_pndng_apprvl,trtmnt_pndng_apprvl,nc23_fusion_raw_to_raw,nc23_scd2_full_load,vf-hu-tr-dev-lab-cdf-1,europe-west1,gs://vfhu-trdh-rawingested-dmaap-devlab,nc,geneva_admin,trtmnt_pndng_apprvl_recipe.txt,trtmnt_pndng_apprvl_schema.txt,trtmnt_pndng_apprvl,vf-hu-tr-dev-lab,vf-hu-tr-dev-lab,vf-hu-tr-dev-bq-tempstorage,
NC_COLLECTION,TRTMNT_SCHD_VLDTN_RULE,nc_collection,trtmnt_schd_vldtn_rule,trtmnt_schd_vldtn_rule,nc23_fusion_raw_to_raw,nc23_scd2_full_load,vf-hu-tr-dev-lab-cdf-1,europe-west1,gs://vfhu-trdh-rawingested-dmaap-devlab,nc,geneva_admin,trtmnt_schd_vldtn_rule_recipe.txt,trtmnt_schd_vldtn_rule_schema.txt,trtmnt_schd_vldtn_rule,vf-hu-tr-dev-lab,vf-hu-tr-dev-lab,vf-hu-tr-dev-bq-tempstorage,
NC_COLLECTION,TRTMNT_TYPE_STATUS,nc_collection,trtmnt_type_status,trtmnt_type_status,nc23_fusion_raw_to_raw,nc23_scd2_full_load,vf-hu-tr-dev-lab-cdf-1,europe-west1,gs://vfhu-trdh-rawingested-dmaap-devlab,nc,geneva_admin,trtmnt_type_status_recipe.txt,trtmnt_type_status_schema.txt,trtmnt_type_status,vf-hu-tr-dev-lab,vf-hu-tr-dev-lab,vf-hu-tr-dev-bq-tempstorage,
NC_COLLECTION,TRTMNT_TYPE_STATUS_ATTR,nc_collection,trtmnt_type_status_attr,trtmnt_type_status_attr,nc23_fusion_raw_to_raw,nc23_scd2_full_load,vf-hu-tr-dev-lab-cdf-1,europe-west1,gs://vfhu-trdh-rawingested-dmaap-devlab,nc,geneva_admin,trtmnt_type_status_attr_recipe.txt,trtmnt_type_status_attr_schema.txt,trtmnt_type_status_attr,vf-hu-tr-dev-lab,vf-hu-tr-dev-lab,vf-hu-tr-dev-bq-tempstorage,
NC_COLLECTION,USER_ACCT_HIST,nc_collection,user_acct_hist,user_acct_hist,nc23_fusion_raw_to_raw,nc23_scd2_full_load,vf-hu-tr-dev-lab-cdf-1,europe-west1,gs://vfhu-trdh-rawingested-dmaap-devlab,nc,geneva_admin,user_acct_hist_recipe.txt,user_acct_hist_schema.txt,user_acct_hist,vf-hu-tr-dev-lab,vf-hu-tr-dev-lab,vf-hu-tr-dev-bq-tempstorage,
NC_RBM_CORE,REISSUEREQUEST,nc_rbm_core,reissuerequest,reissuerequest,nc23_fusion_raw_to_raw,nc23_fusion_truncate_load,vf-hu-tr-dev-lab-cdf-1,europe-west1,gs://vfhu-trdh-rawingested-dmaap-devlab,nc,geneva_admin,reissuerequest_recipe.txt,reissuerequest_schema.txt,reissuerequest,vf-hu-tr-dev-lab,vf-hu-tr-dev-lab,vf-hu-tr-dev-bq-tempstorage,
NC_RBM_CORE,RERATEREQUEST,nc_rbm_core,reraterequest,reraterequest,nc23_fusion_raw_to_raw,nc23_fusion_truncate_load,vf-hu-tr-dev-lab-cdf-1,europe-west1,gs://vfhu-trdh-rawingested-dmaap-devlab,nc,geneva_admin,reraterequest_recipe.txt,reraterequest_schema.txt,reraterequest,vf-hu-tr-dev-lab,vf-hu-tr-dev-lab,vf-hu-tr-dev-bq-tempstorage,
