FILE_NAME,COLUMN_NAME,DESCRIPTION,DATA_TYPE,DATA_LENGTH,DATA_PRECISION,DATA_SCALE,NULLABLE,SOURCE_PRIMARY_KEY,INDEX,SOURCE_PARTITION,TARGET_DATASET_NAME,TARGET_TABLE_NAME,TARGET_COLUMN_NAME,TARGET_DATA_TYPE,TARGET_PRIMARY_KEY,PII,Comments
pega_sales_order_transactions_YYYYMMDDHH24MMSS ,BEAVER_TRANSACTION_TYPE,Proactive or Reactive,VARHCAR(30),,,,Y,N,N,N,Other_Source_Systems,pega_sales_order_transactions,BEAVER_TRANSACTION_TYPE,STRING,N,,
pega_sales_order_transactions_YYYYMMDDHH24MMSS ,SALES_ORDER_ID,Sales order id related to the transaction,NUMBER,,,,Y,N,N,N,Other_Source_Systems,pega_sales_order_transactions,SALES_ORDER_ID,INT64,N,,
pega_sales_order_transactions_YYYYMMDDHH24MMSS ,CUSTOMER_ACCOUNT_NUMBER,Customer Account id,NUMBER,,,,Y,N,N,N,Other_Source_Systems,pega_sales_order_transactions,CUSTOMER_ACCOUNT_NUMBER,INT64,N,,
pega_sales_order_transactions_YYYYMMDDHH24MMSS ,SERVICE_ACCOUNT_ID,Top level BPI Id,NUMBER,,,,Y,N,N,N,Other_Source_Systems,pega_sales_order_transactions,SERVICE_ACCOUNT_ID,INT64,N,,
pega_sales_order_transactions_YYYYMMDDHH24MMSS ,DATE_OF_ENTRY,Link to BEAVER_PROACTIVE_PROPOSALS.DATA_OF_ENTRY . The data when the proactive proposal is made,DATE,,,,Y,N,N,N,Other_Source_Systems,pega_sales_order_transactions,DATE_OF_ENTRY,DATE,N,,
pega_sales_order_transactions_YYYYMMDDHH24MMSS ,TARGET_EXTERNAL_ID,Target Top level offering external id,INTEGER,,,,Y,N,N,N,Other_Source_Systems,pega_sales_order_transactions,TARGET_EXTERNAL_ID,INT64,N,,
pega_sales_order_transactions_YYYYMMDDHH24MMSS ,TARGET_OFFERING_NAME,Target Top level offering external name,VARCHAR(30),,,,Y,N,N,N,Other_Source_Systems,pega_sales_order_transactions,TARGET_OFFERING_NAME,STRING,N,,
pega_sales_order_transactions_YYYYMMDDHH24MMSS ,FINAL_PNT_CATEGORY,FINAL_PNT category,VARCHAR(3),,,,Y,N,N,N,Other_Source_Systems,pega_sales_order_transactions,FINAL_PNT_CATEGORY,STRING,N,,
pega_sales_order_transactions_YYYYMMDDHH24MMSS ,RECOMMENDATION_FL,Recommended flag (true/false,BOOLEAN,,,,Y,N,N,N,Other_Source_Systems,pega_sales_order_transactions,RECOMMENDATION_FL,STRING,N,,
pega_sales_order_transactions_YYYYMMDDHH24MMSS ,TRANSACTION_TYPE,"""NO_CHANGE
CONTRACT_RENEWAL
ACCOUNT_EXTENSION
TARIFF_CHANGE
CANCELATION""",VARCHAR(30),,,,Y,N,N,N,Other_Source_Systems,pega_sales_order_transactions,TRANSACTION_TYPE,STRING,N,,
pega_sales_order_transactions_YYYYMMDDHH24MMSS ,CHANNEL_ID,Channel Id ( Mastered in  BSS2Cloud),VARCHAR(30),,,,Y,N,N,N,Other_Source_Systems,pega_sales_order_transactions,CHANNEL_ID,STRING,N,,
pega_sales_order_transactions_YYYYMMDDHH24MMSS ,CHANNEL_NAME,Channel Name( Mastered in  BSS2Cloud),VARCHAR(30),,,,Y,N,N,N,Other_Source_Systems,pega_sales_order_transactions,CHANNEL_NAME,STRING,N,,
pega_sales_order_transactions_YYYYMMDDHH24MMSS ,CSR_ID,CSR Id (user name from AD),VARHCAR(50),,,,Y,N,N,N,Other_Source_Systems,pega_sales_order_transactions,CSR_ID,STRING,N,,
pega_sales_order_transactions_YYYYMMDDHH24MMSS ,SALES_ORDER_STATUS,null or Submitted or Completed,VARHCAR(30),,,,Y,N,N,N,Other_Source_Systems,pega_sales_order_transactions,SALES_ORDER_STATUS,STRING,N,,
pega_sales_order_transactions_YYYYMMDDHH24MMSS ,SALES_ORDER_TYPE,Sales orde type ( mastered in BSS2Cloud),VARHCAR(30),,,,Y,N,N,N,Other_Source_Systems,pega_sales_order_transactions,SALES_ORDER_TYPE,STRING,N,,
pega_sales_order_transactions_YYYYMMDDHH24MMSS ,CREATED_DATE,Created date,DATE,,,,Y,N,N,N,Other_Source_Systems,pega_sales_order_transactions,CREATED_DATE,DATE,N,,
pega_sales_order_transactions_YYYYMMDDHH24MMSS ,LAST_UPDATED_DATE,Last updated date,DATE,,,,Y,N,N,N,Other_Source_Systems,pega_sales_order_transactions,LAST_UPDATED_DATE,DATE,N,,
pega_sales_order_transactions_YYYYMMDDHH24MMSS ,pyGUID,Primary Key,VARCHAR(128),,,,N,Y,N,N,Other_Source_Systems,pega_sales_order_transactions,pyGUID,STRING,N,,
,,,,,,,N,N,N,N,Other_Source_Systems,pega_sales_order_transactions,START_OF_VALIDITY,DATE,N,,
,,,,,,,N,N,N,N,Other_Source_Systems,pega_sales_order_transactions,END_OF_VALIDITY,DATE,N,,
,,,,,,,N,N,N,N,Other_Source_Systems,pega_sales_order_transactions,ACTIVE_FL,INT64,N,,
,,,,,,,N,N,N,N,Other_Source_Systems,pega_sales_order_transactions,TR_FILE_ID,INT64,N,,
,,,,,,,N,N,N,N,Other_Source_Systems,pega_sales_order_transactions,TR_INSERT_DATETIME,TIMESTAMP,N,,
,,,,,,,N,N,N,N,Other_Source_Systems,pega_sales_order_transactions,TR_INSERT_ID,INT64,N,,
,,,,,,,Y,N,N,N,Other_Source_Systems,pega_sales_order_transactions,TR_UPDATE_DATETIME,TIMESTAMP,N,,
,,,,,,,Y,N,N,N,Other_Source_Systems,pega_sales_order_transactions,TR_UPDATE_ID,INT64,N,,
pega_mkt_beaver_proactive_proposals_yyyymmddhh ,SERVICE_ACCOUNT_ID,Top level BPI ID,NUMBER,,,,N,Y,Y,N,Other_Source_Systems,PEGA_MKT_BVR_PROACTIVE_PRPSLS,SERVICE_ACCOUNT_ID,INT64,Y,N,
pega_mkt_beaver_proactive_proposals_yyyymmddhh ,CUSTOMER_ACCOUNT_ID,Customer Account Number,NUMBER,,,,N,Y,Y,N,Other_Source_Systems,PEGA_MKT_BVR_PROACTIVE_PRPSLS,CUSTOMER_ACCOUNT_ID,INT64,Y,N,
pega_mkt_beaver_proactive_proposals_yyyymmddhh ,MSISDN,MSISDN,NUMBER,,,,N,Y,Y,N,Other_Source_Systems,PEGA_MKT_BVR_PROACTIVE_PRPSLS,MSISDN,INT64,Y,Y,
pega_mkt_beaver_proactive_proposals_yyyymmddhh ,SEGMENT,Segment Information,VARCHAR(20),,,,Y,,,N,Other_Source_Systems,PEGA_MKT_BVR_PROACTIVE_PRPSLS,SEGMENT,STRING,N,N,
pega_mkt_beaver_proactive_proposals_yyyymmddhh ,SOURCE_OFFERING_ID,Current Top level offering id of the subscription,INTEGER,,,,Y,,,N,Other_Source_Systems,PEGA_MKT_BVR_PROACTIVE_PRPSLS,SOURCE_OFFERING_ID,INT64,N,N,
pega_mkt_beaver_proactive_proposals_yyyymmddhh ,SOURCE_OFFERING_NAME,Current Top level offeringName of the subscription,VARCHAR(50),,,,Y,,,N,Other_Source_Systems,PEGA_MKT_BVR_PROACTIVE_PRPSLS,SOURCE_OFFERING_NAME,STRING,N,N,
pega_mkt_beaver_proactive_proposals_yyyymmddhh ,SOURCE_EXTERNAL_ID,Current Top Level external id of the subscription,INTEGER,,,,N,Y,Y,N,Other_Source_Systems,PEGA_MKT_BVR_PROACTIVE_PRPSLS,SOURCE_EXTERNAL_ID,INT64,Y,N,
pega_mkt_beaver_proactive_proposals_yyyymmddhh ,TARGET_OFFERING_ID,Proposed  Top level offering id for the subscription,INTEGER,,,,Y,,,N,Other_Source_Systems,PEGA_MKT_BVR_PROACTIVE_PRPSLS,TARGET_OFFERING_ID,INT64,N,N,
pega_mkt_beaver_proactive_proposals_yyyymmddhh ,TARGET_OFFERING_NAME,Proposed  Top level offering name for the subscription,VARCHAR(50),,,,Y,,,N,Other_Source_Systems,PEGA_MKT_BVR_PROACTIVE_PRPSLS,TARGET_OFFERING_NAME,STRING,N,N,
pega_mkt_beaver_proactive_proposals_yyyymmddhh ,TARGET_EXTERNAL_ID,Proposed  Top level external id for the subscription,INTEGER,,,,N,Y,Y,N,Other_Source_Systems,PEGA_MKT_BVR_PROACTIVE_PRPSLS,TARGET_EXTERNAL_ID,INTEGER,Y,N,
pega_mkt_beaver_proactive_proposals_yyyymmddhh ,TARGET_LOYALTY_PERIOD,Proposed Loyalty period,VARCHAR(20),,,,Y,,,N,Other_Source_Systems,PEGA_MKT_BVR_PROACTIVE_PRPSLS,TARGET_LOYALTY_PERIOD,STRING,N,N,
pega_mkt_beaver_proactive_proposals_yyyymmddhh ,TARGET_EPACK_FLAG,E- pack flag Yes or No,VARCHAR(5),,,,Y,,,N,Other_Source_Systems,PEGA_MKT_BVR_PROACTIVE_PRPSLS,TARGET_EPACK_FLAG,STRING,N,N,
pega_mkt_beaver_proactive_proposals_yyyymmddhh ,HANDSET_FL,Flag to denote whether a hanset to be proposed,BOOLEAN,,,,Y,,,N,Other_Source_Systems,PEGA_MKT_BVR_PROACTIVE_PRPSLS,HANDSET_FL,STRING,N,N,
pega_mkt_beaver_proactive_proposals_yyyymmddhh ,FUTURE_MONTHLY_FEE_DATA,Future monthly fee data projection,"NUMERIC(20,2)",,,,Y,,,N,Other_Source_Systems,PEGA_MKT_BVR_PROACTIVE_PRPSLS,FUTURE_MONTHLY_FEE_DATA,FLOAT64,N,N,
pega_mkt_beaver_proactive_proposals_yyyymmddhh ,FUTURE_MONTHLY_FEE_VOICE,Future monthly fee voice projection,"NUMERIC(20,2)",,,,Y,,,N,Other_Source_Systems,PEGA_MKT_BVR_PROACTIVE_PRPSLS,FUTURE_MONTHLY_FEE_VOICE,FLOAT64,N,N,
pega_mkt_beaver_proactive_proposals_yyyymmddhh ,FUTURE_MONTHLY_SPENDING,Total furture monthly fee projection,"NUMERIC(20,2)",,,,Y,,,N,Other_Source_Systems,PEGA_MKT_BVR_PROACTIVE_PRPSLS,FUTURE_MONTHLY_SPENDING,FLOAT64,N,N,
pega_mkt_beaver_proactive_proposals_yyyymmddhh ,FMC_DISCOUNT,FMC discount value,"NUMERIC(20,2)",,,,Y,,,N,Other_Source_Systems,PEGA_MKT_BVR_PROACTIVE_PRPSLS,FMC_DISCOUNT,FLOAT64,N,N,
pega_mkt_beaver_proactive_proposals_yyyymmddhh ,FAMILY_DISCOUNT,Family disocunt valie,"NUMERIC(20,2)",,,,Y,,,N,Other_Source_Systems,PEGA_MKT_BVR_PROACTIVE_PRPSLS,FAMILY_DISCOUNT,FLOAT64,N,N,
pega_mkt_beaver_proactive_proposals_yyyymmddhh ,FMC_DISCOUNT_APPLIED,FMC discount applied flag,BOOLEAN,,,,Y,,,N,Other_Source_Systems,PEGA_MKT_BVR_PROACTIVE_PRPSLS,FMC_DISCOUNT_APPLIED,STRING,N,N,
pega_mkt_beaver_proactive_proposals_yyyymmddhh ,FAMILY_DISCOUNT_APPLIED,Family Disocunt applied flaf,BOOLEAN,,,,Y,,,N,Other_Source_Systems,PEGA_MKT_BVR_PROACTIVE_PRPSLS,FAMILY_DISCOUNT_APPLIED,STRING,N,N,
pega_mkt_beaver_proactive_proposals_yyyymmddhh ,TOTAL_DATA_USAGE,Total usage,"NUMERIC(20,2)",,,,Y,,,N,Other_Source_Systems,PEGA_MKT_BVR_PROACTIVE_PRPSLS,TOTAL_DATA_USAGE,FLOAT64,N,N,
pega_mkt_beaver_proactive_proposals_yyyymmddhh ,EXTRA_DATA_USAGE,Extra usage,"NUMERIC(20,2)",,,,Y,,,N,Other_Source_Systems,PEGA_MKT_BVR_PROACTIVE_PRPSLS,EXTRA_DATA_USAGE,FLOAT64,N,N,
pega_mkt_beaver_proactive_proposals_yyyymmddhh ,OUT_BUNDLE_VOICE_ON_NET,Out bundle Voice Onnet Usage,"NUMERIC(20,2)",,,,Y,,,N,Other_Source_Systems,PEGA_MKT_BVR_PROACTIVE_PRPSLS,OUT_BUNDLE_VOICE_ON_NET,FLOAT64,N,N,
pega_mkt_beaver_proactive_proposals_yyyymmddhh ,OUT_BUNDLE_VOICE_OFF_NET,Out bundle Voice Offnet Usage,"NUMERIC(20,2)",,,,Y,,,N,Other_Source_Systems,PEGA_MKT_BVR_PROACTIVE_PRPSLS,OUT_BUNDLE_VOICE_OFF_NET,FLOAT64,N,N,
pega_mkt_beaver_proactive_proposals_yyyymmddhh ,OUT_BUNDLE_VOICE_FIX_LINE,Out bundle Voice PSTN Usage,"NUMERIC(20,2)",,,,Y,,,N,Other_Source_Systems,PEGA_MKT_BVR_PROACTIVE_PRPSLS,OUT_BUNDLE_VOICE_FIX_LINE,FLOAT64,N,N,
pega_mkt_beaver_proactive_proposals_yyyymmddhh ,OUT_BUNDLE_SMS_ON_NET,Out bundle SMS Onnet Usage,"NUMERIC(20,2)",,,,Y,,,N,Other_Source_Systems,PEGA_MKT_BVR_PROACTIVE_PRPSLS,OUT_BUNDLE_SMS_ON_NET,FLOAT64,N,N,
pega_mkt_beaver_proactive_proposals_yyyymmddhh ,OUT_BUNDLE_SMS_OFF_NET,Out bundle SMS Offent Usage,"NUMERIC(20,2)",,,,Y,,,N,Other_Source_Systems,PEGA_MKT_BVR_PROACTIVE_PRPSLS,OUT_BUNDLE_SMS_OFF_NET,FLOAT64,N,N,
pega_mkt_beaver_proactive_proposals_yyyymmddhh ,OUT_BUNDLE_ROAMING_CALL,Out bundle roaming call usage,"NUMERIC(20,2)",,,,Y,,,N,Other_Source_Systems,PEGA_MKT_BVR_PROACTIVE_PRPSLS,OUT_BUNDLE_ROAMING_CALL,FLOAT64,N,N,
pega_mkt_beaver_proactive_proposals_yyyymmddhh ,OUT_BUNDLE_ROAMING_SMS,Out bundle roaming SMS usage,"NUMERIC(20,2)",,,,Y,,,N,Other_Source_Systems,PEGA_MKT_BVR_PROACTIVE_PRPSLS,OUT_BUNDLE_ROAMING_SMS,FLOAT64,N,N,
pega_mkt_beaver_proactive_proposals_yyyymmddhh ,OUT_BUNDLE_INTERNATIONAL_CALL,Out bundle interanational voice usage,"NUMERIC(20,2)",,,,Y,,,N,Other_Source_Systems,PEGA_MKT_BVR_PROACTIVE_PRPSLS,OUT_BUNDLE_INTERNATIONAL_CALL,FLOAT64,N,N,
pega_mkt_beaver_proactive_proposals_yyyymmddhh ,OUT_BUNDLE_INTERNATIONAL_SMS,Out bundle interanational SMS usage,"NUMERIC(20,2)",,,,Y,,,N,Other_Source_Systems,PEGA_MKT_BVR_PROACTIVE_PRPSLS,OUT_BUNDLE_INTERNATIONAL_SMS,FLOAT64,N,N,
pega_mkt_beaver_proactive_proposals_yyyymmddhh ,OUT_BUNDLE_INT_EU_CALL,Out bundle interanational Europe calls usage,"NUMERIC(20,2)",,,,Y,,,N,Other_Source_Systems,PEGA_MKT_BVR_PROACTIVE_PRPSLS,OUT_BUNDLE_INT_EU_CALL,FLOAT64,N,N,
pega_mkt_beaver_proactive_proposals_yyyymmddhh ,OUT_BUNDLE_INT_EU_SMS,Out bundle interanational Europe SMS usage,"NUMERIC(20,2)",,,,Y,,,N,Other_Source_Systems,PEGA_MKT_BVR_PROACTIVE_PRPSLS,OUT_BUNDLE_INT_EU_SMS,FLOAT64,N,N,
pega_mkt_beaver_proactive_proposals_yyyymmddhh ,OUT_BUNDLE_VOICE_CUG,Out bundle CUG calls usage,"NUMERIC(20,2)",,,,Y,,,N,Other_Source_Systems,PEGA_MKT_BVR_PROACTIVE_PRPSLS,OUT_BUNDLE_VOICE_CUG,FLOAT64,N,N,
pega_mkt_beaver_proactive_proposals_yyyymmddhh ,OUT_BUNDLE_SMS_CUG,Out bundle CUG SMS usage,"NUMERIC(20,2)",,,,Y,,,N,Other_Source_Systems,PEGA_MKT_BVR_PROACTIVE_PRPSLS,OUT_BUNDLE_SMS_CUG,FLOAT64,N,N,
pega_mkt_beaver_proactive_proposals_yyyymmddhh ,OUT_BUNDLE_DATA,Out bundle offline data usage,"NUMERIC(20,2)",,,,Y,,,N,Other_Source_Systems,PEGA_MKT_BVR_PROACTIVE_PRPSLS,OUT_BUNDLE_DATA,FLOAT64,N,N,
pega_mkt_beaver_proactive_proposals_yyyymmddhh ,OUT_BUNDLE_VOICE_ON_NET_REVENUE,Out bundle Voice Onnet revenue,"NUMERIC(20,2)",,,,Y,,,N,Other_Source_Systems,PEGA_MKT_BVR_PROACTIVE_PRPSLS,OUT_BUNDLE_VOICE_ON_NET_REVENUE,FLOAT64,N,N,
pega_mkt_beaver_proactive_proposals_yyyymmddhh ,OUT_BUNDLE_VOICE_OFF_NET_REVENUE,Out bundle Voice Offnet revenue,"NUMERIC(20,2)",,,,Y,,,N,Other_Source_Systems,PEGA_MKT_BVR_PROACTIVE_PRPSLS,OUT_BUNDLE_VOICE_OFF_NET_REVENUE,FLOAT64,N,N,
pega_mkt_beaver_proactive_proposals_yyyymmddhh ,OUT_BUNDLE_VOICE_FIX_LINE_REVENUE,Out bundle Voice PSTN revenue,"NUMERIC(20,2)",,,,Y,,,N,Other_Source_Systems,PEGA_MKT_BVR_PROACTIVE_PRPSLS,OUT_BUNDLE_VOICE_FIX_LINE_REVENUE,FLOAT64,N,N,
pega_mkt_beaver_proactive_proposals_yyyymmddhh ,OUT_BUNDLE_SMS_ON_NET_REVENUE,Out bundle SMS Onnet revenue,"NUMERIC(20,2)",,,,Y,,,N,Other_Source_Systems,PEGA_MKT_BVR_PROACTIVE_PRPSLS,OUT_BUNDLE_SMS_ON_NET_REVENUE,FLOAT64,N,N,
pega_mkt_beaver_proactive_proposals_yyyymmddhh ,OUT_BUNDLE_SMS_OFF_NET_REVENUE,Out bundle SMS Offent revenue,"NUMERIC(20,2)",,,,Y,,,N,Other_Source_Systems,PEGA_MKT_BVR_PROACTIVE_PRPSLS,OUT_BUNDLE_SMS_OFF_NET_REVENUE,FLOAT64,N,N,
pega_mkt_beaver_proactive_proposals_yyyymmddhh ,OUT_BUNDLE_ROAMING_CALL_REVENUE,Out bundle roaming call revenue,"NUMERIC(20,2)",,,,Y,,,N,Other_Source_Systems,PEGA_MKT_BVR_PROACTIVE_PRPSLS,OUT_BUNDLE_ROAMING_CALL_REVENUE,FLOAT64,N,N,
pega_mkt_beaver_proactive_proposals_yyyymmddhh ,OUT_BUNDLE_ROAMING_SMS_REVENUE,Out bundle roaming SMS revenue,"NUMERIC(20,2)",,,,Y,,,N,Other_Source_Systems,PEGA_MKT_BVR_PROACTIVE_PRPSLS,OUT_BUNDLE_ROAMING_SMS_REVENUE,FLOAT64,N,N,
pega_mkt_beaver_proactive_proposals_yyyymmddhh ,OUT_BUNDLE_INTERNATIONAL_CALL_REVENUE,Out bundle interanational voice revenue,"NUMERIC(20,2)",,,,Y,,,N,Other_Source_Systems,PEGA_MKT_BVR_PROACTIVE_PRPSLS,OUT_BUNDLE_INTERNATIONAL_CALL_REVENUE,FLOAT64,N,N,
pega_mkt_beaver_proactive_proposals_yyyymmddhh ,OUT_BUNDLE_INTERNATIONAL_SMS_REVENUE,Out bundle interanational SMS revenue,"NUMERIC(20,2)",,,,Y,,,N,Other_Source_Systems,PEGA_MKT_BVR_PROACTIVE_PRPSLS,OUT_BUNDLE_INTERNATIONAL_SMS_REVENUE,FLOAT64,N,N,
pega_mkt_beaver_proactive_proposals_yyyymmddhh ,OUT_BUNDLE_INT_EU_CALL_REVENUE,Out bundle interanational Europe calls revenue,"NUMERIC(20,2)",,,,Y,,,N,Other_Source_Systems,PEGA_MKT_BVR_PROACTIVE_PRPSLS,OUT_BUNDLE_INT_EU_CALL_REVENUE,FLOAT64,N,N,
pega_mkt_beaver_proactive_proposals_yyyymmddhh ,OUT_BUNDLE_INT_EU_SMS_REVENUE,Out bundle interanational Europe SMS revenue,"NUMERIC(20,2)",,,,Y,,,N,Other_Source_Systems,PEGA_MKT_BVR_PROACTIVE_PRPSLS,OUT_BUNDLE_INT_EU_SMS_REVENUE,FLOAT64,N,N,
pega_mkt_beaver_proactive_proposals_yyyymmddhh ,OUT_BUNDLE_VOICE_CUG_REVENUE,Out bundle CUG calls revenue,"NUMERIC(20,2)",,,,Y,,,N,Other_Source_Systems,PEGA_MKT_BVR_PROACTIVE_PRPSLS,OUT_BUNDLE_VOICE_CUG_REVENUE,FLOAT64,N,N,
pega_mkt_beaver_proactive_proposals_yyyymmddhh ,OUT_BUNDLE_SMS_CUG_REVENUE,Out bundle CUG SMS revenue,"NUMERIC(20,2)",,,,Y,,,N,Other_Source_Systems,PEGA_MKT_BVR_PROACTIVE_PRPSLS,OUT_BUNDLE_SMS_CUG_REVENUE,FLOAT64,N,N,
pega_mkt_beaver_proactive_proposals_yyyymmddhh ,OUT_BUNDLE_DATA_REVENUE,Out bundle offline data revenue,"NUMERIC(20,2)",,,,Y,,,N,Other_Source_Systems,PEGA_MKT_BVR_PROACTIVE_PRPSLS,OUT_BUNDLE_DATA_REVENUE,FLOAT64,N,N,
pega_mkt_beaver_proactive_proposals_yyyymmddhh ,EXPECTED_VOICE_ON_NET,,"NUMERIC(20,2)",,,,Y,,,N,Other_Source_Systems,PEGA_MKT_BVR_PROACTIVE_PRPSLS,EXPECTED_VOICE_ON_NET,FLOAT64,N,N,
pega_mkt_beaver_proactive_proposals_yyyymmddhh ,EXPECTED_VOICE_OFF_NET,,"NUMERIC(20,2)",,,,Y,,,N,Other_Source_Systems,PEGA_MKT_BVR_PROACTIVE_PRPSLS,EXPECTED_VOICE_OFF_NET,FLOAT64,N,N,
pega_mkt_beaver_proactive_proposals_yyyymmddhh ,EXPECTED_VOICE_FIX_LINE,,"NUMERIC(20,2)",,,,Y,,,N,Other_Source_Systems,PEGA_MKT_BVR_PROACTIVE_PRPSLS,EXPECTED_VOICE_FIX_LINE,FLOAT64,N,N,
pega_mkt_beaver_proactive_proposals_yyyymmddhh ,EXPECTED_SMS_ON_NET,,"NUMERIC(20,2)",,,,Y,,,N,Other_Source_Systems,PEGA_MKT_BVR_PROACTIVE_PRPSLS,EXPECTED_SMS_ON_NET,FLOAT64,N,N,
pega_mkt_beaver_proactive_proposals_yyyymmddhh ,EXPECTED_SMS_OFF_NET,,"NUMERIC(20,2)",,,,Y,,,N,Other_Source_Systems,PEGA_MKT_BVR_PROACTIVE_PRPSLS,EXPECTED_SMS_OFF_NET,FLOAT64,N,N,
pega_mkt_beaver_proactive_proposals_yyyymmddhh ,EXPECTED_ROAMING_CALL,,"NUMERIC(20,2)",,,,Y,,,N,Other_Source_Systems,PEGA_MKT_BVR_PROACTIVE_PRPSLS,EXPECTED_ROAMING_CALL,FLOAT64,N,N,
pega_mkt_beaver_proactive_proposals_yyyymmddhh ,EXPECTED_ROAMING_SMS,,"NUMERIC(20,2)",,,,Y,,,N,Other_Source_Systems,PEGA_MKT_BVR_PROACTIVE_PRPSLS,EXPECTED_ROAMING_SMS,FLOAT64,N,N,
pega_mkt_beaver_proactive_proposals_yyyymmddhh ,EXPECTED_INTERNATIONAL_CALL,,"NUMERIC(20,2)",,,,Y,,,N,Other_Source_Systems,PEGA_MKT_BVR_PROACTIVE_PRPSLS,EXPECTED_INTERNATIONAL_CALL,FLOAT64,N,N,
pega_mkt_beaver_proactive_proposals_yyyymmddhh ,EXPECTED_INTERNATIONAL_SMS,,"NUMERIC(20,2)",,,,Y,,,N,Other_Source_Systems,PEGA_MKT_BVR_PROACTIVE_PRPSLS,EXPECTED_INTERNATIONAL_SMS,FLOAT64,N,N,
pega_mkt_beaver_proactive_proposals_yyyymmddhh ,EXPECTED_INT_EU_CALL,,"NUMERIC(20,2)",,,,Y,,,N,Other_Source_Systems,PEGA_MKT_BVR_PROACTIVE_PRPSLS,EXPECTED_INT_EU_CALL,FLOAT64,N,N,
pega_mkt_beaver_proactive_proposals_yyyymmddhh ,EXPECTED_INT_EU_SMS,,"NUMERIC(20,2)",,,,Y,,,N,Other_Source_Systems,PEGA_MKT_BVR_PROACTIVE_PRPSLS,EXPECTED_INT_EU_SMS,FLOAT64,N,N,
pega_mkt_beaver_proactive_proposals_yyyymmddhh ,EXPECTED_VOICE_CUG,,"NUMERIC(20,2)",,,,Y,,,N,Other_Source_Systems,PEGA_MKT_BVR_PROACTIVE_PRPSLS,EXPECTED_VOICE_CUG,FLOAT64,N,N,
pega_mkt_beaver_proactive_proposals_yyyymmddhh ,EXPECTED_SMS_CUG,,"NUMERIC(20,2)",,,,Y,,,N,Other_Source_Systems,PEGA_MKT_BVR_PROACTIVE_PRPSLS,EXPECTED_SMS_CUG,FLOAT64,N,N,
pega_mkt_beaver_proactive_proposals_yyyymmddhh ,EXPECTED_DATA,,"NUMERIC(20,2)",,,,Y,,,N,Other_Source_Systems,PEGA_MKT_BVR_PROACTIVE_PRPSLS,EXPECTED_DATA,FLOAT64,N,N,
pega_mkt_beaver_proactive_proposals_yyyymmddhh ,IN_BUNDLE_VOICE_ON_NET,In bundle Voice Onnet Usage,"NUMERIC(20,2)",,,,Y,,,N,Other_Source_Systems,PEGA_MKT_BVR_PROACTIVE_PRPSLS,IN_BUNDLE_VOICE_ON_NET,FLOAT64,N,N,
pega_mkt_beaver_proactive_proposals_yyyymmddhh ,IN_BUNDLE_VOICE_OFF_NET,In bundle Voice Offnet Usage,"NUMERIC(20,2)",,,,Y,,,N,Other_Source_Systems,PEGA_MKT_BVR_PROACTIVE_PRPSLS,IN_BUNDLE_VOICE_OFF_NET,FLOAT64,N,N,
pega_mkt_beaver_proactive_proposals_yyyymmddhh ,IN_BUNDLE_VOICE_FIX_LINE,In bundle Voice PSTN Usage,"NUMERIC(20,2)",,,,Y,,,N,Other_Source_Systems,PEGA_MKT_BVR_PROACTIVE_PRPSLS,IN_BUNDLE_VOICE_FIX_LINE,FLOAT64,N,N,
pega_mkt_beaver_proactive_proposals_yyyymmddhh ,IN_BUNDLE_SMS_ON_NET,In bundle SMS Onnet Usage,"NUMERIC(20,2)",,,,Y,,,N,Other_Source_Systems,PEGA_MKT_BVR_PROACTIVE_PRPSLS,IN_BUNDLE_SMS_ON_NET,FLOAT64,N,N,
pega_mkt_beaver_proactive_proposals_yyyymmddhh ,IN_BUNDLE_SMS_OFF_NET,In bundle SMS Offent Usage,"NUMERIC(20,2)",,,,Y,,,N,Other_Source_Systems,PEGA_MKT_BVR_PROACTIVE_PRPSLS,IN_BUNDLE_SMS_OFF_NET,FLOAT64,N,N,
pega_mkt_beaver_proactive_proposals_yyyymmddhh ,IN_BUNDLE_ROAMING_CALL,In bundle roaming call usage,"NUMERIC(20,2)",,,,Y,,,N,Other_Source_Systems,PEGA_MKT_BVR_PROACTIVE_PRPSLS,IN_BUNDLE_ROAMING_CALL,FLOAT64,N,N,
pega_mkt_beaver_proactive_proposals_yyyymmddhh ,IN_BUNDLE_ROAMING_SMS,In bundle roaming SMS usage,"NUMERIC(20,2)",,,,Y,,,N,Other_Source_Systems,PEGA_MKT_BVR_PROACTIVE_PRPSLS,IN_BUNDLE_ROAMING_SMS,FLOAT64,N,N,
pega_mkt_beaver_proactive_proposals_yyyymmddhh ,IN_BUNDLE_INTERNATIONAL_CALL,In bundle interanational voice usage,"NUMERIC(20,2)",,,,Y,,,N,Other_Source_Systems,PEGA_MKT_BVR_PROACTIVE_PRPSLS,IN_BUNDLE_INTERNATIONAL_CALL,FLOAT64,N,N,
pega_mkt_beaver_proactive_proposals_yyyymmddhh ,IN_BUNDLE_INTERNATIONAL_SMS,In bundle interanational SMS usage,"NUMERIC(20,2)",,,,Y,,,N,Other_Source_Systems,PEGA_MKT_BVR_PROACTIVE_PRPSLS,IN_BUNDLE_INTERNATIONAL_SMS,FLOAT64,N,N,
pega_mkt_beaver_proactive_proposals_yyyymmddhh ,IN_BUNDLE_INT_EU_CALL,In bundle interanational Europe calls usage,"NUMERIC(20,2)",,,,Y,,,N,Other_Source_Systems,PEGA_MKT_BVR_PROACTIVE_PRPSLS,IN_BUNDLE_INT_EU_CALL,FLOAT64,N,N,
pega_mkt_beaver_proactive_proposals_yyyymmddhh ,IN_BUNDLE_INT_EU_SMS,In bundle interanational Europe SMS usage,"NUMERIC(20,2)",,,,Y,,,N,Other_Source_Systems,PEGA_MKT_BVR_PROACTIVE_PRPSLS,IN_BUNDLE_INT_EU_SMS,FLOAT64,N,N,
pega_mkt_beaver_proactive_proposals_yyyymmddhh ,IN_BUNDLE_VOICE_CUG,In bundle CUG calls usage,"NUMERIC(20,2)",,,,Y,,,N,Other_Source_Systems,PEGA_MKT_BVR_PROACTIVE_PRPSLS,IN_BUNDLE_VOICE_CUG,FLOAT64,N,N,
pega_mkt_beaver_proactive_proposals_yyyymmddhh ,IN_BUNDLE_SMS_CUG,In bundle CUG SMS usage,"NUMERIC(20,2)",,,,Y,,,N,Other_Source_Systems,PEGA_MKT_BVR_PROACTIVE_PRPSLS,IN_BUNDLE_SMS_CUG,FLOAT64,N,N,
pega_mkt_beaver_proactive_proposals_yyyymmddhh ,IN_BUNDLE_DATA,In bundle offline data usage,"NUMERIC(20,2)",,,,Y,,,N,Other_Source_Systems,PEGA_MKT_BVR_PROACTIVE_PRPSLS,IN_BUNDLE_DATA,FLOAT64,N,N,
pega_mkt_beaver_proactive_proposals_yyyymmddhh ,DELTA_VOICE_ON_NET,Delta Voice Onnet Usage,"NUMERIC(20,2)",,,,Y,,,N,Other_Source_Systems,PEGA_MKT_BVR_PROACTIVE_PRPSLS,DELTA_VOICE_ON_NET,FLOAT64,N,N,
pega_mkt_beaver_proactive_proposals_yyyymmddhh ,DELTA_VOICE_OFF_NET,Delta Voice Offnet Usage,"NUMERIC(20,2)",,,,Y,,,N,Other_Source_Systems,PEGA_MKT_BVR_PROACTIVE_PRPSLS,DELTA_VOICE_OFF_NET,FLOAT64,N,N,
pega_mkt_beaver_proactive_proposals_yyyymmddhh ,DELTA_VOICE_FIX_LINE,Delta Voice PSTN Usage,"NUMERIC(20,2)",,,,Y,,,N,Other_Source_Systems,PEGA_MKT_BVR_PROACTIVE_PRPSLS,DELTA_VOICE_FIX_LINE,FLOAT64,N,N,
pega_mkt_beaver_proactive_proposals_yyyymmddhh ,DELTA_SMS_ON_NET,Delta SMS Onnet Usage,"NUMERIC(20,2)",,,,Y,,,N,Other_Source_Systems,PEGA_MKT_BVR_PROACTIVE_PRPSLS,DELTA_SMS_ON_NET,FLOAT64,N,N,
pega_mkt_beaver_proactive_proposals_yyyymmddhh ,DELTA_SMS_OFF_NET,Delta SMS Offent Usage,"NUMERIC(20,2)",,,,Y,,,N,Other_Source_Systems,PEGA_MKT_BVR_PROACTIVE_PRPSLS,DELTA_SMS_OFF_NET,FLOAT64,N,N,
pega_mkt_beaver_proactive_proposals_yyyymmddhh ,DELTA_DATA,Delta online data usage,"NUMERIC(20,2)",,,,Y,,,N,Other_Source_Systems,PEGA_MKT_BVR_PROACTIVE_PRPSLS,DELTA_DATA,FLOAT64,N,N,
pega_mkt_beaver_proactive_proposals_yyyymmddhh ,DELTA_ROAMING_CALL,Delta roaming call usage,"NUMERIC(20,2)",,,,Y,,,N,Other_Source_Systems,PEGA_MKT_BVR_PROACTIVE_PRPSLS,DELTA_ROAMING_CALL,FLOAT64,N,N,
pega_mkt_beaver_proactive_proposals_yyyymmddhh ,DELTA_ROAMING_SMS,Delta roaming SMS usage,"NUMERIC(20,2)",,,,Y,,,N,Other_Source_Systems,PEGA_MKT_BVR_PROACTIVE_PRPSLS,DELTA_ROAMING_SMS,FLOAT64,N,N,
pega_mkt_beaver_proactive_proposals_yyyymmddhh ,DELTA_INTERNATIONAL_CALL,Delta interanational voice usage,"NUMERIC(20,2)",,,,Y,,,N,Other_Source_Systems,PEGA_MKT_BVR_PROACTIVE_PRPSLS,DELTA_INTERNATIONAL_CALL,FLOAT64,N,N,
pega_mkt_beaver_proactive_proposals_yyyymmddhh ,DELTA_INTERNATIONAL_SMS,Delta interanational SMS usage,"NUMERIC(20,2)",,,,Y,,,N,Other_Source_Systems,PEGA_MKT_BVR_PROACTIVE_PRPSLS,DELTA_INTERNATIONAL_SMS,FLOAT64,N,N,
pega_mkt_beaver_proactive_proposals_yyyymmddhh ,DELTA_INT_EU_CALL,Delta interanational Europe calls usage,"NUMERIC(20,2)",,,,Y,,,N,Other_Source_Systems,PEGA_MKT_BVR_PROACTIVE_PRPSLS,DELTA_INT_EU_CALL,FLOAT64,N,N,
pega_mkt_beaver_proactive_proposals_yyyymmddhh ,DELTA_INT_EU_SMS,Delta interanational Europe SMS usage,"NUMERIC(20,2)",,,,Y,,,N,Other_Source_Systems,PEGA_MKT_BVR_PROACTIVE_PRPSLS,DELTA_INT_EU_SMS,FLOAT64,N,N,
pega_mkt_beaver_proactive_proposals_yyyymmddhh ,DELTA_VOICE_CUG,Delta CUG calls usage,"NUMERIC(20,2)",,,,Y,,,N,Other_Source_Systems,PEGA_MKT_BVR_PROACTIVE_PRPSLS,DELTA_VOICE_CUG,FLOAT64,N,N,
pega_mkt_beaver_proactive_proposals_yyyymmddhh ,DELTA_SMS_CUG,Delta CUG SMS usage,"NUMERIC(20,2)",,,,Y,,,N,Other_Source_Systems,PEGA_MKT_BVR_PROACTIVE_PRPSLS,DELTA_SMS_CUG,FLOAT64,N,N,
pega_mkt_beaver_proactive_proposals_yyyymmddhh ,VOICE_ON_NET_FIT_CAT,Onnet Voice fit category,VARCHAR(10),,,,Y,,,N,Other_Source_Systems,PEGA_MKT_BVR_PROACTIVE_PRPSLS,VOICE_ON_NET_FIT_CAT,STRING,N,N,
pega_mkt_beaver_proactive_proposals_yyyymmddhh ,VOICE_OFF_NET_FIT_CAT,Offnet Voice fit category,VARCHAR(10),,,,Y,,,N,Other_Source_Systems,PEGA_MKT_BVR_PROACTIVE_PRPSLS,VOICE_OFF_NET_FIT_CAT,STRING,N,N,
pega_mkt_beaver_proactive_proposals_yyyymmddhh ,VOICE_FIX_LINE_FIT_CAT,Fixed line voice fit category,VARCHAR(10),,,,Y,,,N,Other_Source_Systems,PEGA_MKT_BVR_PROACTIVE_PRPSLS,VOICE_FIX_LINE_FIT_CAT,STRING,N,N,
pega_mkt_beaver_proactive_proposals_yyyymmddhh ,SMS_ON_NET_FIT_CAT,Onnet SMS fit category,VARCHAR(10),,,,Y,,,N,Other_Source_Systems,PEGA_MKT_BVR_PROACTIVE_PRPSLS,SMS_ON_NET_FIT_CAT,STRING,N,N,
pega_mkt_beaver_proactive_proposals_yyyymmddhh ,SMS_OFF_NET_FIT_CAT,OffnetSMS fit category,VARCHAR(10),,,,Y,,,N,Other_Source_Systems,PEGA_MKT_BVR_PROACTIVE_PRPSLS,SMS_OFF_NET_FIT_CAT,STRING,N,N,
pega_mkt_beaver_proactive_proposals_yyyymmddhh ,ROAMING_CALL_FIT_CAT,Roaming call fit category,VARCHAR(10),,,,Y,,,N,Other_Source_Systems,PEGA_MKT_BVR_PROACTIVE_PRPSLS,ROAMING_CALL_FIT_CAT,STRING,N,N,
pega_mkt_beaver_proactive_proposals_yyyymmddhh ,ROAMING_SMS_FIT_CAT,Roaming SMS fit category,VARCHAR(10),,,,Y,,,N,Other_Source_Systems,PEGA_MKT_BVR_PROACTIVE_PRPSLS,ROAMING_SMS_FIT_CAT,STRING,N,N,
pega_mkt_beaver_proactive_proposals_yyyymmddhh ,INTERNATIONAL_CALL_FIT_CAT,International Call Fit category,VARCHAR(10),,,,Y,,,N,Other_Source_Systems,PEGA_MKT_BVR_PROACTIVE_PRPSLS,INTERNATIONAL_CALL_FIT_CAT,STRING,N,N,
pega_mkt_beaver_proactive_proposals_yyyymmddhh ,INTERNATIONAL_SMS_FIT_CAT,International SMS  Fit category,VARCHAR(10),,,,Y,,,N,Other_Source_Systems,PEGA_MKT_BVR_PROACTIVE_PRPSLS,INTERNATIONAL_SMS_FIT_CAT,STRING,N,N,
pega_mkt_beaver_proactive_proposals_yyyymmddhh ,INT_EU_CALL_FIT_CAT,International EU call fit category,VARCHAR(10),,,,Y,,,N,Other_Source_Systems,PEGA_MKT_BVR_PROACTIVE_PRPSLS,INT_EU_CALL_FIT_CAT,STRING,N,N,
pega_mkt_beaver_proactive_proposals_yyyymmddhh ,INT_EU_SMS_FIT_CAT,International EU SMS fit category,VARCHAR(10),,,,Y,,,N,Other_Source_Systems,PEGA_MKT_BVR_PROACTIVE_PRPSLS,INT_EU_SMS_FIT_CAT,STRING,N,N,
pega_mkt_beaver_proactive_proposals_yyyymmddhh ,VOICE_CUG_FIT_CAT,CUG voice fit category,VARCHAR(10),,,,Y,,,N,Other_Source_Systems,PEGA_MKT_BVR_PROACTIVE_PRPSLS,VOICE_CUG_FIT_CAT,STRING,N,N,
pega_mkt_beaver_proactive_proposals_yyyymmddhh ,SMS_CUG_FIT_CAT,CUG SMS fit category,VARCHAR(10),,,,Y,,,N,Other_Source_Systems,PEGA_MKT_BVR_PROACTIVE_PRPSLS,SMS_CUG_FIT_CAT,STRING,N,N,
pega_mkt_beaver_proactive_proposals_yyyymmddhh ,DATA_FIT_CAT,,VARCHAR(10),,,,Y,,,N,Other_Source_Systems,PEGA_MKT_BVR_PROACTIVE_PRPSLS,DATA_FIT_CAT,STRING,N,N,
pega_mkt_beaver_proactive_proposals_yyyymmddhh ,VOICE_FIT_CATEGORY,Voice fit category,VARCHAR(10),,,,Y,,,N,Other_Source_Systems,PEGA_MKT_BVR_PROACTIVE_PRPSLS,VOICE_FIT_CATEGORY,STRING,N,N,
pega_mkt_beaver_proactive_proposals_yyyymmddhh ,DATA_FIT_CATEGORY,Data fit category,VARCHAR(10),,,,Y,,,N,Other_Source_Systems,PEGA_MKT_BVR_PROACTIVE_PRPSLS,DATA_FIT_CATEGORY,STRING,N,N,
pega_mkt_beaver_proactive_proposals_yyyymmddhh ,COUNT_OF_ABOVE_VOICE_FIT_CAT,,INTEGER,,,,Y,,,N,Other_Source_Systems,PEGA_MKT_BVR_PROACTIVE_PRPSLS,COUNT_OF_ABOVE_VOICE_FIT_CAT,INT64,N,N,
pega_mkt_beaver_proactive_proposals_yyyymmddhh ,COUNT_OF_BELOW_VOICE_FIT_CAT,,INTEGER,,,,Y,,,N,Other_Source_Systems,PEGA_MKT_BVR_PROACTIVE_PRPSLS,COUNT_OF_BELOW_VOICE_FIT_CAT,INT64,N,N,
pega_mkt_beaver_proactive_proposals_yyyymmddhh ,COUNT_OF_SUITABLE_VOICE_FIT_CAT,,INTEGER,,,,Y,,,N,Other_Source_Systems,PEGA_MKT_BVR_PROACTIVE_PRPSLS,COUNT_OF_SUITABLE_VOICE_FIT_CAT,INT64,N,N,
pega_mkt_beaver_proactive_proposals_yyyymmddhh ,COUNT_OF_ABOVE_DATA_FIT_CAT,,INTEGER,,,,Y,,,N,Other_Source_Systems,PEGA_MKT_BVR_PROACTIVE_PRPSLS,COUNT_OF_ABOVE_DATA_FIT_CAT,INT64,N,N,
pega_mkt_beaver_proactive_proposals_yyyymmddhh ,COUNT_OF_BELOW_DATA_FIT_CAT,,INTEGER,,,,Y,,,N,Other_Source_Systems,PEGA_MKT_BVR_PROACTIVE_PRPSLS,COUNT_OF_BELOW_DATA_FIT_CAT,INT64,N,N,
pega_mkt_beaver_proactive_proposals_yyyymmddhh ,COUNT_OF_SUITABLE_DATA_FIT_CAT,,INTEGER,,,,Y,,,N,Other_Source_Systems,PEGA_MKT_BVR_PROACTIVE_PRPSLS,COUNT_OF_SUITABLE_DATA_FIT_CAT,INT64,N,N,
pega_mkt_beaver_proactive_proposals_yyyymmddhh ,DELTA_ARPU_CATEGORY,,VARCHAR(20),,,,Y,,,N,Other_Source_Systems,PEGA_MKT_BVR_PROACTIVE_PRPSLS,DELTA_ARPU_CATEGORY,STRING,N,N,
pega_mkt_beaver_proactive_proposals_yyyymmddhh ,DELTA_ARPU,,"NUMERIC(20,2)",,,,Y,,,N,Other_Source_Systems,PEGA_MKT_BVR_PROACTIVE_PRPSLS,DELTA_ARPU,FLOAT64,N,N,
pega_mkt_beaver_proactive_proposals_yyyymmddhh ,CONTRACT_STATUS,,VARCHAR(10),,,,Y,,,N,Other_Source_Systems,PEGA_MKT_BVR_PROACTIVE_PRPSLS,CONTRACT_STATUS,STRING,N,N,
pega_mkt_beaver_proactive_proposals_yyyymmddhh ,FAMILY_FROM_POSITION,,INTEGER,,,,Y,,,N,Other_Source_Systems,PEGA_MKT_BVR_PROACTIVE_PRPSLS,FAMILY_FROM_POSITION,INT64,N,N,
pega_mkt_beaver_proactive_proposals_yyyymmddhh ,FAMILY_TO_POSITION,,INTEGER,,,,Y,,,N,Other_Source_Systems,PEGA_MKT_BVR_PROACTIVE_PRPSLS,FAMILY_TO_POSITION,INT64,N,N,
pega_mkt_beaver_proactive_proposals_yyyymmddhh ,BEFORE_PNT_CATEGORY,,VARCHAR(10),,,,Y,,,N,Other_Source_Systems,PEGA_MKT_BVR_PROACTIVE_PRPSLS,BEFORE_PNT_CATEGORY,STRING,N,N,
pega_mkt_beaver_proactive_proposals_yyyymmddhh ,BEFORE_PNT_REASONING,,VARCHAR(255),,,,Y,,,N,Other_Source_Systems,PEGA_MKT_BVR_PROACTIVE_PRPSLS,BEFORE_PNT_REASONING,STRING,N,N,
pega_mkt_beaver_proactive_proposals_yyyymmddhh ,RECOMMENDATION_FL,,VARCHAR(10),,,,Y,,,N,Other_Source_Systems,PEGA_MKT_BVR_PROACTIVE_PRPSLS,RECOMMENDATION_FL,STRING,N,N,
pega_mkt_beaver_proactive_proposals_yyyymmddhh ,POSITION_IN_CUSTOMER_ACCOUNT,,INTEGER,,,,Y,,,N,Other_Source_Systems,PEGA_MKT_BVR_PROACTIVE_PRPSLS,POSITION_IN_CUSTOMER_ACCOUNT,INT64,N,N,
pega_mkt_beaver_proactive_proposals_yyyymmddhh ,ORDERBY,,VARCHAR(10),,,,Y,,,N,Other_Source_Systems,PEGA_MKT_BVR_PROACTIVE_PRPSLS,ORDERBY,STRING,N,N,
pega_mkt_beaver_proactive_proposals_yyyymmddhh ,NTH_ROW,,INTEGER,,,,Y,,,N,Other_Source_Systems,PEGA_MKT_BVR_PROACTIVE_PRPSLS,NTH_ROW,INT64,N,N,
pega_mkt_beaver_proactive_proposals_yyyymmddhh ,RANKING,,INTEGER,,,,Y,,,N,Other_Source_Systems,PEGA_MKT_BVR_PROACTIVE_PRPSLS,RANKING,INT64,N,N,
pega_mkt_beaver_proactive_proposals_yyyymmddhh ,CHURN_DANGER_FLAG,,VARCHAR(20),,,,Y,,,N,Other_Source_Systems,PEGA_MKT_BVR_PROACTIVE_PRPSLS,CHURN_DANGER_FLAG,STRING,N,N,
pega_mkt_beaver_proactive_proposals_yyyymmddhh ,DISCOUNTED_FLAG,,VARCHAR(20),,,,Y,,,N,Other_Source_Systems,PEGA_MKT_BVR_PROACTIVE_PRPSLS,DISCOUNTED_FLAG,STRING,N,N,
pega_mkt_beaver_proactive_proposals_yyyymmddhh ,DIGI_ENDANGERED,,VARCHAR(20),,,,Y,,,N,Other_Source_Systems,PEGA_MKT_BVR_PROACTIVE_PRPSLS,DIGI_ENDANGERED,STRING,N,N,
pega_mkt_beaver_proactive_proposals_yyyymmddhh ,SMS_OFF_NET_IC_COST,,"NUMERIC(20,2)",,,,Y,,,N,Other_Source_Systems,PEGA_MKT_BVR_PROACTIVE_PRPSLS,SMS_OFF_NET_IC_COST,FLOAT64,N,N,
pega_mkt_beaver_proactive_proposals_yyyymmddhh ,ROAMING_SMS_IC_COST,,"NUMERIC(20,2)",,,,Y,,,N,Other_Source_Systems,PEGA_MKT_BVR_PROACTIVE_PRPSLS,ROAMING_SMS_IC_COST,FLOAT64,N,N,
pega_mkt_beaver_proactive_proposals_yyyymmddhh ,VOICE_OFF_NET_IC_COST,,"NUMERIC(20,2)",,,,Y,,,N,Other_Source_Systems,PEGA_MKT_BVR_PROACTIVE_PRPSLS,VOICE_OFF_NET_IC_COST,FLOAT64,N,N,
pega_mkt_beaver_proactive_proposals_yyyymmddhh ,VOICE_FIX_NET_IC_COST,,"NUMERIC(20,2)",,,,Y,,,N,Other_Source_Systems,PEGA_MKT_BVR_PROACTIVE_PRPSLS,VOICE_FIX_NET_IC_COST,FLOAT64,N,N,
pega_mkt_beaver_proactive_proposals_yyyymmddhh ,ROAMING_CALL_IC_COST,,"NUMERIC(20,2)",,,,Y,,,N,Other_Source_Systems,PEGA_MKT_BVR_PROACTIVE_PRPSLS,ROAMING_CALL_IC_COST,FLOAT64,N,N,
pega_mkt_beaver_proactive_proposals_yyyymmddhh ,INT_EU_CALL_IC_COST,,"NUMERIC(20,2)",,,,Y,,,N,Other_Source_Systems,PEGA_MKT_BVR_PROACTIVE_PRPSLS,INT_EU_CALL_IC_COST,FLOAT64,N,N,
pega_mkt_beaver_proactive_proposals_yyyymmddhh ,INT_EU_SMS_IC_COST,,"NUMERIC(20,2)",,,,Y,,,N,Other_Source_Systems,PEGA_MKT_BVR_PROACTIVE_PRPSLS,INT_EU_SMS_IC_COST,FLOAT64,N,N,
pega_mkt_beaver_proactive_proposals_yyyymmddhh ,AFTER_IC_COST,,"NUMERIC(20,2)",,,,Y,,,N,Other_Source_Systems,PEGA_MKT_BVR_PROACTIVE_PRPSLS,AFTER_IC_COST,FLOAT64,N,N,
pega_mkt_beaver_proactive_proposals_yyyymmddhh ,BEFORE_BILLED_REVENUE,,"NUMERIC(20,2)",,,,Y,,,N,Other_Source_Systems,PEGA_MKT_BVR_PROACTIVE_PRPSLS,BEFORE_BILLED_REVENUE,FLOAT64,N,N,
pega_mkt_beaver_proactive_proposals_yyyymmddhh ,BEFORE_TAX,,"NUMERIC(20,2)",,,,Y,,,N,Other_Source_Systems,PEGA_MKT_BVR_PROACTIVE_PRPSLS,BEFORE_TAX,FLOAT64,N,N,
pega_mkt_beaver_proactive_proposals_yyyymmddhh ,BEFORE_COMMISSION_AMOUNT,,"NUMERIC(20,2)",,,,Y,,,N,Other_Source_Systems,PEGA_MKT_BVR_PROACTIVE_PRPSLS,BEFORE_COMMISSION_AMOUNT,FLOAT64,N,N,
pega_mkt_beaver_proactive_proposals_yyyymmddhh ,BEFORE_IC_REVENUE,,"NUMERIC(20,2)",,,,Y,,,N,Other_Source_Systems,PEGA_MKT_BVR_PROACTIVE_PRPSLS,BEFORE_IC_REVENUE,FLOAT64,N,N,
pega_mkt_beaver_proactive_proposals_yyyymmddhh ,BEFORE_IC_COST,,"NUMERIC(20,2)",,,,Y,,,N,Other_Source_Systems,PEGA_MKT_BVR_PROACTIVE_PRPSLS,BEFORE_IC_COST,FLOAT64,N,N,
pega_mkt_beaver_proactive_proposals_yyyymmddhh ,BEFORE_SUBSIDY,,"NUMERIC(20,2)",,,,Y,,,N,Other_Source_Systems,PEGA_MKT_BVR_PROACTIVE_PRPSLS,BEFORE_SUBSIDY,FLOAT64,N,N,
pega_mkt_beaver_proactive_proposals_yyyymmddhh ,AFTER_BILLED_REVENUE,,"NUMERIC(20,2)",,,,Y,,,N,Other_Source_Systems,PEGA_MKT_BVR_PROACTIVE_PRPSLS,AFTER_BILLED_REVENUE,FLOAT64,N,N,
pega_mkt_beaver_proactive_proposals_yyyymmddhh ,AFTER_COMMISSION_AMOUNT,,"NUMERIC(20,2)",,,,Y,,,N,Other_Source_Systems,PEGA_MKT_BVR_PROACTIVE_PRPSLS,AFTER_COMMISSION_AMOUNT,FLOAT64,N,N,
pega_mkt_beaver_proactive_proposals_yyyymmddhh ,AFTER_IC_REVENUE,,"NUMERIC(20,2)",,,,Y,,,N,Other_Source_Systems,PEGA_MKT_BVR_PROACTIVE_PRPSLS,AFTER_IC_REVENUE,FLOAT64,N,N,
pega_mkt_beaver_proactive_proposals_yyyymmddhh ,AFTER_SUBSIDY,,"NUMERIC(20,2)",,,,Y,,,N,Other_Source_Systems,PEGA_MKT_BVR_PROACTIVE_PRPSLS,AFTER_SUBSIDY,FLOAT64,N,N,
pega_mkt_beaver_proactive_proposals_yyyymmddhh ,BEFORE_TOTAL_REVENUE,,"NUMERIC(20,2)",,,,Y,,,N,Other_Source_Systems,PEGA_MKT_BVR_PROACTIVE_PRPSLS,BEFORE_TOTAL_REVENUE,FLOAT64,N,N,
pega_mkt_beaver_proactive_proposals_yyyymmddhh ,AFTER_TOTAL_REVENUE,,"NUMERIC(20,2)",,,,Y,,,N,Other_Source_Systems,PEGA_MKT_BVR_PROACTIVE_PRPSLS,AFTER_TOTAL_REVENUE,FLOAT64,N,N,
pega_mkt_beaver_proactive_proposals_yyyymmddhh ,BEFORE_M1_MARGIN,,"NUMERIC(20,2)",,,,Y,,,N,Other_Source_Systems,PEGA_MKT_BVR_PROACTIVE_PRPSLS,BEFORE_M1_MARGIN,FLOAT64,N,N,
pega_mkt_beaver_proactive_proposals_yyyymmddhh ,AFTER_M1_MARGIN,,"NUMERIC(20,2)",,,,Y,,,N,Other_Source_Systems,PEGA_MKT_BVR_PROACTIVE_PRPSLS,AFTER_M1_MARGIN,FLOAT64,N,N,
pega_mkt_beaver_proactive_proposals_yyyymmddhh ,BEFORE_M2_MARGIN,,"NUMERIC(20,2)",,,,Y,,,N,Other_Source_Systems,PEGA_MKT_BVR_PROACTIVE_PRPSLS,BEFORE_M2_MARGIN,FLOAT64,N,N,
pega_mkt_beaver_proactive_proposals_yyyymmddhh ,AFTER_M2_MARGIN,,"NUMERIC(20,2)",,,,Y,,,N,Other_Source_Systems,PEGA_MKT_BVR_PROACTIVE_PRPSLS,AFTER_M2_MARGIN,FLOAT64,N,N,
pega_mkt_beaver_proactive_proposals_yyyymmddhh ,BEFORE_M1_MARGIN_PERCENT,,"NUMERIC(20,2)",,,,Y,,,N,Other_Source_Systems,PEGA_MKT_BVR_PROACTIVE_PRPSLS,BEFORE_M1_MARGIN_PERCENT,FLOAT64,N,N,
pega_mkt_beaver_proactive_proposals_yyyymmddhh ,BEFORE_M2_MARGIN_PERCENT,,"NUMERIC(20,2)",,,,Y,,,N,Other_Source_Systems,PEGA_MKT_BVR_PROACTIVE_PRPSLS,BEFORE_M2_MARGIN_PERCENT,FLOAT64,N,N,
pega_mkt_beaver_proactive_proposals_yyyymmddhh ,AFTER_M1_MARGIN_PERCENT,,"NUMERIC(20,2)",,,,Y,,,N,Other_Source_Systems,PEGA_MKT_BVR_PROACTIVE_PRPSLS,AFTER_M1_MARGIN_PERCENT,FLOAT64,N,N,
pega_mkt_beaver_proactive_proposals_yyyymmddhh ,AFTER_M2_MARGIN_PERCENT,,"NUMERIC(20,2)",,,,Y,,,N,Other_Source_Systems,PEGA_MKT_BVR_PROACTIVE_PRPSLS,AFTER_M2_MARGIN_PERCENT,FLOAT64,N,N,
pega_mkt_beaver_proactive_proposals_yyyymmddhh ,ROI,,"NUMERIC(20,2)",,,,Y,,,N,Other_Source_Systems,PEGA_MKT_BVR_PROACTIVE_PRPSLS,ROI,FLOAT64,N,N,
pega_mkt_beaver_proactive_proposals_yyyymmddhh ,ROI_COMMISSION,,"NUMERIC(20,2)",,,,Y,,,N,Other_Source_Systems,PEGA_MKT_BVR_PROACTIVE_PRPSLS,ROI_COMMISSION,FLOAT64,N,N,
pega_mkt_beaver_proactive_proposals_yyyymmddhh ,AFTER_TAX,,"NUMERIC(20,2)",,,,Y,,,N,Other_Source_Systems,PEGA_MKT_BVR_PROACTIVE_PRPSLS,AFTER_TAX,FLOAT64,N,N,
pega_mkt_beaver_proactive_proposals_yyyymmddhh ,DATE_OF_ENTRY,,VARCHAR(20),,,,Y,,,N,Other_Source_Systems,PEGA_MKT_BVR_PROACTIVE_PRPSLS,DATE_OF_ENTRY,STRING,N,N,
pega_mkt_beaver_proactive_proposals_yyyymmddhh ,FINAL_PNT_CATEGORY,,VARCHAR(10),,,,Y,,,N,Other_Source_Systems,PEGA_MKT_BVR_PROACTIVE_PRPSLS,FINAL_PNT_CATEGORY,STRING,N,N,
pega_mkt_beaver_proactive_proposals_yyyymmddhh ,FINAL_PNT_REASONING,,VARCHAR(2000),,,,Y,,,N,Other_Source_Systems,PEGA_MKT_BVR_PROACTIVE_PRPSLS,FINAL_PNT_REASONING,STRING,N,N,
pega_mkt_beaver_proactive_proposals_yyyymmddhh ,CREATED_DATE,,DATE,,,,Y,,,N,Other_Source_Systems,PEGA_MKT_BVR_PROACTIVE_PRPSLS,CREATED_DATE,DATE,N,N,
pega_mkt_beaver_proactive_proposals_yyyymmddhh ,pyGUID,Primary Key,VARCHAR(128),,,,Y,,,N,Other_Source_Systems,PEGA_MKT_BVR_PROACTIVE_PRPSLS,pyGUID,STRING,N,N,
pega_mkt_beaver_proactive_proposals_yyyymmddhh ,BEFORE_ARPU,,"NUMERIC(20,2)",,,,Y,,,N,Other_Source_Systems,PEGA_MKT_BVR_PROACTIVE_PRPSLS,BEFORE_ARPU,FLOAT64,N,N,
pega_mkt_beaver_proactive_proposals_yyyymmddhh ,BEFORE_ARPU_CLEANED,,"NUMERIC(20,2)",,,,Y,,,N,Other_Source_Systems,PEGA_MKT_BVR_PROACTIVE_PRPSLS,BEFORE_ARPU_CLEANED,FLOAT64,N,N,
pega_mkt_beaver_proactive_proposals_yyyymmddhh ,TOTAL_VOICE_USAGE,Total usage,"NUMERIC(20,2)",,,,Y,,,N,Other_Source_Systems,PEGA_MKT_BVR_PROACTIVE_PRPSLS,TOTAL_VOICE_USAGE,FLOAT64,N,N,
pega_mkt_beaver_proactive_proposals_yyyymmddhh ,EXTRA_VOICE_USAGE,Extra usage,"NUMERIC(20,2)",,,,Y,,,N,Other_Source_Systems,PEGA_MKT_BVR_PROACTIVE_PRPSLS,EXTRA_VOICE_USAGE,FLOAT64,N,N,
pega_mkt_beaver_proactive_proposals_yyyymmddhh ,CALCULATIONCODE,,VARCHAR(40),,,,Y,,,N,Other_Source_Systems,PEGA_MKT_BVR_PROACTIVE_PRPSLS,CALCULATIONCODE,STRING,N,N,
pega_mkt_beaver_proactive_proposals_yyyymmddhh ,FUTURE_OUT_BUNDLE_DATA_SPENDING,,"NUMERIC(20,2)",,,,Y,,,N,Other_Source_Systems,PEGA_MKT_BVR_PROACTIVE_PRPSLS,FUTURE_OUT_BUNDLE_DATA_SPENDING,FLOAT64,N,N,
pega_mkt_beaver_proactive_proposals_yyyymmddhh ,FUTURE_OUT_BUNDLE_VOICE_SPENDING,,"NUMERIC(20,2)",,,,Y,,,N,Other_Source_Systems,PEGA_MKT_BVR_PROACTIVE_PRPSLS,FUTURE_OUT_BUNDLE_VOICE_SPENDING,FLOAT64,N,N,
pega_mkt_beaver_proactive_proposals_yyyymmddhh ,PROFITABILITY_LOYALTY,,"NUMERIC(20,2)",,,,Y,,,N,Other_Source_Systems,PEGA_MKT_BVR_PROACTIVE_PRPSLS,PROFITABILITY_LOYALTY,FLOAT64,N,N,
pega_mkt_beaver_proactive_proposals_yyyymmddhh ,VOLUME_FROM_POSITION,,INTEGER,,,,Y,,,N,Other_Source_Systems,PEGA_MKT_BVR_PROACTIVE_PRPSLS,VOLUME_FROM_POSITION,INT64,N,N,
pega_mkt_beaver_proactive_proposals_yyyymmddhh ,VOLUME_TO_POSITION,,INTEGER,,,,Y,,,N,Other_Source_Systems,PEGA_MKT_BVR_PROACTIVE_PRPSLS,VOLUME_TO_POSITION,INT64,N,N,
pega_mkt_beaver_proactive_proposals_yyyymmddhh ,offering_tariff_group,,VARCHAR(50),,,,Y,,,Y,Other_Source_Systems,PEGA_MKT_BVR_PROACTIVE_PRPSLS,OFFERING_TARIFF_GROUP,STRING,N,N,
,,,,,,,N,,,N,Other_Source_Systems,PEGA_MKT_BVR_PROACTIVE_PRPSLS,START_OF_VALIDITY,DATE,N,N,
,,,,,,,N,,,N,Other_Source_Systems,PEGA_MKT_BVR_PROACTIVE_PRPSLS,END_OF_VALIDITY,DATE,N,N,
,,,,,,,N,,,N,Other_Source_Systems,PEGA_MKT_BVR_PROACTIVE_PRPSLS,ACTIVE_FL,INT64,N,N,
,,,,,,,N,,,N,Other_Source_Systems,PEGA_MKT_BVR_PROACTIVE_PRPSLS,TR_FILE_ID,INT64,N,N,
,,,,,,,N,,,,Other_Source_Systems,PEGA_MKT_BVR_PROACTIVE_PRPSLS,TR_INSERT_DATETIME,TIMESTAMP,N,N,
,,,,,,,N,,,,Other_Source_Systems,PEGA_MKT_BVR_PROACTIVE_PRPSLS,TR_INSERT_ID,INT64,N,N,
,,,,,,,Y,,,,Other_Source_Systems,PEGA_MKT_BVR_PROACTIVE_PRPSLS,TR_UPDATE_DATETIME,TIMESTAMP,N,N,
,,,,,,,Y,,,,Other_Source_Systems,PEGA_MKT_BVR_PROACTIVE_PRPSLS,TR_UPDATE_ID,INT64,N,N,
pega_mkt_interaction_history_yyyymmddhh ,pxfactid,Fact Id - Unique Id for each interaction record,numeric(19),,,,N,Y,Y,,Other_Source_Systems,PEGA_MKT_INTERACTION_HISTORY,pxfactid,INT64,Y,N,
pega_mkt_interaction_history_yyyymmddhh ,pysubjectid,Subject Id - Can be BSS CustomerAccount Id or ServiceAccountId(Top Level BPI) or BSS Location Id,varchar(255),,,,N,N,N,,Other_Source_Systems,PEGA_MKT_INTERACTION_HISTORY,pysubjectid,STRING,N,N,
pega_mkt_interaction_history_yyyymmddhh ,pxinteractionid,InteractactionId,numeric(19),,,,N,N,N,,Other_Source_Systems,PEGA_MKT_INTERACTION_HISTORY,pxinteractionid,INT64,N,N,
pega_mkt_interaction_history_yyyymmddhh ,customeraccountnumber,BSS Customer account number,numeric(50),,,,N,N,N,,Other_Source_Systems,PEGA_MKT_INTERACTION_HISTORY,customeraccountnumber,INT64,N,N,
pega_mkt_interaction_history_yyyymmddhh ,serviceaccountid,BSS Service Account ID ( or Top Level BPI ID),numeric(50),,,,Y,N,N,,Other_Source_Systems,PEGA_MKT_INTERACTION_HISTORY,serviceaccountid,INT64,N,N,
pega_mkt_interaction_history_yyyymmddhh ,locationid,BSS Location Id,numeric(50),,,,Y,N,N,,Other_Source_Systems,PEGA_MKT_INTERACTION_HISTORY,locationid,INT64,N,N,
pega_mkt_interaction_history_yyyymmddhh ,individualid,Individual Id,numeric(50),,,,Y,N,N,,Other_Source_Systems,PEGA_MKT_INTERACTION_HISTORY,individualid,INT64,N,N,
pega_mkt_interaction_history_yyyymmddhh ,individualrole,Individual Role,varchar(255),,,,Y,N,N,,Other_Source_Systems,PEGA_MKT_INTERACTION_HISTORY,individualrole,STRING,N,N,
pega_mkt_interaction_history_yyyymmddhh ,propositionid,propositionid,varchar(255),,,,N,N,N,,Other_Source_Systems,PEGA_MKT_INTERACTION_HISTORY,propositionid,STRING,N,N,
pega_mkt_interaction_history_yyyymmddhh ,propositiontype,"Proposition type (TLO,SLO,NBA,Device,NPS)",varchar(255),,,,Y,N,N,,Other_Source_Systems,PEGA_MKT_INTERACTION_HISTORY,propositiontype,STRING,N,N,
pega_mkt_interaction_history_yyyymmddhh ,customercontext,"Context in which the proposition is offered
AccountExtension
Pre2Post
Migration
ChurnPrevention
Retention",varchar(255),,,,Y,N,N,,Other_Source_Systems,PEGA_MKT_INTERACTION_HISTORY,customercontext,STRING,N,N,
pega_mkt_interaction_history_yyyymmddhh ,pyissue,Issue Name,varchar(255),,,,Y,N,N,,Other_Source_Systems,PEGA_MKT_INTERACTION_HISTORY,pyissue,STRING,N,N,
pega_mkt_interaction_history_yyyymmddhh ,pygroup,Group Name,varchar(255),,,,Y,N,N,,Other_Source_Systems,PEGA_MKT_INTERACTION_HISTORY,pygroup,STRING,N,N,
pega_mkt_interaction_history_yyyymmddhh ,pyname,Offer Name,varchar(255),,,,Y,N,N,,Other_Source_Systems,PEGA_MKT_INTERACTION_HISTORY,pyname,STRING,N,N,
pega_mkt_interaction_history_yyyymmddhh ,pylabel,Lable Name,varchar(255),,,,Y,N,N,,Other_Source_Systems,PEGA_MKT_INTERACTION_HISTORY,pylabel,STRING,N,N,
pega_mkt_interaction_history_yyyymmddhh ,bundlename,"bundle id. If multiple proposition are bundled, then all the propostion id  will be concatenated",varchar(255),,,,Y,N,N,,Other_Source_Systems,PEGA_MKT_INTERACTION_HISTORY,bundlename,STRING,N,N,
pega_mkt_interaction_history_yyyymmddhh ,bundlehead,Flag to say if it is a head of bundle proposition,varchar(8),,,,Y,N,N,,Other_Source_Systems,PEGA_MKT_INTERACTION_HISTORY,bundlehead,STRING,N,N,
pega_mkt_interaction_history_yyyymmddhh ,displayname,Display name (originally offered),varchar(255),,,,Y,N,N,,Other_Source_Systems,PEGA_MKT_INTERACTION_HISTORY,displayname,STRING,N,N,
pega_mkt_interaction_history_yyyymmddhh ,pyoutcome,"Outcome of the offer
Sent
Impression
Accepted
Rejected
Delivered
ClickThrough
Redirected
Open
Submitted
SubmittedwithModification
Completed
Abandoned
Closed
CampaignClosed
NoInterest",varchar(255),,,,N,N,N,,Other_Source_Systems,PEGA_MKT_INTERACTION_HISTORY,pyoutcome,STRING,N,N,
pega_mkt_interaction_history_yyyymmddhh ,pxoutcometime,Outcome date time,timestamp,,,,N,N,N,,Other_Source_Systems,PEGA_MKT_INTERACTION_HISTORY,pxoutcometime,Timestamp,N,N,
pega_mkt_interaction_history_yyyymmddhh ,pydirection,"Direction - Inbound, Outbound",varchar(255),,,,Y,N,N,,Other_Source_Systems,PEGA_MKT_INTERACTION_HISTORY,pydirection,STRING,N,N,
pega_mkt_interaction_history_yyyymmddhh ,pychannel,BSS Channel Name,varchar(255),,,,Y,N,N,,Other_Source_Systems,PEGA_MKT_INTERACTION_HISTORY,pychannel,STRING,N,N,
pega_mkt_interaction_history_yyyymmddhh ,useragent,CSR Agent Id (AD UserName),varchar(255),,,,Y,N,N,,Other_Source_Systems,PEGA_MKT_INTERACTION_HISTORY,useragent,STRING,N,N,
pega_mkt_interaction_history_yyyymmddhh ,channelid,BSS Channel Id,numeric(50),,,,Y,N,N,,Other_Source_Systems,PEGA_MKT_INTERACTION_HISTORY,channelid,INT64,N,N,
pega_mkt_interaction_history_yyyymmddhh ,CSRAgentName,CSR Agent Name,varchar(255),,,,Y,N,N,,Other_Source_Systems,PEGA_MKT_INTERACTION_HISTORY,CSRAgentName,STRING,N,N,
pega_mkt_interaction_history_yyyymmddhh ,pxdecisiontime,Decision Date time,timestamp,,,,Y,N,N,,Other_Source_Systems,PEGA_MKT_INTERACTION_HISTORY,pxdecisiontime,Datetime,N,N,
pega_mkt_interaction_history_yyyymmddhh ,pxpriority,Priority value,"numeric(19,9)",,,,Y,N,N,,Other_Source_Systems,PEGA_MKT_INTERACTION_HISTORY,pxpriority,FLOAT 64,N,N,
pega_mkt_interaction_history_yyyymmddhh ,pypropensity,Propensity value,"numeric(19,9)",,,,Y,N,N,,Other_Source_Systems,PEGA_MKT_INTERACTION_HISTORY,pypropensity,FLOAT 64,N,N,
pega_mkt_interaction_history_yyyymmddhh ,pxrank,Rank of the offer,numeric(18),,,,Y,N,N,,Other_Source_Systems,PEGA_MKT_INTERACTION_HISTORY,pxrank,INT64,N,N,
pega_mkt_interaction_history_yyyymmddhh ,pyweight,Business Weight Of the Proposition,"numeric(19,4)",,,,Y,N,N,,Other_Source_Systems,PEGA_MKT_INTERACTION_HISTORY,pyweight,FLOAT 64,N,N,
pega_mkt_interaction_history_yyyymmddhh ,priorityreason,Prirority reason,varchar(255),,,,Y,N,N,,Other_Source_Systems,PEGA_MKT_INTERACTION_HISTORY,priorityreason,STRING,N,N,
pega_mkt_interaction_history_yyyymmddhh ,emailaddress,Contact Email Address,VARCHAR2(255 BYTE),,,,Y,N,N,,Other_Source_Systems,PEGA_MKT_INTERACTION_HISTORY,emailaddress,STRING,N,Y,
pega_mkt_interaction_history_yyyymmddhh ,bouncetype,"Bounce type if email is bounced (HARD,SOFT)",VARCHAR2(255 BYTE),,,,Y,N,N,,Other_Source_Systems,PEGA_MKT_INTERACTION_HISTORY,bouncetype,STRING,N,N,
pega_mkt_interaction_history_yyyymmddhh ,bouncecode,Bounce code if email is bounced,VARCHAR2(255 BYTE),,,,Y,N,N,,Other_Source_Systems,PEGA_MKT_INTERACTION_HISTORY,bouncecode,STRING,N,N,
pega_mkt_interaction_history_yyyymmddhh ,clickthroughurl,Click through URL,VARCHAR2(4000 CHAR),,,,Y,N,N,,Other_Source_Systems,PEGA_MKT_INTERACTION_HISTORY,clickthroughurl,STRING,N,N,
pega_mkt_interaction_history_yyyymmddhh ,pntcategory,"Preferred,Nuetral,Toxic",VARCHAR2(255 CHAR),,,,Y,N,N,,Other_Source_Systems,PEGA_MKT_INTERACTION_HISTORY,pntcategory,STRING,N,N,
pega_mkt_interaction_history_yyyymmddhh ,fulfilmenttype,"Fulfilment Type (Auto,Manual,None)",VARCHAR2(32 CHAR),,,,Y,N,N,,Other_Source_Systems,PEGA_MKT_INTERACTION_HISTORY,fulfilmenttype,STRING,N,N,
pega_mkt_interaction_history_yyyymmddhh ,businessvalue,Business value of the offer,"numeric(19,9)",,,,Y,N,N,,Other_Source_Systems,PEGA_MKT_INTERACTION_HISTORY,businessvalue,FLOAT 64,N,N,
pega_mkt_interaction_history_yyyymmddhh ,contextweight,Context Weight of the offer,"numeric(19,9)",,,,Y,N,N,,Other_Source_Systems,PEGA_MKT_INTERACTION_HISTORY,contextweight,FLOAT 64,N,N,
pega_mkt_interaction_history_yyyymmddhh ,offeringexternalid,BSS Offering External Id,numeric(19),,,,Y,N,N,,Other_Source_Systems,PEGA_MKT_INTERACTION_HISTORY,offeringexternalid,INT64,N,N,
pega_mkt_interaction_history_yyyymmddhh ,epack,E- Pack,VARCHAR2(3 CHAR),,,,Y,N,N,,Other_Source_Systems,PEGA_MKT_INTERACTION_HISTORY,epack,STRING,N,N,
pega_mkt_interaction_history_yyyymmddhh ,loyaltyperiod,Loyalty Period,numeric(5),,,,Y,N,N,,Other_Source_Systems,PEGA_MKT_INTERACTION_HISTORY,loyaltyperiod,INT64,N,N,
pega_mkt_interaction_history_yyyymmddhh ,salesorderid,BSS sales order id associated. Only available in the saleorder outcomes/interaction records,numeric(50),,,,Y,N,N,,Other_Source_Systems,PEGA_MKT_INTERACTION_HISTORY,salesorderid,INT64,N,N,
pega_mkt_interaction_history_yyyymmddhh ,horizontalsegment,"""BSS Customer Horizontal Segment
Residential
SOHO
SSME
LSME
Key
GOV
VGE""",varchar(255),,,,Y,N,N,,Other_Source_Systems,PEGA_MKT_INTERACTION_HISTORY,horizontalsegment,STRING,N,N,
pega_mkt_interaction_history_yyyymmddhh ,verticalsegment,"""BSS Customer Vertical Segment
SOHO
SSME
LSME
Trade
Services
High Street
VIE
GOV
GOV KEF""",varchar(255),,,,Y,N,N,,Other_Source_Systems,PEGA_MKT_INTERACTION_HISTORY,verticalsegment,STRING,N,N,
pega_mkt_interaction_history_yyyymmddhh ,customercategory,"Consumer, Business",varchar(255),,,,Y,N,N,,Other_Source_Systems,PEGA_MKT_INTERACTION_HISTORY,customercategory,STRING,N,N,
pega_mkt_interaction_history_yyyymmddhh ,pycontext,"""Campaign Context
Customer
Service""",varchar(255),,,,Y,N,N,,Other_Source_Systems,PEGA_MKT_INTERACTION_HISTORY,pycontext,STRING,N,N,
pega_mkt_interaction_history_yyyymmddhh ,workid,Campaign Id,varchar(128),,,,Y,N,N,,Other_Source_Systems,PEGA_MKT_INTERACTION_HISTORY,workid,STRING,N,N,
pega_mkt_interaction_history_yyyymmddhh ,campaignname,Campaign Name,varchar(255),,,,Y,N,N,,Other_Source_Systems,PEGA_MKT_INTERACTION_HISTORY,campaignname,STRING,N,N,
pega_mkt_interaction_history_yyyymmddhh ,pytreatment,TreatmentName,varchar(255),,,,Y,N,N,,Other_Source_Systems,PEGA_MKT_INTERACTION_HISTORY,pytreatment,STRING,N,N,
pega_mkt_interaction_history_yyyymmddhh ,leadid,Lead ID from SFA,numeric(50),,,,Y,N,N,,Other_Source_Systems,PEGA_MKT_INTERACTION_HISTORY,leadid,INT64,N,N,
pega_mkt_interaction_history_yyyymmddhh ,containername,SSP Page Name or Mobile App Page Name where the offers will be displayed,varchar(255),,,,Y,N,N,,Other_Source_Systems,PEGA_MKT_INTERACTION_HISTORY,containername,STRING,N,N,
pega_mkt_interaction_history_yyyymmddhh ,activitycategory,"Business Activity type . Example: Pre2Post, OnlineRenewal, ProactiveRenewal etc",varchar(64),,,,Y,N,N,,Other_Source_Systems,PEGA_MKT_INTERACTION_HISTORY,activitycategory,STRING,N,N,
pega_mkt_interaction_history_yyyymmddhh ,beaver_transaction,Possible values Yes/No.,varchar(64),,,,Y,N,N,,Other_Source_Systems,PEGA_MKT_INTERACTION_HISTORY,beaver_transaction,STRING,N,N,
pega_mkt_interaction_history_yyyymmddhh ,changedofferingid,External Offering ID of finally activated product of Marketing interaction,varchar(64),,,,Y,N,N,,Other_Source_Systems,PEGA_MKT_INTERACTION_HISTORY,changedofferingid,STRING,N,N,
pega_mkt_interaction_history_yyyymmddhh ,msisdn,Customer subscription Number,varchar(4000),,,,Y,N,N,,Other_Source_Systems,PEGA_MKT_INTERACTION_HISTORY,msisdn,STRING,N,N,
pega_mkt_interaction_history_yyyymmddhh ,outcometype,Type of the outcome. Possible value: CallBack,varchar(255),,,,Y,N,N,,Other_Source_Systems,PEGA_MKT_INTERACTION_HISTORY,outcometype,STRING,N,N,
pega_mkt_interaction_history_yyyymmddhh ,treatmentcategory,Categorization of Treatments,varchar(64),,,,Y,N,N,,Other_Source_Systems,PEGA_MKT_INTERACTION_HISTORY,treatmentcategory,STRING,N,N,
pega_mkt_interaction_history_yyyymmddhh ,longdescription,Long description of offer,varchar(1000),,,,Y,N,N,,Other_Source_Systems,PEGA_MKT_INTERACTION_HISTORY,longdescription,STRING,N,N,
pega_mkt_interaction_history_yyyymmddhh ,shortdescription,short description of Offer,varchar(1000),,,,Y,N,N,,Other_Source_Systems,PEGA_MKT_INTERACTION_HISTORY,shortdescription,STRING,N,N,
,,,,,,,N,N,N,,Other_Source_Systems,PEGA_MKT_INTERACTION_HISTORY,EFFECTIVE_LOAD_DATE,DATE,N,N,
,,,,,,,N,N,N,,Other_Source_Systems,PEGA_MKT_INTERACTION_HISTORY,TR_FILE_ID,INT64,N,N,
,,,,,,,N,N,N,,Other_Source_Systems,PEGA_MKT_INTERACTION_HISTORY,TR_INSERT_DATETIME,TIMESTAMP,N,N,
,,,,,,,N,N,N,,Other_Source_Systems,PEGA_MKT_INTERACTION_HISTORY,TR_INSERT_ID,INT64,N,N,
,,,,,,,Y,N,N,,Other_Source_Systems,PEGA_MKT_INTERACTION_HISTORY,TR_UPDATE_DATETIME,TIMESTAMP,N,N,
,,,,,,,Y,N,N,,Other_Source_Systems,PEGA_MKT_INTERACTION_HISTORY,TR_UPDATE_ID,INT64,N,N,
pega_beaver_reactive_transactions_YYYYMMDDHH24MMSS ,SERVICE_ACCOUNT_ID,,NUMBER,,,,N,Y,Y,,Other_Source_Systems,pega_bvr_rctive_transtns,SERVICE_ACCOUNT_ID,INT64,Y,N,
pega_beaver_reactive_transactions_YYYYMMDDHH24MMSS ,CUSTOMER_ACCOUNT_ID,,NUMBER,,,,N,Y,Y,,Other_Source_Systems,pega_bvr_rctive_transtns,CUSTOMER_ACCOUNT_ID,INT64,Y,N,
pega_beaver_reactive_transactions_YYYYMMDDHH24MMSS ,SEGMENT,,VARCHAR(20),,,,Y,N,N,,Other_Source_Systems,pega_bvr_rctive_transtns,SEGMENT,STRING,N,N,
pega_beaver_reactive_transactions_YYYYMMDDHH24MMSS ,SOURCE_OFFERING_ID,,NUMBER,,,,Y,N,N,,Other_Source_Systems,pega_bvr_rctive_transtns,SOURCE_OFFERING_ID,INT64,N,N,
pega_beaver_reactive_transactions_YYYYMMDDHH24MMSS ,SOURCE_OFFERING_NAME,,VARCHAR(50),,,,Y,N,N,,Other_Source_Systems,pega_bvr_rctive_transtns,SOURCE_OFFERING_NAME,STRING,N,N,
pega_beaver_reactive_transactions_YYYYMMDDHH24MMSS ,SOURCE_EXTERNAL_ID,Current Top Level external id of the subscription,INTEGER,,,,Y,N,N,,Other_Source_Systems,pega_bvr_rctive_transtns,SOURCE_EXTERNAL_ID,INT64,N,N,
pega_beaver_reactive_transactions_YYYYMMDDHH24MMSS ,TARGET_OFFERING_ID,,NUMBER,,,,Y,N,N,,Other_Source_Systems,pega_bvr_rctive_transtns,TARGET_OFFERING_ID,INT64,N,N,
pega_beaver_reactive_transactions_YYYYMMDDHH24MMSS ,TARGET_OFFERING_NAME,,VARCHAR(50),,,,Y,N,N,,Other_Source_Systems,pega_bvr_rctive_transtns,TARGET_OFFERING_NAME,STRING,N,N,
pega_beaver_reactive_transactions_YYYYMMDDHH24MMSS ,TARGET_EXTERNAL_ID,Proposed  Top level external id for the subscription,INTEGER,,,,Y,N,N,,Other_Source_Systems,pega_bvr_rctive_transtns,TARGET_EXTERNAL_ID,INT64,N,N,
pega_beaver_reactive_transactions_YYYYMMDDHH24MMSS ,TARGET_HANDSET_FL,,BOOLEAN,,,,Y,N,N,,Other_Source_Systems,pega_bvr_rctive_transtns,TARGET_HANDSET_FL,STRING,N,N,
pega_beaver_reactive_transactions_YYYYMMDDHH24MMSS ,TARGET_EPACK_FL,E- pack flag Yes or No,VARCHAR(5),,,,Y,N,N,,Other_Source_Systems,pega_bvr_rctive_transtns,TARGET_EPACK_FL,STRING,N,N,
pega_beaver_reactive_transactions_YYYYMMDDHH24MMSS ,TRANSACTION_TYPE,NO_CHANGE,VARCHAR(50),,,,Y,N,N,,Other_Source_Systems,pega_bvr_rctive_transtns,TRANSACTION_TYPE,STRING,N,N,
pega_beaver_reactive_transactions_YYYYMMDDHH24MMSS ,FUTURE_MONTHLY_FEE_DATA,CONTRACT_RENEWAL,"NUMERIC(20,2)",,,,Y,N,N,,Other_Source_Systems,pega_bvr_rctive_transtns,FUTURE_MONTHLY_FEE_DATA,FLOAT64,N,N,
pega_beaver_reactive_transactions_YYYYMMDDHH24MMSS ,FUTURE_MONTHLY_FEE_VOICE,ACCOUNT_EXTENSION,"NUMERIC(20,2)",,,,Y,N,N,,Other_Source_Systems,pega_bvr_rctive_transtns,FUTURE_MONTHLY_FEE_VOICE,FLOAT64,N,N,
pega_beaver_reactive_transactions_YYYYMMDDHH24MMSS ,FUTURE_MONTHLY_SPENDING,TARIFF_CHANGE,"NUMERIC(20,2)",,,,Y,N,N,,Other_Source_Systems,pega_bvr_rctive_transtns,FUTURE_MONTHLY_SPENDING,FLOAT64,N,N,
pega_beaver_reactive_transactions_YYYYMMDDHH24MMSS ,FMC_DISCOUNT,CANCELATION,"NUMERIC(20,2)",,,,Y,N,N,,Other_Source_Systems,pega_bvr_rctive_transtns,FMC_DISCOUNT,FLOAT64,N,N,
pega_beaver_reactive_transactions_YYYYMMDDHH24MMSS ,FAMILY_DISCOUNT,,"NUMERIC(20,2)",,,,Y,N,N,,Other_Source_Systems,pega_bvr_rctive_transtns,FAMILY_DISCOUNT,FLOAT64,N,N,
pega_beaver_reactive_transactions_YYYYMMDDHH24MMSS ,FMC_DISCOUNT_APPLIED,,BOOLEAN,,,,Y,N,N,,Other_Source_Systems,pega_bvr_rctive_transtns,FMC_DISCOUNT_APPLIED,STRING,N,N,
pega_beaver_reactive_transactions_YYYYMMDDHH24MMSS ,FAMILY_DISCOUNT_APPLIED,,BOOLEAN,,,,Y,N,N,,Other_Source_Systems,pega_bvr_rctive_transtns,FAMILY_DISCOUNT_APPLIED,STRING,N,N,
pega_beaver_reactive_transactions_YYYYMMDDHH24MMSS ,TOTAL_DATA_USAGE,,"NUMERIC(20,2)",,,,Y,N,N,,Other_Source_Systems,pega_bvr_rctive_transtns,TOTAL_DATA_USAGE,FLOAT64,N,N,
pega_beaver_reactive_transactions_YYYYMMDDHH24MMSS ,TOTAL_VOICE_USAGE,,"NUMERIC(20,2)",,,,Y,N,N,,Other_Source_Systems,pega_bvr_rctive_transtns,TOTAL_VOICE_USAGE,FLOAT64,N,N,
pega_beaver_reactive_transactions_YYYYMMDDHH24MMSS ,OUT_BUNDLE_VOICE_ON_NET,,"NUMERIC(20,2)",,,,Y,N,N,,Other_Source_Systems,pega_bvr_rctive_transtns,OUT_BUNDLE_VOICE_ON_NET,FLOAT64,N,N,
pega_beaver_reactive_transactions_YYYYMMDDHH24MMSS ,OUT_BUNDLE_VOICE_OFF_NET,,"NUMERIC(20,2)",,,,Y,N,N,,Other_Source_Systems,pega_bvr_rctive_transtns,OUT_BUNDLE_VOICE_OFF_NET,FLOAT64,N,N,
pega_beaver_reactive_transactions_YYYYMMDDHH24MMSS ,OUT_BUNDLE_VOICE_FIX_LINE,,"NUMERIC(20,2)",,,,Y,N,N,,Other_Source_Systems,pega_bvr_rctive_transtns,OUT_BUNDLE_VOICE_FIX_LINE,FLOAT64,N,N,
pega_beaver_reactive_transactions_YYYYMMDDHH24MMSS ,OUT_BUNDLE_SMS_ON_NET,,"NUMERIC(20,2)",,,,Y,N,N,,Other_Source_Systems,pega_bvr_rctive_transtns,OUT_BUNDLE_SMS_ON_NET,FLOAT64,N,N,
pega_beaver_reactive_transactions_YYYYMMDDHH24MMSS ,OUT_BUNDLE_SMS_OFF_NET,,"NUMERIC(20,2)",,,,Y,N,N,,Other_Source_Systems,pega_bvr_rctive_transtns,OUT_BUNDLE_SMS_OFF_NET,FLOAT64,N,N,
pega_beaver_reactive_transactions_YYYYMMDDHH24MMSS ,OUT_BUNDLE_ROAMING_CALL,,"NUMERIC(20,2)",,,,Y,N,N,,Other_Source_Systems,pega_bvr_rctive_transtns,OUT_BUNDLE_ROAMING_CALL,FLOAT64,N,N,
pega_beaver_reactive_transactions_YYYYMMDDHH24MMSS ,OUT_BUNDLE_ROAMING_SMS,,"NUMERIC(20,2)",,,,Y,N,N,,Other_Source_Systems,pega_bvr_rctive_transtns,OUT_BUNDLE_ROAMING_SMS,FLOAT64,N,N,
pega_beaver_reactive_transactions_YYYYMMDDHH24MMSS ,OUT_BUNDLE_INTERNATIONAL_CALL,,"NUMERIC(20,2)",,,,Y,N,N,,Other_Source_Systems,pega_bvr_rctive_transtns,OUT_BUNDLE_INTERNATIONAL_CALL,FLOAT64,N,N,
pega_beaver_reactive_transactions_YYYYMMDDHH24MMSS ,OUT_BUNDLE_INTERNATIONAL_SMS,,"NUMERIC(20,2)",,,,Y,N,N,,Other_Source_Systems,pega_bvr_rctive_transtns,OUT_BUNDLE_INTERNATIONAL_SMS,FLOAT64,N,N,
pega_beaver_reactive_transactions_YYYYMMDDHH24MMSS ,OUT_BUNDLE_INT_EU_CALL,,"NUMERIC(20,2)",,,,Y,N,N,,Other_Source_Systems,pega_bvr_rctive_transtns,OUT_BUNDLE_INT_EU_CALL,FLOAT64,N,N,
pega_beaver_reactive_transactions_YYYYMMDDHH24MMSS ,OUT_BUNDLE_INT_EU_SMS,,"NUMERIC(20,2)",,,,Y,N,N,,Other_Source_Systems,pega_bvr_rctive_transtns,OUT_BUNDLE_INT_EU_SMS,FLOAT64,N,N,
pega_beaver_reactive_transactions_YYYYMMDDHH24MMSS ,OUT_BUNDLE_VOICE_CUG,,"NUMERIC(20,2)",,,,Y,N,N,,Other_Source_Systems,pega_bvr_rctive_transtns,OUT_BUNDLE_VOICE_CUG,FLOAT64,N,N,
pega_beaver_reactive_transactions_YYYYMMDDHH24MMSS ,OUT_BUNDLE_SMS_CUG,,"NUMERIC(20,2)",,,,Y,N,N,,Other_Source_Systems,pega_bvr_rctive_transtns,OUT_BUNDLE_SMS_CUG,FLOAT64,N,N,
pega_beaver_reactive_transactions_YYYYMMDDHH24MMSS ,OUT_BUNDLE_DATA,,"NUMERIC(20,2)",,,,Y,N,N,,Other_Source_Systems,pega_bvr_rctive_transtns,OUT_BUNDLE_DATA,FLOAT64,N,N,
pega_beaver_reactive_transactions_YYYYMMDDHH24MMSS ,OUT_BUNDLE_VOICE_ON_NET_REVENUE,,"NUMERIC(20,2)",,,,Y,N,N,,Other_Source_Systems,pega_bvr_rctive_transtns,OUT_BUNDLE_VOICE_ON_NET_REVENUE,FLOAT64,N,N,
pega_beaver_reactive_transactions_YYYYMMDDHH24MMSS ,OUT_BUNDLE_VOICE_OFF_NET_REVENUE,,"NUMERIC(20,2)",,,,Y,N,N,,Other_Source_Systems,pega_bvr_rctive_transtns,OUT_BUNDLE_VOICE_OFF_NET_REVENUE,FLOAT64,N,N,
pega_beaver_reactive_transactions_YYYYMMDDHH24MMSS ,OUT_BUNDLE_VOICE_FIX_LINE_REVENUE,,"NUMERIC(20,2)",,,,Y,N,N,,Other_Source_Systems,pega_bvr_rctive_transtns,OUT_BUNDLE_VOICE_FIX_LINE_REVENUE,FLOAT64,N,N,
pega_beaver_reactive_transactions_YYYYMMDDHH24MMSS ,OUT_BUNDLE_SMS_ON_NET_REVENUE,,"NUMERIC(20,2)",,,,Y,N,N,,Other_Source_Systems,pega_bvr_rctive_transtns,OUT_BUNDLE_SMS_ON_NET_REVENUE,FLOAT64,N,N,
pega_beaver_reactive_transactions_YYYYMMDDHH24MMSS ,OUT_BUNDLE_SMS_OFF_NET_REVENUE,,"NUMERIC(20,2)",,,,Y,N,N,,Other_Source_Systems,pega_bvr_rctive_transtns,OUT_BUNDLE_SMS_OFF_NET_REVENUE,FLOAT64,N,N,
pega_beaver_reactive_transactions_YYYYMMDDHH24MMSS ,OUT_BUNDLE_ROAMING_CALL_REVENUE,,"NUMERIC(20,2)",,,,Y,N,N,,Other_Source_Systems,pega_bvr_rctive_transtns,OUT_BUNDLE_ROAMING_CALL_REVENUE,FLOAT64,N,N,
pega_beaver_reactive_transactions_YYYYMMDDHH24MMSS ,OUT_BUNDLE_ROAMING_SMS_REVENUE,,"NUMERIC(20,2)",,,,Y,N,N,,Other_Source_Systems,pega_bvr_rctive_transtns,OUT_BUNDLE_ROAMING_SMS_REVENUE,FLOAT64,N,N,
pega_beaver_reactive_transactions_YYYYMMDDHH24MMSS ,OUT_BUNDLE_INTERNATIONAL_CALL_REVENUE,,"NUMERIC(20,2)",,,,Y,N,N,,Other_Source_Systems,pega_bvr_rctive_transtns,OUT_BUNDLE_INTERNATIONAL_CALL_REVENUE,FLOAT64,N,N,
pega_beaver_reactive_transactions_YYYYMMDDHH24MMSS ,OUT_BUNDLE_INTERNATIONAL_SMS_REVENUE,,"NUMERIC(20,2)",,,,Y,N,N,,Other_Source_Systems,pega_bvr_rctive_transtns,OUT_BUNDLE_INTERNATIONAL_SMS_REVENUE,FLOAT64,N,N,
pega_beaver_reactive_transactions_YYYYMMDDHH24MMSS ,OUT_BUNDLE_INT_EU_CALL_REVENUE,,"NUMERIC(20,2)",,,,Y,N,N,,Other_Source_Systems,pega_bvr_rctive_transtns,OUT_BUNDLE_INT_EU_CALL_REVENUE,FLOAT64,N,N,
pega_beaver_reactive_transactions_YYYYMMDDHH24MMSS ,OUT_BUNDLE_INT_EU_SMS_REVENUE,,"NUMERIC(20,2)",,,,Y,N,N,,Other_Source_Systems,pega_bvr_rctive_transtns,OUT_BUNDLE_INT_EU_SMS_REVENUE,FLOAT64,N,N,
pega_beaver_reactive_transactions_YYYYMMDDHH24MMSS ,OUT_BUNDLE_VOICE_CUG_REVENUE,,"NUMERIC(20,2)",,,,Y,N,N,,Other_Source_Systems,pega_bvr_rctive_transtns,OUT_BUNDLE_VOICE_CUG_REVENUE,FLOAT64,N,N,
pega_beaver_reactive_transactions_YYYYMMDDHH24MMSS ,OUT_BUNDLE_SMS_CUG_REVENUE,,"NUMERIC(20,2)",,,,Y,N,N,,Other_Source_Systems,pega_bvr_rctive_transtns,OUT_BUNDLE_SMS_CUG_REVENUE,FLOAT64,N,N,
pega_beaver_reactive_transactions_YYYYMMDDHH24MMSS ,OUT_BUNDLE_DATA_REVENUE,,"NUMERIC(20,2)",,,,Y,N,N,,Other_Source_Systems,pega_bvr_rctive_transtns,OUT_BUNDLE_DATA_REVENUE,FLOAT64,N,N,
pega_beaver_reactive_transactions_YYYYMMDDHH24MMSS ,EXPECTED_VOICE_ON_NET,,"NUMERIC(20,2)",,,,Y,N,N,,Other_Source_Systems,pega_bvr_rctive_transtns,EXPECTED_VOICE_ON_NET,FLOAT64,N,N,
pega_beaver_reactive_transactions_YYYYMMDDHH24MMSS ,EXPECTED_VOICE_OFF_NET,,"NUMERIC(20,2)",,,,Y,N,N,,Other_Source_Systems,pega_bvr_rctive_transtns,EXPECTED_VOICE_OFF_NET,FLOAT64,N,N,
pega_beaver_reactive_transactions_YYYYMMDDHH24MMSS ,EXPECTED_VOICE_FIX_LINE,,"NUMERIC(20,2)",,,,Y,N,N,,Other_Source_Systems,pega_bvr_rctive_transtns,EXPECTED_VOICE_FIX_LINE,FLOAT64,N,N,
pega_beaver_reactive_transactions_YYYYMMDDHH24MMSS ,EXPECTED_SMS_ON_NET,,"NUMERIC(20,2)",,,,Y,N,N,,Other_Source_Systems,pega_bvr_rctive_transtns,EXPECTED_SMS_ON_NET,FLOAT64,N,N,
pega_beaver_reactive_transactions_YYYYMMDDHH24MMSS ,EXPECTED_SMS_OFF_NET,,"NUMERIC(20,2)",,,,Y,N,N,,Other_Source_Systems,pega_bvr_rctive_transtns,EXPECTED_SMS_OFF_NET,FLOAT64,N,N,
pega_beaver_reactive_transactions_YYYYMMDDHH24MMSS ,EXPECTED_DATA,,"NUMERIC(20,2)",,,,Y,N,N,,Other_Source_Systems,pega_bvr_rctive_transtns,EXPECTED_DATA,FLOAT64,N,N,
pega_beaver_reactive_transactions_YYYYMMDDHH24MMSS ,EXPECTED_ROAMING_CALL,,"NUMERIC(20,2)",,,,Y,N,N,,Other_Source_Systems,pega_bvr_rctive_transtns,EXPECTED_ROAMING_CALL,FLOAT64,N,N,
pega_beaver_reactive_transactions_YYYYMMDDHH24MMSS ,EXPECTED_ROAMING_SMS,,"NUMERIC(20,2)",,,,Y,N,N,,Other_Source_Systems,pega_bvr_rctive_transtns,EXPECTED_ROAMING_SMS,FLOAT64,N,N,
pega_beaver_reactive_transactions_YYYYMMDDHH24MMSS ,EXPECTED_INTERNATIONAL_CALL,,"NUMERIC(20,2)",,,,Y,N,N,,Other_Source_Systems,pega_bvr_rctive_transtns,EXPECTED_INTERNATIONAL_CALL,FLOAT64,N,N,
pega_beaver_reactive_transactions_YYYYMMDDHH24MMSS ,EXPECTED_INTERNATIONAL_SMS,,"NUMERIC(20,2)",,,,Y,N,N,,Other_Source_Systems,pega_bvr_rctive_transtns,EXPECTED_INTERNATIONAL_SMS,FLOAT64,N,N,
pega_beaver_reactive_transactions_YYYYMMDDHH24MMSS ,EXPECTED_INT_EU_CALL,,"NUMERIC(20,2)",,,,Y,N,N,,Other_Source_Systems,pega_bvr_rctive_transtns,EXPECTED_INT_EU_CALL,FLOAT64,N,N,
pega_beaver_reactive_transactions_YYYYMMDDHH24MMSS ,EXPECTED_INT_EU_SMS,,"NUMERIC(20,2)",,,,Y,N,N,,Other_Source_Systems,pega_bvr_rctive_transtns,EXPECTED_INT_EU_SMS,FLOAT64,N,N,
pega_beaver_reactive_transactions_YYYYMMDDHH24MMSS ,EXPECTED_VOICE_CUG,,"NUMERIC(20,2)",,,,Y,N,N,,Other_Source_Systems,pega_bvr_rctive_transtns,EXPECTED_VOICE_CUG,FLOAT64,N,N,
pega_beaver_reactive_transactions_YYYYMMDDHH24MMSS ,EXPECTED_SMS_CUG,,"NUMERIC(20,2)",,,,Y,N,N,,Other_Source_Systems,pega_bvr_rctive_transtns,EXPECTED_SMS_CUG,FLOAT64,N,N,
pega_beaver_reactive_transactions_YYYYMMDDHH24MMSS ,IN_BUNDLE_VOICE_ON_NET,,"NUMERIC(20,2)",,,,Y,N,N,,Other_Source_Systems,pega_bvr_rctive_transtns,IN_BUNDLE_VOICE_ON_NET,FLOAT64,N,N,
pega_beaver_reactive_transactions_YYYYMMDDHH24MMSS ,IN_BUNDLE_VOICE_OFF_NET,,"NUMERIC(20,2)",,,,Y,N,N,,Other_Source_Systems,pega_bvr_rctive_transtns,IN_BUNDLE_VOICE_OFF_NET,FLOAT64,N,N,
pega_beaver_reactive_transactions_YYYYMMDDHH24MMSS ,IN_BUNDLE_VOICE_FIX_LINE,,"NUMERIC(20,2)",,,,Y,N,N,,Other_Source_Systems,pega_bvr_rctive_transtns,IN_BUNDLE_VOICE_FIX_LINE,FLOAT64,N,N,
pega_beaver_reactive_transactions_YYYYMMDDHH24MMSS ,IN_BUNDLE_SMS_ON_NET,,"NUMERIC(20,2)",,,,Y,N,N,,Other_Source_Systems,pega_bvr_rctive_transtns,IN_BUNDLE_SMS_ON_NET,FLOAT64,N,N,
pega_beaver_reactive_transactions_YYYYMMDDHH24MMSS ,IN_BUNDLE_SMS_OFF_NET,,"NUMERIC(20,2)",,,,Y,N,N,,Other_Source_Systems,pega_bvr_rctive_transtns,IN_BUNDLE_SMS_OFF_NET,FLOAT64,N,N,
pega_beaver_reactive_transactions_YYYYMMDDHH24MMSS ,IN_BUNDLE_ROAMING_CALL,,"NUMERIC(20,2)",,,,Y,N,N,,Other_Source_Systems,pega_bvr_rctive_transtns,IN_BUNDLE_ROAMING_CALL,FLOAT64,N,N,
pega_beaver_reactive_transactions_YYYYMMDDHH24MMSS ,IN_BUNDLE_ROAMING_SMS,,"NUMERIC(20,2)",,,,Y,N,N,,Other_Source_Systems,pega_bvr_rctive_transtns,IN_BUNDLE_ROAMING_SMS,FLOAT64,N,N,
pega_beaver_reactive_transactions_YYYYMMDDHH24MMSS ,IN_BUNDLE_INTERNATIONAL_CALL,,"NUMERIC(20,2)",,,,Y,N,N,,Other_Source_Systems,pega_bvr_rctive_transtns,IN_BUNDLE_INTERNATIONAL_CALL,FLOAT64,N,N,
pega_beaver_reactive_transactions_YYYYMMDDHH24MMSS ,IN_BUNDLE_INTERNATIONAL_SMS,,"NUMERIC(20,2)",,,,Y,N,N,,Other_Source_Systems,pega_bvr_rctive_transtns,IN_BUNDLE_INTERNATIONAL_SMS,FLOAT64,N,N,
pega_beaver_reactive_transactions_YYYYMMDDHH24MMSS ,IN_BUNDLE_INT_EU_CALL,,"NUMERIC(20,2)",,,,Y,N,N,,Other_Source_Systems,pega_bvr_rctive_transtns,IN_BUNDLE_INT_EU_CALL,FLOAT64,N,N,
pega_beaver_reactive_transactions_YYYYMMDDHH24MMSS ,IN_BUNDLE_INT_EU_SMS,,"NUMERIC(20,2)",,,,Y,N,N,,Other_Source_Systems,pega_bvr_rctive_transtns,IN_BUNDLE_INT_EU_SMS,FLOAT64,N,N,
pega_beaver_reactive_transactions_YYYYMMDDHH24MMSS ,IN_BUNDLE_VOICE_CUG,,"NUMERIC(20,2)",,,,Y,N,N,,Other_Source_Systems,pega_bvr_rctive_transtns,IN_BUNDLE_VOICE_CUG,FLOAT64,N,N,
pega_beaver_reactive_transactions_YYYYMMDDHH24MMSS ,IN_BUNDLE_SMS_CUG,,"NUMERIC(20,2)",,,,Y,N,N,,Other_Source_Systems,pega_bvr_rctive_transtns,IN_BUNDLE_SMS_CUG,FLOAT64,N,N,
pega_beaver_reactive_transactions_YYYYMMDDHH24MMSS ,IN_BUNDLE_DATA,,"NUMERIC(20,2)",,,,Y,N,N,,Other_Source_Systems,pega_bvr_rctive_transtns,IN_BUNDLE_DATA,FLOAT64,N,N,
pega_beaver_reactive_transactions_YYYYMMDDHH24MMSS ,DELTA_VOICE_ON_NET,,"NUMERIC(20,2)",,,,Y,N,N,,Other_Source_Systems,pega_bvr_rctive_transtns,DELTA_VOICE_ON_NET,FLOAT64,N,N,
pega_beaver_reactive_transactions_YYYYMMDDHH24MMSS ,DELTA_VOICE_OFF_NET,,"NUMERIC(20,2)",,,,Y,N,N,,Other_Source_Systems,pega_bvr_rctive_transtns,DELTA_VOICE_OFF_NET,FLOAT64,N,N,
pega_beaver_reactive_transactions_YYYYMMDDHH24MMSS ,DELTA_VOICE_FIX_LINE,,"NUMERIC(20,2)",,,,Y,N,N,,Other_Source_Systems,pega_bvr_rctive_transtns,DELTA_VOICE_FIX_LINE,FLOAT64,N,N,
pega_beaver_reactive_transactions_YYYYMMDDHH24MMSS ,DELTA_SMS_ON_NET,,"NUMERIC(20,2)",,,,Y,N,N,,Other_Source_Systems,pega_bvr_rctive_transtns,DELTA_SMS_ON_NET,FLOAT64,N,N,
pega_beaver_reactive_transactions_YYYYMMDDHH24MMSS ,DELTA_SMS_OFF_NET,,"NUMERIC(20,2)",,,,Y,N,N,,Other_Source_Systems,pega_bvr_rctive_transtns,DELTA_SMS_OFF_NET,FLOAT64,N,N,
pega_beaver_reactive_transactions_YYYYMMDDHH24MMSS ,DELTA_DATA,,"NUMERIC(20,2)",,,,Y,N,N,,Other_Source_Systems,pega_bvr_rctive_transtns,DELTA_DATA,FLOAT64,N,N,
pega_beaver_reactive_transactions_YYYYMMDDHH24MMSS ,DELTA_ROAMING_CALL,,"NUMERIC(20,2)",,,,Y,N,N,,Other_Source_Systems,pega_bvr_rctive_transtns,DELTA_ROAMING_CALL,FLOAT64,N,N,
pega_beaver_reactive_transactions_YYYYMMDDHH24MMSS ,DELTA_ROAMING_SMS,,"NUMERIC(20,2)",,,,Y,N,N,,Other_Source_Systems,pega_bvr_rctive_transtns,DELTA_ROAMING_SMS,FLOAT64,N,N,
pega_beaver_reactive_transactions_YYYYMMDDHH24MMSS ,DELTA_INTERNATIONAL_CALL,,"NUMERIC(20,2)",,,,Y,N,N,,Other_Source_Systems,pega_bvr_rctive_transtns,DELTA_INTERNATIONAL_CALL,FLOAT64,N,N,
pega_beaver_reactive_transactions_YYYYMMDDHH24MMSS ,DELTA_INTERNATIONAL_SMS,,"NUMERIC(20,2)",,,,Y,N,N,,Other_Source_Systems,pega_bvr_rctive_transtns,DELTA_INTERNATIONAL_SMS,FLOAT64,N,N,
pega_beaver_reactive_transactions_YYYYMMDDHH24MMSS ,DELTA_INT_EU_CALL,,"NUMERIC(20,2)",,,,Y,N,N,,Other_Source_Systems,pega_bvr_rctive_transtns,DELTA_INT_EU_CALL,FLOAT64,N,N,
pega_beaver_reactive_transactions_YYYYMMDDHH24MMSS ,DELTA_INT_EU_SMS,,"NUMERIC(20,2)",,,,Y,N,N,,Other_Source_Systems,pega_bvr_rctive_transtns,DELTA_INT_EU_SMS,FLOAT64,N,N,
pega_beaver_reactive_transactions_YYYYMMDDHH24MMSS ,DELTA_VOICE_CUG,,"NUMERIC(20,2)",,,,Y,N,N,,Other_Source_Systems,pega_bvr_rctive_transtns,DELTA_VOICE_CUG,FLOAT64,N,N,
pega_beaver_reactive_transactions_YYYYMMDDHH24MMSS ,DELTA_SMS_CUG,,"NUMERIC(20,2)",,,,Y,N,N,,Other_Source_Systems,pega_bvr_rctive_transtns,DELTA_SMS_CUG,FLOAT64,N,N,
pega_beaver_reactive_transactions_YYYYMMDDHH24MMSS ,VOICE_ON_NET_FIT_CAT,,VARCHAR(10),,,,Y,N,N,,Other_Source_Systems,pega_bvr_rctive_transtns,VOICE_ON_NET_FIT_CAT,STRING,N,N,
pega_beaver_reactive_transactions_YYYYMMDDHH24MMSS ,VOICE_OFF_NET_FIT_CAT,,VARCHAR(10),,,,Y,N,N,,Other_Source_Systems,pega_bvr_rctive_transtns,VOICE_OFF_NET_FIT_CAT,STRING,N,N,
pega_beaver_reactive_transactions_YYYYMMDDHH24MMSS ,VOICE_FIX_LINE_FIT_CAT,,VARCHAR(10),,,,Y,N,N,,Other_Source_Systems,pega_bvr_rctive_transtns,VOICE_FIX_LINE_FIT_CAT,STRING,N,N,
pega_beaver_reactive_transactions_YYYYMMDDHH24MMSS ,SMS_ON_NET_FIT_CAT,,VARCHAR(10),,,,Y,N,N,,Other_Source_Systems,pega_bvr_rctive_transtns,SMS_ON_NET_FIT_CAT,STRING,N,N,
pega_beaver_reactive_transactions_YYYYMMDDHH24MMSS ,SMS_OFF_NET_FIT_CAT,,VARCHAR(10),,,,Y,N,N,,Other_Source_Systems,pega_bvr_rctive_transtns,SMS_OFF_NET_FIT_CAT,STRING,N,N,
pega_beaver_reactive_transactions_YYYYMMDDHH24MMSS ,ROAMING_CALL_FIT_CAT,,VARCHAR(10),,,,Y,N,N,,Other_Source_Systems,pega_bvr_rctive_transtns,ROAMING_CALL_FIT_CAT,STRING,N,N,
pega_beaver_reactive_transactions_YYYYMMDDHH24MMSS ,ROAMING_SMS_FIT_CAT,,VARCHAR(10),,,,Y,N,N,,Other_Source_Systems,pega_bvr_rctive_transtns,ROAMING_SMS_FIT_CAT,STRING,N,N,
pega_beaver_reactive_transactions_YYYYMMDDHH24MMSS ,INTERNATIONAL_CALL_FIT_CAT,,VARCHAR(10),,,,Y,N,N,,Other_Source_Systems,pega_bvr_rctive_transtns,INTERNATIONAL_CALL_FIT_CAT,STRING,N,N,
pega_beaver_reactive_transactions_YYYYMMDDHH24MMSS ,INTERNATIONAL_SMS_FIT_CAT,,VARCHAR(10),,,,Y,N,N,,Other_Source_Systems,pega_bvr_rctive_transtns,INTERNATIONAL_SMS_FIT_CAT,STRING,N,N,
pega_beaver_reactive_transactions_YYYYMMDDHH24MMSS ,INT_EU_CALL_FIT_CAT,,VARCHAR(10),,,,Y,N,N,,Other_Source_Systems,pega_bvr_rctive_transtns,INT_EU_CALL_FIT_CAT,STRING,N,N,
pega_beaver_reactive_transactions_YYYYMMDDHH24MMSS ,INT_EU_SMS_FIT_CAT,,VARCHAR(10),,,,Y,N,N,,Other_Source_Systems,pega_bvr_rctive_transtns,INT_EU_SMS_FIT_CAT,STRING,N,N,
pega_beaver_reactive_transactions_YYYYMMDDHH24MMSS ,VOICE_CUG_FIT_CAT,,VARCHAR(10),,,,Y,N,N,,Other_Source_Systems,pega_bvr_rctive_transtns,VOICE_CUG_FIT_CAT,STRING,N,N,
pega_beaver_reactive_transactions_YYYYMMDDHH24MMSS ,SMS_CUG_FIT_CAT,,VARCHAR(10),,,,Y,N,N,,Other_Source_Systems,pega_bvr_rctive_transtns,SMS_CUG_FIT_CAT,STRING,N,N,
pega_beaver_reactive_transactions_YYYYMMDDHH24MMSS ,DATA_FIT_CAT,,VARCHAR(10),,,,Y,N,N,,Other_Source_Systems,pega_bvr_rctive_transtns,DATA_FIT_CAT,STRING,N,N,
pega_beaver_reactive_transactions_YYYYMMDDHH24MMSS ,VOICE_FIT_CATEGORY,,VARCHAR(10),,,,Y,N,N,,Other_Source_Systems,pega_bvr_rctive_transtns,VOICE_FIT_CATEGORY,STRING,N,N,
pega_beaver_reactive_transactions_YYYYMMDDHH24MMSS ,DATA_FIT_CATEGORY,,VARCHAR(10),,,,Y,N,N,,Other_Source_Systems,pega_bvr_rctive_transtns,DATA_FIT_CATEGORY,STRING,N,N,
pega_beaver_reactive_transactions_YYYYMMDDHH24MMSS ,COUNT_OF_ABOVE_VOICE_FIT_CAT,,INTEGER,,,,Y,N,N,,Other_Source_Systems,pega_bvr_rctive_transtns,COUNT_OF_ABOVE_VOICE_FIT_CAT,INT64,N,N,
pega_beaver_reactive_transactions_YYYYMMDDHH24MMSS ,COUNT_OF_BELOW_VOICE_FIT_CAT,,INTEGER,,,,Y,N,N,,Other_Source_Systems,pega_bvr_rctive_transtns,COUNT_OF_BELOW_VOICE_FIT_CAT,INT64,N,N,
pega_beaver_reactive_transactions_YYYYMMDDHH24MMSS ,COUNT_OF_SUITABLE_VOICE_FIT_CAT,,INTEGER,,,,Y,N,N,,Other_Source_Systems,pega_bvr_rctive_transtns,COUNT_OF_SUITABLE_VOICE_FIT_CAT,INT64,N,N,
pega_beaver_reactive_transactions_YYYYMMDDHH24MMSS ,COUNT_OF_ABOVE_DATA_FIT_CAT,,INTEGER,,,,Y,N,N,,Other_Source_Systems,pega_bvr_rctive_transtns,COUNT_OF_ABOVE_DATA_FIT_CAT,INT64,N,N,
pega_beaver_reactive_transactions_YYYYMMDDHH24MMSS ,COUNT_OF_BELOW_DATA_FIT_CAT,,INTEGER,,,,Y,N,N,,Other_Source_Systems,pega_bvr_rctive_transtns,COUNT_OF_BELOW_DATA_FIT_CAT,INT64,N,N,
pega_beaver_reactive_transactions_YYYYMMDDHH24MMSS ,COUNT_OF_SUITABLE_DATA_FIT_CAT,,INTEGER,,,,Y,N,N,,Other_Source_Systems,pega_bvr_rctive_transtns,COUNT_OF_SUITABLE_DATA_FIT_CAT,INT64,N,N,
pega_beaver_reactive_transactions_YYYYMMDDHH24MMSS ,DELTA_ARPU_CATEGORY,,VARCHAR(20),,,,Y,N,N,,Other_Source_Systems,pega_bvr_rctive_transtns,DELTA_ARPU_CATEGORY,STRING,N,N,
pega_beaver_reactive_transactions_YYYYMMDDHH24MMSS ,DELTA_ARPU,,"NUMERIC(20,2)",,,,Y,N,N,,Other_Source_Systems,pega_bvr_rctive_transtns,DELTA_ARPU,FLOAT64,N,N,
pega_beaver_reactive_transactions_YYYYMMDDHH24MMSS ,CONTRACT_STATUS,,VARCHAR(10),,,,Y,N,N,,Other_Source_Systems,pega_bvr_rctive_transtns,CONTRACT_STATUS,STRING,N,N,
pega_beaver_reactive_transactions_YYYYMMDDHH24MMSS ,FAMILY_FROM_POSITION,,INTEGER,,,,Y,N,N,,Other_Source_Systems,pega_bvr_rctive_transtns,FAMILY_FROM_POSITION,INT64,N,N,
pega_beaver_reactive_transactions_YYYYMMDDHH24MMSS ,FAMILY_TO_POSITION,,INTEGER,,,,Y,N,N,,Other_Source_Systems,pega_bvr_rctive_transtns,FAMILY_TO_POSITION,INT64,N,N,
pega_beaver_reactive_transactions_YYYYMMDDHH24MMSS ,BEFORE_PNT_CATEGORY,,VARCHAR(10),,,,Y,N,N,,Other_Source_Systems,pega_bvr_rctive_transtns,BEFORE_PNT_CATEGORY,STRING,N,N,
pega_beaver_reactive_transactions_YYYYMMDDHH24MMSS ,BEFORE_PNT_REASONING,,VARCHAR(255),,,,Y,N,N,,Other_Source_Systems,pega_bvr_rctive_transtns,BEFORE_PNT_REASONING,STRING,N,N,
pega_beaver_reactive_transactions_YYYYMMDDHH24MMSS ,POSITION_IN_CUSTOMER_ACCOUNT,,INTEGER,,,,Y,N,N,,Other_Source_Systems,pega_bvr_rctive_transtns,POSITION_IN_CUSTOMER_ACCOUNT,INT64,N,N,
pega_beaver_reactive_transactions_YYYYMMDDHH24MMSS ,CHURN_DANGER_FLAG,,VARCHAR(20),,,,Y,N,N,,Other_Source_Systems,pega_bvr_rctive_transtns,CHURN_DANGER_FLAG,STRING,N,N,
pega_beaver_reactive_transactions_YYYYMMDDHH24MMSS ,DISCOUNTED_FLAG,,VARCHAR(20),,,,Y,N,N,,Other_Source_Systems,pega_bvr_rctive_transtns,DISCOUNTED_FLAG,STRING,N,N,
pega_beaver_reactive_transactions_YYYYMMDDHH24MMSS ,DIGI_ENDANGERED,,VARCHAR(20),,,,Y,N,N,,Other_Source_Systems,pega_bvr_rctive_transtns,DIGI_ENDANGERED,STRING,N,N,
pega_beaver_reactive_transactions_YYYYMMDDHH24MMSS ,SMS_OFF_NET_IC_COST,,"NUMERIC(20,2)",,,,Y,N,N,,Other_Source_Systems,pega_bvr_rctive_transtns,SMS_OFF_NET_IC_COST,FLOAT64,N,N,
pega_beaver_reactive_transactions_YYYYMMDDHH24MMSS ,ROAMING_SMS_IC_COST,,"NUMERIC(20,2)",,,,Y,N,N,,Other_Source_Systems,pega_bvr_rctive_transtns,ROAMING_SMS_IC_COST,FLOAT64,N,N,
pega_beaver_reactive_transactions_YYYYMMDDHH24MMSS ,VOICE_OFF_NET_IC_COST,,"NUMERIC(20,2)",,,,Y,N,N,,Other_Source_Systems,pega_bvr_rctive_transtns,VOICE_OFF_NET_IC_COST,FLOAT64,N,N,
pega_beaver_reactive_transactions_YYYYMMDDHH24MMSS ,VOICE_FIX_NET_IC_COST,,"NUMERIC(20,2)",,,,Y,N,N,,Other_Source_Systems,pega_bvr_rctive_transtns,VOICE_FIX_NET_IC_COST,FLOAT64,N,N,
pega_beaver_reactive_transactions_YYYYMMDDHH24MMSS ,ROAMING_CALL_IC_COST,,"NUMERIC(20,2)",,,,Y,N,N,,Other_Source_Systems,pega_bvr_rctive_transtns,ROAMING_CALL_IC_COST,FLOAT64,N,N,
pega_beaver_reactive_transactions_YYYYMMDDHH24MMSS ,INT_EU_CALL_IC_COST,,"NUMERIC(20,2)",,,,Y,N,N,,Other_Source_Systems,pega_bvr_rctive_transtns,INT_EU_CALL_IC_COST,FLOAT64,N,N,
pega_beaver_reactive_transactions_YYYYMMDDHH24MMSS ,INT_EU_SMS_IC_COST,,"NUMERIC(20,2)",,,,Y,N,N,,Other_Source_Systems,pega_bvr_rctive_transtns,INT_EU_SMS_IC_COST,FLOAT64,N,N,
pega_beaver_reactive_transactions_YYYYMMDDHH24MMSS ,AFTER_IC_COST,,"NUMERIC(20,2)",,,,Y,N,N,,Other_Source_Systems,pega_bvr_rctive_transtns,AFTER_IC_COST,FLOAT64,N,N,
pega_beaver_reactive_transactions_YYYYMMDDHH24MMSS ,BEFORE_BILLED_REVENUE,,"NUMERIC(20,2)",,,,Y,N,N,,Other_Source_Systems,pega_bvr_rctive_transtns,BEFORE_BILLED_REVENUE,FLOAT64,N,N,
pega_beaver_reactive_transactions_YYYYMMDDHH24MMSS ,BEFORE_TAX,,"NUMERIC(20,2)",,,,Y,N,N,,Other_Source_Systems,pega_bvr_rctive_transtns,BEFORE_TAX,FLOAT64,N,N,
pega_beaver_reactive_transactions_YYYYMMDDHH24MMSS ,BEFORE_COMMISSION_AMOUNT,,"NUMERIC(20,2)",,,,Y,N,N,,Other_Source_Systems,pega_bvr_rctive_transtns,BEFORE_COMMISSION_AMOUNT,FLOAT64,N,N,
pega_beaver_reactive_transactions_YYYYMMDDHH24MMSS ,BEFORE_IC_REVENUE,,"NUMERIC(20,2)",,,,Y,N,N,,Other_Source_Systems,pega_bvr_rctive_transtns,BEFORE_IC_REVENUE,FLOAT64,N,N,
pega_beaver_reactive_transactions_YYYYMMDDHH24MMSS ,BEFORE_IC_COST,,"NUMERIC(20,2)",,,,Y,N,N,,Other_Source_Systems,pega_bvr_rctive_transtns,BEFORE_IC_COST,FLOAT64,N,N,
pega_beaver_reactive_transactions_YYYYMMDDHH24MMSS ,BEFORE_SUBSIDY,,"NUMERIC(20,2)",,,,Y,N,N,,Other_Source_Systems,pega_bvr_rctive_transtns,BEFORE_SUBSIDY,FLOAT64,N,N,
pega_beaver_reactive_transactions_YYYYMMDDHH24MMSS ,AFTER_BILLED_REVENUE,,"NUMERIC(20,2)",,,,Y,N,N,,Other_Source_Systems,pega_bvr_rctive_transtns,AFTER_BILLED_REVENUE,FLOAT64,N,N,
pega_beaver_reactive_transactions_YYYYMMDDHH24MMSS ,AFTER_COMMISSION_AMOUNT,,"NUMERIC(20,2)",,,,Y,N,N,,Other_Source_Systems,pega_bvr_rctive_transtns,AFTER_COMMISSION_AMOUNT,FLOAT64,N,N,
pega_beaver_reactive_transactions_YYYYMMDDHH24MMSS ,AFTER_IC_REVENUE,,"NUMERIC(20,2)",,,,Y,N,N,,Other_Source_Systems,pega_bvr_rctive_transtns,AFTER_IC_REVENUE,FLOAT64,N,N,
pega_beaver_reactive_transactions_YYYYMMDDHH24MMSS ,AFTER_SUBSIDY,,"NUMERIC(20,2)",,,,Y,N,N,,Other_Source_Systems,pega_bvr_rctive_transtns,AFTER_SUBSIDY,FLOAT64,N,N,
pega_beaver_reactive_transactions_YYYYMMDDHH24MMSS ,BEFORE_TOTAL_REVENUE,,"NUMERIC(20,2)",,,,Y,N,N,,Other_Source_Systems,pega_bvr_rctive_transtns,BEFORE_TOTAL_REVENUE,FLOAT64,N,N,
pega_beaver_reactive_transactions_YYYYMMDDHH24MMSS ,AFTER_TOTAL_REVENUE,,"NUMERIC(20,2)",,,,Y,N,N,,Other_Source_Systems,pega_bvr_rctive_transtns,AFTER_TOTAL_REVENUE,FLOAT64,N,N,
pega_beaver_reactive_transactions_YYYYMMDDHH24MMSS ,BEFORE_M1_MARGIN,,"NUMERIC(20,2)",,,,Y,N,N,,Other_Source_Systems,pega_bvr_rctive_transtns,BEFORE_M1_MARGIN,FLOAT64,N,N,
pega_beaver_reactive_transactions_YYYYMMDDHH24MMSS ,AFTER_M1_MARGIN,,"NUMERIC(20,2)",,,,Y,N,N,,Other_Source_Systems,pega_bvr_rctive_transtns,AFTER_M1_MARGIN,FLOAT64,N,N,
pega_beaver_reactive_transactions_YYYYMMDDHH24MMSS ,BEFORE_M2_MARGIN,,"NUMERIC(20,2)",,,,Y,N,N,,Other_Source_Systems,pega_bvr_rctive_transtns,BEFORE_M2_MARGIN,FLOAT64,N,N,
pega_beaver_reactive_transactions_YYYYMMDDHH24MMSS ,AFTER_M2_MARGIN,,"NUMERIC(20,2)",,,,Y,N,N,,Other_Source_Systems,pega_bvr_rctive_transtns,AFTER_M2_MARGIN,FLOAT64,N,N,
pega_beaver_reactive_transactions_YYYYMMDDHH24MMSS ,BEFORE_M1_MARGIN_PERCENT,,"NUMERIC(20,2)",,,,Y,N,N,,Other_Source_Systems,pega_bvr_rctive_transtns,BEFORE_M1_MARGIN_PERCENT,FLOAT64,N,N,
pega_beaver_reactive_transactions_YYYYMMDDHH24MMSS ,BEFORE_M2_MARGIN_PERCENT,,"NUMERIC(20,2)",,,,Y,N,N,,Other_Source_Systems,pega_bvr_rctive_transtns,BEFORE_M2_MARGIN_PERCENT,FLOAT64,N,N,
pega_beaver_reactive_transactions_YYYYMMDDHH24MMSS ,AFTER_M1_MARGIN_PERCENT,,"NUMERIC(20,2)",,,,Y,N,N,,Other_Source_Systems,pega_bvr_rctive_transtns,AFTER_M1_MARGIN_PERCENT,FLOAT64,N,N,
pega_beaver_reactive_transactions_YYYYMMDDHH24MMSS ,AFTER_M2_MARGIN_PERCENT,,"NUMERIC(20,2)",,,,Y,N,N,,Other_Source_Systems,pega_bvr_rctive_transtns,AFTER_M2_MARGIN_PERCENT,FLOAT64,N,N,
pega_beaver_reactive_transactions_YYYYMMDDHH24MMSS ,ROI,,"NUMERIC(20,2)",,,,Y,N,N,,Other_Source_Systems,pega_bvr_rctive_transtns,ROI,FLOAT64,N,N,
pega_beaver_reactive_transactions_YYYYMMDDHH24MMSS ,ROI_COMMISSION,,"NUMERIC(20,2)",,,,Y,N,N,,Other_Source_Systems,pega_bvr_rctive_transtns,ROI_COMMISSION,FLOAT64,N,N,
pega_beaver_reactive_transactions_YYYYMMDDHH24MMSS ,AFTER_TAX,,"NUMERIC(20,2)",,,,Y,N,N,,Other_Source_Systems,pega_bvr_rctive_transtns,AFTER_TAX,FLOAT64,N,N,
pega_beaver_reactive_transactions_YYYYMMDDHH24MMSS ,DATE_OF_ENTRY,Y,DATE,,,,Y,N,N,,Other_Source_Systems,pega_bvr_rctive_transtns,DATE_OF_ENTRY,DATE,N,N,
pega_beaver_reactive_transactions_YYYYMMDDHH24MMSS ,APPROVAL_STATUS,,VARCHAR(20),,,,Y,N,N,,Other_Source_Systems,pega_bvr_rctive_transtns,APPROVAL_STATUS,STRING,N,N,
pega_beaver_reactive_transactions_YYYYMMDDHH24MMSS ,APPROVAL_REASON,,VARCHAR(255),,,,Y,N,N,,Other_Source_Systems,pega_bvr_rctive_transtns,APPROVAL_REASON,STRING,N,N,
pega_beaver_reactive_transactions_YYYYMMDDHH24MMSS ,SALES_ORDER_ID,Y,INTEGER,,,,Y,N,N,,Other_Source_Systems,pega_bvr_rctive_transtns,SALES_ORDER_ID,INT64,N,N,
pega_beaver_reactive_transactions_YYYYMMDDHH24MMSS ,CHANNEL_ID,,VARCHAR(255),,,,Y,N,N,,Other_Source_Systems,pega_bvr_rctive_transtns,CHANNEL_ID,STRING,N,N,
pega_beaver_reactive_transactions_YYYYMMDDHH24MMSS ,CHANNEL_NAME,,VARCHAR(255),,,,Y,N,N,,Other_Source_Systems,pega_bvr_rctive_transtns,CHANNEL_NAME,STRING,N,N,
pega_beaver_reactive_transactions_YYYYMMDDHH24MMSS ,CSR_ID,,INTEGER,,,,Y,N,N,,Other_Source_Systems,pega_bvr_rctive_transtns,CSR_ID,INT64,N,N,
pega_beaver_reactive_transactions_YYYYMMDDHH24MMSS ,CUMULATIVE_DATA_DISCOUNT,,"NUMERIC(20,2)",,,,Y,N,N,,Other_Source_Systems,pega_bvr_rctive_transtns,CUMULATIVE_DATA_DISCOUNT,FLOAT64,N,N,
pega_beaver_reactive_transactions_YYYYMMDDHH24MMSS ,CUMULATIVE_VOICE_DISCOUNT,,"NUMERIC(20,2)",,,,Y,N,N,,Other_Source_Systems,pega_bvr_rctive_transtns,CUMULATIVE_VOICE_DISCOUNT,FLOAT64,N,N,
pega_beaver_reactive_transactions_YYYYMMDDHH24MMSS ,FINAL_PNT_CATEGORY,,VARCHAR(10),,,,Y,N,N,,Other_Source_Systems,pega_bvr_rctive_transtns,FINAL_PNT_CATEGORY,STRING,N,N,
pega_beaver_reactive_transactions_YYYYMMDDHH24MMSS ,CREATED_DATE,,DATE,,,,Y,N,N,,Other_Source_Systems,pega_bvr_rctive_transtns,CREATED_DATE,DATE,N,N,
pega_beaver_reactive_transactions_YYYYMMDDHH24MMSS ,FINAL_PNT_REASONING,,VARCHAR(2000),,,,Y,N,N,,Other_Source_Systems,pega_bvr_rctive_transtns,FINAL_PNT_REASONING,STRING,N,N,
pega_beaver_reactive_transactions_YYYYMMDDHH24MMSS ,pyGUID,,VARCHAR(128),,,,Y,N,N,,Other_Source_Systems,pega_bvr_rctive_transtns,pyGUID,STRING,N,N,
pega_beaver_reactive_transactions_YYYYMMDDHH24MMSS ,BEFORE_ARPU,,"NUMERIC(20,2)",,,,Y,N,N,,Other_Source_Systems,pega_bvr_rctive_transtns,BEFORE_ARPU,FLOAT64,N,N,
pega_beaver_reactive_transactions_YYYYMMDDHH24MMSS ,BEFORE_ARPU_CLEANED,,"NUMERIC(20,2)",,,,Y,N,N,,Other_Source_Systems,pega_bvr_rctive_transtns,BEFORE_ARPU_CLEANED,FLOAT64,N,N,
pega_beaver_reactive_transactions_YYYYMMDDHH24MMSS ,SUBSIDY_AMOUNT,,"NUMERIC(20,2)",,,,Y,N,N,,Other_Source_Systems,pega_bvr_rctive_transtns,SUBSIDY_AMOUNT,FLOAT64,N,N,
pega_beaver_reactive_transactions_YYYYMMDDHH24MMSS ,PROLONGATION_FLAG,,BOOLEAN,,,,Y,N,N,,Other_Source_Systems,pega_bvr_rctive_transtns,PROLONGATION_FLAG,STRING,N,N,
pega_beaver_reactive_transactions_YYYYMMDDHH24MMSS ,TLO_ACTION,,VARCHAR(20),,,,Y,N,N,,Other_Source_Systems,pega_bvr_rctive_transtns,TLO_ACTION,STRING,N,N,
pega_beaver_reactive_transactions_YYYYMMDDHH24MMSS ,PREVIOUS_PRODUCT_OFFERING,,VARCHAR(20),,,,Y,N,N,,Other_Source_Systems,pega_bvr_rctive_transtns,PREVIOUS_PRODUCT_OFFERING,STRING,N,N,
pega_beaver_reactive_transactions_YYYYMMDDHH24MMSS ,TOTAL_MANUAL_DISCOUNT,,"NUMERIC(20,2)",,,,Y,N,N,,Other_Source_Systems,pega_bvr_rctive_transtns,TOTAL_MANUAL_DISCOUNT,FLOAT64,N,N,
pega_beaver_reactive_transactions_YYYYMMDDHH24MMSS ,EXTRA_DATA_USAGE,,"NUMERIC(20,2)",,,,Y,N,N,,Other_Source_Systems,pega_bvr_rctive_transtns,EXTRA_DATA_USAGE,FLOAT64,N,N,
pega_beaver_reactive_transactions_YYYYMMDDHH24MMSS ,EXTRA_VOICE_USAGE,,"NUMERIC(20,2)",,,,Y,N,N,,Other_Source_Systems,pega_bvr_rctive_transtns,EXTRA_VOICE_USAGE,FLOAT64,N,N,
pega_beaver_reactive_transactions_YYYYMMDDHH24MMSS ,Type,,VARCHAR(20),,,,Y,N,N,,Other_Source_Systems,pega_bvr_rctive_transtns,Type,STRING,N,N,
pega_beaver_reactive_transactions_YYYYMMDDHH24MMSS ,FUTURE_OUT_BUNDLE_DATA_SPENDING,,"NUMERIC(20,2)",,,,Y,N,N,,Other_Source_Systems,pega_bvr_rctive_transtns,FUTURE_OUT_BUNDLE_DATA_SPENDING,FLOAT64,N,N,
pega_beaver_reactive_transactions_YYYYMMDDHH24MMSS ,FUTURE_OUT_BUNDLE_VOICE_SPENDING,,"NUMERIC(20,2)",,,,Y,N,N,,Other_Source_Systems,pega_bvr_rctive_transtns,FUTURE_OUT_BUNDLE_VOICE_SPENDING,FLOAT64,N,N,
pega_beaver_reactive_transactions_YYYYMMDDHH24MMSS ,PROFITABILITY_LOYALTY,,"NUMERIC(20,2)",,,,Y,N,N,,Other_Source_Systems,pega_bvr_rctive_transtns,PROFITABILITY_LOYALTY,FLOAT64,N,N,
pega_beaver_reactive_transactions_YYYYMMDDHH24MMSS ,TARGET_LOYALTY_PERIOD,,"NUMERIC(20,2)",,,,Y,N,N,,Other_Source_Systems,pega_bvr_rctive_transtns,TARGET_LOYALTY_PERIOD,FLOAT64,N,N,
pega_beaver_reactive_transactions_YYYYMMDDHH24MMSS ,VOLUME_FROM_POSITION,,INTEGER,,,,Y,N,N,,Other_Source_Systems,pega_bvr_rctive_transtns,VOLUME_FROM_POSITION,INT64,N,N,
pega_beaver_reactive_transactions_YYYYMMDDHH24MMSS ,VOLUME_TO_POSITION,,INTEGER,,,,Y,N,N,,Other_Source_Systems,pega_bvr_rctive_transtns,VOLUME_TO_POSITION,INT64,N,N,
,,,,,,,N,N,N,,Other_Source_Systems,pega_bvr_rctive_transtns,EFFECTIVE_LOAD_DATE,DATE,N,N,
,,,,,,,N,N,N,,Other_Source_Systems,pega_bvr_rctive_transtns,TR_FILE_ID,INT64,N,N,
,,,,,,,N,N,N,,Other_Source_Systems,pega_bvr_rctive_transtns,TR_INSERT_DATETIME,TIMESTAMP,N,N,
,,,,,,,N,N,N,,Other_Source_Systems,pega_bvr_rctive_transtns,TR_INSERT_ID,INT64,N,N,
,,,,,,,Y,N,N,,Other_Source_Systems,pega_bvr_rctive_transtns,TR_UPDATE_DATETIME,TIMESTAMP,N,N,
,,,,,,,Y,N,N,,Other_Source_Systems,pega_bvr_rctive_transtns,TR_UPDATE_ID,INT64,N,N,
