bq.dataset,TARGET_TABLE_NAME,bq.dataset(Lower),Lower Table Name,file_name,raw_raw_pipeline_name,raw_curation_pipeline_name,instance_name,location, runtime_args:GCS_Input_Path(Bucket Name), runtime_args:GCS_Input_Path(owner), runtime_args:GCS_Input_Path(Schema),recipe,schema,bq.table,gcs.project,bq.project,bq.TempStorage, runtime_args: header
Other_Source_Systems,PEGA_MKT_INTERACTION_HISTORY,other_source_systems,pega_mkt_interaction_history,pega_mkt_interaction_history,nc12_fusion_raw_to_raw,nc12_fusion_insert_append,vf-hu-tr-tst-cdf-instance,europe-west1,gs://vfhu-trdh-rawingested-dmaap-tstnonlive,pega,pega,pega_mkt_interaction_history_recipe.txt,pega_mkt_interaction_history_schema.txt,pega_mkt_interaction_history,vf-hu-tr-tst-non-live,vf-hu-tr-tst-non-live,vfhu-trdh-dmaap-nonlive1,1
Other_Source_Systems,PEGA_MKT_BVR_PROACTIVE_PRPSLS,other_source_systems,pega_mkt_bvr_proactive_prpsls,pega_mkt_bvr_proactive_prpsls,nc12_fusion_raw_to_raw,nc12_scd2_full_load,vf-hu-tr-tst-cdf-instance,europe-west1,gs://vfhu-trdh-rawingested-dmaap-tstnonlive,pega,pega,pega_mkt_bvr_proactive_prpsls_recipe.txt,pega_mkt_bvr_proactive_prpsls_schema.txt,pega_mkt_bvr_proactive_prpsls,vf-hu-tr-tst-non-live,vf-hu-tr-tst-non-live,vfhu-trdh-dmaap-nonlive1,1
Other_Source_Systems,pega_bvr_rctive_transtns,other_source_systems,pega_bvr_rctive_transtns,pega_bvr_rctive_transtns,nc12_fusion_raw_to_raw,nc12_fusion_insert_append,vf-hu-tr-tst-cdf-instance,europe-west1,gs://vfhu-trdh-rawingested-dmaap-tstnonlive,pega,pega,pega_bvr_rctive_transtns_recipe.txt,pega_bvr_rctive_transtns_schema.txt,pega_bvr_rctive_transtns,vf-hu-tr-tst-non-live,vf-hu-tr-tst-non-live,vfhu-trdh-dmaap-nonlive1,1
Other_Source_Systems,pega_sales_order_transactions,other_source_systems,pega_sales_order_transactions,pega_sales_order_transactions,nc12_fusion_raw_to_raw,nc12_scd2_full_load,vf-hu-tr-tst-cdf-instance,europe-west1,gs://vfhu-trdh-rawingested-dmaap-tstnonlive,pega,pega,pega_sales_order_transactions_recipe.txt,pega_sales_order_transactions_schema.txt,pega_sales_order_transactions,vf-hu-tr-tst-non-live,vf-hu-tr-tst-non-live,vfhu-trdh-dmaap-nonlive1,1
