bq.dataset,TARGET_TABLE_NAME,bq.dataset (Lower),Lower Table Name,file_name,raw_raw_pipeline_name,raw_curation_pipeline_name,instance_name,location, runtime_args:GCS_Input_Path(Bucket Name), runtime_args:GCS_Input_Path(owner), runtime_args:GCS_Input_Path(Schema),recipe,schema,bq.table,gcs.project,bq.project,bq.TempStorage, runtime_args: header,
WIZARD_KOZOS,AMDOCS_MOVEIN,wizard_kozos,amdocs_movein,amdocs_movein,upc24_fusion_raw_to_raw,upc24_fusion_truncate_load,vf-hu-tr-tst-cdf-instance,europe-west1,gs://vfhu-trdh-rawingested-dmaap-tstnonlive,upc,kozos,amdocs_movein_recipe.txt,amdocs_movein_schema.txt,amdocs_movein,vf-hu-tr-tst-non-live,vf-hu-tr-tst-non-live,vfhu-trdh-dmaap-nonlive1,,
CCSS,CONTACT_CONTACT,ccss,contact_contact,contact_contact,upc24_fusion_raw_to_raw,upc24_fusion_truncate_load,vf-hu-tr-tst-cdf-instance,europe-west1,gs://vfhu-trdh-rawingested-dmaap-tstnonlive,upc,ccss,contact_contact_recipe.txt,contact_contact_schema.txt,contact_contact,vf-hu-tr-tst-non-live,vf-hu-tr-tst-non-live,vfhu-trdh-dmaap-nonlive1,,
CPE_ADMIN,CPE_EQUIP_PRODUCT_MV,cpe_admin,cpe_equip_product_mv,cpe_equip_product_mv,upc24_fusion_raw_to_raw,upc24_fusion_truncate_load,vf-hu-tr-tst-cdf-instance,europe-west1,gs://vfhu-trdh-rawingested-dmaap-tstnonlive,upc,cpe_admin,cpe_equip_product_mv_recipe.txt,cpe_equip_product_mv_schema.txt,cpe_equip_product_mv,vf-hu-tr-tst-non-live,vf-hu-tr-tst-non-live,vfhu-trdh-dmaap-nonlive1,,
WIZARD_KOZOS_MARK,CUST_DEMOGRAPH_INFO_HIST,wizard_kozos_mark,cust_demograph_info_hist,cust_demograph_info_hist,upc24_fusion_raw_to_raw,upc24_fusion_insert_append,vf-hu-tr-tst-cdf-instance,europe-west1,gs://vfhu-trdh-rawingested-dmaap-tstnonlive,upc,kozos_mark,cust_demograph_info_hist_recipe.txt,cust_demograph_info_hist_schema.txt,cust_demograph_info_hist,vf-hu-tr-tst-non-live,vf-hu-tr-tst-non-live,vfhu-trdh-dmaap-nonlive1,,
CCSS,CUSTOMER,ccss,customer,customer,upc24_fusion_raw_to_raw,upc24_fusion_truncate_load,vf-hu-tr-tst-cdf-instance,europe-west1,gs://vfhu-trdh-rawingested-dmaap-tstnonlive,upc,ccss,customer_recipe.txt,customer_schema.txt,customer,vf-hu-tr-tst-non-live,vf-hu-tr-tst-non-live,vfhu-trdh-dmaap-nonlive1,,
CPE_ADMIN,EQUIP_TYPE_GROUP,cpe_admin,equip_type_group,equip_type_group,upc24_fusion_raw_to_raw,upc24_fusion_truncate_load,vf-hu-tr-tst-cdf-instance,europe-west1,gs://vfhu-trdh-rawingested-dmaap-tstnonlive,upc,cpe_admin,equip_type_group_recipe.txt,equip_type_group_schema.txt,equip_type_group,vf-hu-tr-tst-non-live,vf-hu-tr-tst-non-live,vfhu-trdh-dmaap-nonlive1,,
WIZARD_KOZOS,HHM_AREA_TYPES,wizard_kozos,hhm_area_types,hhm_area_types,upc24_fusion_raw_to_raw,upc24_fusion_truncate_load,vf-hu-tr-tst-cdf-instance,europe-west1,gs://vfhu-trdh-rawingested-dmaap-tstnonlive,upc,kozos,hhm_area_types_recipe.txt,hhm_area_types_schema.txt,hhm_area_types,vf-hu-tr-tst-non-live,vf-hu-tr-tst-non-live,vfhu-trdh-dmaap-nonlive1,,
WIZARD_KOZOS,HHM_BASE_HP_LEVEL,wizard_kozos,hhm_base_hp_level,hhm_base_hp_level,upc24_fusion_raw_to_raw,upc24_fusion_truncate_load,vf-hu-tr-tst-cdf-instance,europe-west1,gs://vfhu-trdh-rawingested-dmaap-tstnonlive,upc,kozos,hhm_base_hp_level_recipe.txt,hhm_base_hp_level_schema.txt,hhm_base_hp_level,vf-hu-tr-tst-non-live,vf-hu-tr-tst-non-live,vfhu-trdh-dmaap-nonlive1,,
WIZARD_KOZOS,HHM_COMPETITORS,wizard_kozos,hhm_competitors,hhm_competitors,upc24_fusion_raw_to_raw,upc24_fusion_truncate_load,vf-hu-tr-tst-cdf-instance,europe-west1,gs://vfhu-trdh-rawingested-dmaap-tstnonlive,upc,kozos,hhm_competitors_recipe.txt,hhm_competitors_schema.txt,hhm_competitors,vf-hu-tr-tst-non-live,vf-hu-tr-tst-non-live,vfhu-trdh-dmaap-nonlive1,,
WIZARD_KOZOS,HHM_GEOX_RAW,wizard_kozos,hhm_geox_raw,hhm_geox_raw,upc24_fusion_raw_to_raw,upc24_fusion_truncate_load,vf-hu-tr-tst-cdf-instance,europe-west1,gs://vfhu-trdh-rawingested-dmaap-tstnonlive,upc,kozos,hhm_geox_raw_recipe.txt,hhm_geox_raw_schema.txt,hhm_geox_raw,vf-hu-tr-tst-non-live,vf-hu-tr-tst-non-live,vfhu-trdh-dmaap-nonlive1,,
WIZARD_KOZOS,HHM_KEKKH_RAW,wizard_kozos,hhm_kekkh_raw,hhm_kekkh_raw,upc24_fusion_raw_to_raw,upc24_fusion_truncate_load,vf-hu-tr-tst-cdf-instance,europe-west1,gs://vfhu-trdh-rawingested-dmaap-tstnonlive,upc,kozos,hhm_kekkh_raw_recipe.txt,hhm_kekkh_raw_schema.txt,hhm_kekkh_raw,vf-hu-tr-tst-non-live,vf-hu-tr-tst-non-live,vfhu-trdh-dmaap-nonlive1,,
WIZARD_KOZOS,HHM_OSS_MOVE_IN,wizard_kozos,hhm_oss_move_in,hhm_oss_move_in,upc24_fusion_raw_to_raw,upc24_fusion_truncate_load,vf-hu-tr-tst-cdf-instance,europe-west1,gs://vfhu-trdh-rawingested-dmaap-tstnonlive,upc,kozos,hhm_oss_move_in_recipe.txt,hhm_oss_move_in_schema.txt,hhm_oss_move_in,vf-hu-tr-tst-non-live,vf-hu-tr-tst-non-live,vfhu-trdh-dmaap-nonlive1,,
WIZARD_KOZOS,HHM_PIC_MOVE_IN,wizard_kozos,hhm_pic_move_in,hhm_pic_move_in,upc24_fusion_raw_to_raw,upc24_fusion_truncate_load,vf-hu-tr-tst-cdf-instance,europe-west1,gs://vfhu-trdh-rawingested-dmaap-tstnonlive,upc,kozos,hhm_pic_move_in_recipe.txt,hhm_pic_move_in_schema.txt,hhm_pic_move_in,vf-hu-tr-tst-non-live,vf-hu-tr-tst-non-live,vfhu-trdh-dmaap-nonlive1,,
WIZARD_KOZOS,HHM_SMALLER_COMPETITORS,wizard_kozos,hhm_smaller_competitors,hhm_smaller_competitors,upc24_fusion_raw_to_raw,upc24_fusion_truncate_load,vf-hu-tr-tst-cdf-instance,europe-west1,gs://vfhu-trdh-rawingested-dmaap-tstnonlive,upc,kozos,hhm_smaller_competitors_recipe.txt,hhm_smaller_competitors_schema.txt,hhm_smaller_competitors,vf-hu-tr-tst-non-live,vf-hu-tr-tst-non-live,vfhu-trdh-dmaap-nonlive1,,
WIZARD_KOZOS,HHM_WIZARD_MOVE_IN,wizard_kozos,hhm_wizard_move_in,hhm_wizard_move_in,upc24_fusion_raw_to_raw,upc24_fusion_truncate_load,vf-hu-tr-tst-cdf-instance,europe-west1,gs://vfhu-trdh-rawingested-dmaap-tstnonlive,upc,kozos,hhm_wizard_move_in_recipe.txt,hhm_wizard_move_in_schema.txt,hhm_wizard_move_in,vf-hu-tr-tst-non-live,vf-hu-tr-tst-non-live,vfhu-trdh-dmaap-nonlive1,,
WIZARD_KOZOS,MARKET_SZIM_0,wizard_kozos,market_szim_0,market_szim_0,upc24_fusion_raw_to_raw,upc24_fusion_truncate_load,vf-hu-tr-tst-cdf-instance,europe-west1,gs://vfhu-trdh-rawingested-dmaap-tstnonlive,upc,kozos,market_szim_0_recipe.txt,market_szim_0_schema.txt,market_szim_0,vf-hu-tr-tst-non-live,vf-hu-tr-tst-non-live,vfhu-trdh-dmaap-nonlive1,,
CPE_ADMIN,PROPERTY,cpe_admin,property,property,upc24_fusion_raw_to_raw,upc24_scd2_full_load,vf-hu-tr-tst-cdf-instance,europe-west1,gs://vfhu-trdh-rawingested-dmaap-tstnonlive,upc,cpe_admin,property_recipe.txt,property_schema.txt,property,vf-hu-tr-tst-non-live,vf-hu-tr-tst-non-live,vfhu-trdh-dmaap-nonlive1,,
P5ADRPE_HU_VIEWS,STG_OESP_VOD_ASSETS,p5adrpe_hu_views,stg_oesp_vod_assets,stg_oesp_vod_assets,upc24_fusion_raw_to_raw,upc24_fusion_insert_append,vf-hu-tr-tst-cdf-instance,europe-west1,gs://vfhu-trdh-rawingested-dmaap-tstnonlive,upc,prod7_dba,stg_oesp_vod_assets_recipe.txt,stg_oesp_vod_assets_schema.txt,stg_oesp_vod_assets,vf-hu-tr-tst-non-live,vf-hu-tr-tst-non-live,vfhu-trdh-dmaap-nonlive1,,
P5ADRPE_HU_VIEWS,STG_OESP_VOD_FINISHEDSESSIONS,p5adrpe_hu_views,stg_oesp_vod_finishedsessions,stg_oesp_vod_finishedsessions,upc24_fusion_raw_to_raw,upc24_fusion_insert_append,vf-hu-tr-tst-cdf-instance,europe-west1,gs://vfhu-trdh-rawingested-dmaap-tstnonlive,upc,prod7_dba,stg_oesp_vod_finishedsessions_recipe.txt,stg_oesp_vod_finishedsessions_schema.txt,stg_oesp_vod_finishedsessions,vf-hu-tr-tst-non-live,vf-hu-tr-tst-non-live,vfhu-trdh-dmaap-nonlive1,,
P5ADRPE_HU_VIEWS,STG_OESP_VOD_PRODUCTS,p5adrpe_hu_views,stg_oesp_vod_products,stg_oesp_vod_products,upc24_fusion_raw_to_raw,upc24_fusion_insert_append,vf-hu-tr-tst-cdf-instance,europe-west1,gs://vfhu-trdh-rawingested-dmaap-tstnonlive,upc,prod7_dba,stg_oesp_vod_products_recipe.txt,stg_oesp_vod_products_schema.txt,stg_oesp_vod_products,vf-hu-tr-tst-non-live,vf-hu-tr-tst-non-live,vfhu-trdh-dmaap-nonlive1,,
IPG_STARGUS,TRAFFIC_CURRENT,ipg_stargus,traffic_current,traffic_current,upc24_fusion_raw_to_raw,upc24_fusion_truncate_load,vf-hu-tr-tst-cdf-instance,europe-west1,gs://vfhu-trdh-rawingested-dmaap-tstnonlive,upc,stargus,traffic_current_recipe.txt,traffic_current_schema.txt,traffic_current,vf-hu-tr-tst-non-live,vf-hu-tr-tst-non-live,vfhu-trdh-dmaap-nonlive1,,
CPE_ADMIN,WIZ_EQUIP_MODEL_CODES,cpe_admin,wiz_equip_model_codes,wiz_equip_model_codes,upc24_fusion_raw_to_raw,upc24_fusion_truncate_load,vf-hu-tr-tst-cdf-instance,europe-west1,gs://vfhu-trdh-rawingested-dmaap-tstnonlive,upc,cpe_admin,wiz_equip_model_codes_recipe.txt,wiz_equip_model_codes_schema.txt,wiz_equip_model_codes,vf-hu-tr-tst-non-live,vf-hu-tr-tst-non-live,vfhu-trdh-dmaap-nonlive1,,
PROD7_DBA,WIZ_INSTALLMENT_PLAN,prod7_dba,wiz_installment_plan,wiz_installment_plan,upc24_fusion_raw_to_raw,upc24_fusion_truncate_load,vf-hu-tr-tst-cdf-instance,europe-west1,gs://vfhu-trdh-rawingested-dmaap-tstnonlive,upc,prod7_dba,wiz_installment_plan_recipe.txt,wiz_installment_plan_schema.txt,wiz_installment_plan,vf-hu-tr-tst-non-live,vf-hu-tr-tst-non-live,vfhu-trdh-dmaap-nonlive1,,
W7REP_XCONV,X_TBRINGYE_34443,w7rep_xconv,x_tbringye_34443,x_tbringye_34443,upc24_fusion_raw_to_raw,upc24_fusion_truncate_load,vf-hu-tr-tst-cdf-instance,europe-west1,gs://vfhu-trdh-rawingested-dmaap-tstnonlive,upc,xconv,x_tbringye_34443_recipe.txt,x_tbringye_34443_schema.txt,x_tbringye_34443,vf-hu-tr-tst-non-live,vf-hu-tr-tst-non-live,vfhu-trdh-dmaap-nonlive1,,
