bq.dataset,TARGET_TABLE_NAME,bq.dataset(Lower),Lower Table Name,file_name,raw_raw_pipeline_name,raw_curation_pipeline_name,instance_name,location, runtime_args:GCS_Input_Path(Bucket Name), runtime_args:GCS_Input_Path(owner), runtime_args:GCS_Input_Path(Schema),recipe,schema,bq.table,gcs.project,bq.project,bq.TempStorage, runtime_args: header
NC_TOMS,POC_OFFERING_CHAR,nc_toms,poc_offering_char,poc_offering_char,nc24_fusion_raw_to_raw,nc24_fusion_scd2_load,vf-hu-tr-tst-cdf-instance,europe-west1,gs://vfhu-trdh-rawingested-dmaap-tstnonlive,nc,nrdb,poc_offering_char_recipe.txt,poc_offering_char_schema.txt,poc_offering_char,vf-hu-tr-tst-non-live,vf-hu-tr-tst-non-live,vfhu-trdh-dmaap-nonlive1,1
NC_TOMS,POC_PRICE_ITEM,nc_toms,poc_price_item,poc_price_item,nc24_fusion_raw_to_raw,nc24_fusion_scd2_load,vf-hu-tr-tst-cdf-instance,europe-west1,gs://vfhu-trdh-rawingested-dmaap-tstnonlive,nc,nrdb,poc_price_item_recipe.txt,poc_price_item_schema.txt,poc_price_item,vf-hu-tr-tst-non-live,vf-hu-tr-tst-non-live,vfhu-trdh-dmaap-nonlive1,1
NC_TOMS,POC_PRICE_KEY,nc_toms,poc_price_key,poc_price_key,nc24_fusion_raw_to_raw,nc24_fusion_scd2_load,vf-hu-tr-tst-cdf-instance,europe-west1,gs://vfhu-trdh-rawingested-dmaap-tstnonlive,nc,nrdb,poc_price_key_recipe.txt,poc_price_key_schema.txt,poc_price_key,vf-hu-tr-tst-non-live,vf-hu-tr-tst-non-live,vfhu-trdh-dmaap-nonlive1,1
NC_TOMS,POC_SALE_TYPE,nc_toms,poc_sale_type,poc_sale_type,nc24_fusion_raw_to_raw,nc24_fusion_scd2_load,vf-hu-tr-tst-cdf-instance,europe-west1,gs://vfhu-trdh-rawingested-dmaap-tstnonlive,nc,nrdb,poc_sale_type_recipe.txt,poc_sale_type_schema.txt,poc_sale_type,vf-hu-tr-tst-non-live,vf-hu-tr-tst-non-live,vfhu-trdh-dmaap-nonlive1,1
NC_TOMS,R_CIM_NOTIF_CHNL,nc_toms,r_cim_notif_chnl,r_cim_notif_chnl,nc24_fusion_raw_to_raw,nc24_fusion_scd2_load,vf-hu-tr-tst-cdf-instance,europe-west1,gs://vfhu-trdh-rawingested-dmaap-tstnonlive,nc,nrdb,r_cim_notif_chnl_recipe.txt,r_cim_notif_chnl_schema.txt,r_cim_notif_chnl,vf-hu-tr-tst-non-live,vf-hu-tr-tst-non-live,vfhu-trdh-dmaap-nonlive1,1
NC_TOMS,R_CIM_NOTIF_PROFILE,nc_toms,r_cim_notif_profile,r_cim_notif_profile,nc24_fusion_raw_to_raw,nc24_fusion_scd2_load,vf-hu-tr-tst-cdf-instance,europe-west1,gs://vfhu-trdh-rawingested-dmaap-tstnonlive,nc,nrdb,r_cim_notif_profile_recipe.txt,r_cim_notif_profile_schema.txt,r_cim_notif_profile,vf-hu-tr-tst-non-live,vf-hu-tr-tst-non-live,vfhu-trdh-dmaap-nonlive1,1
NC_TOMS,R_CIM_NOTIF_TYPE,nc_toms,r_cim_notif_type,r_cim_notif_type,nc24_fusion_raw_to_raw,nc24_fusion_scd2_load,vf-hu-tr-tst-cdf-instance,europe-west1,gs://vfhu-trdh-rawingested-dmaap-tstnonlive,nc,nrdb,r_cim_notif_type_recipe.txt,r_cim_notif_type_schema.txt,r_cim_notif_type,vf-hu-tr-tst-non-live,vf-hu-tr-tst-non-live,vfhu-trdh-dmaap-nonlive1,1
NC_TOMS,R_CIM_NOTIF_RECIP_PR_1,nc_toms,r_cim_notif_type_recip_pr_1,r_cim_notif_type_recip_pr_1,nc24_fusion_raw_to_raw,nc24_fusion_scd2_load,vf-hu-tr-tst-cdf-instance,europe-west1,gs://vfhu-trdh-rawingested-dmaap-tstnonlive,nc,nrdb,r_cim_notif_type_recip_pr_1_recipe.txt,r_cim_notif_type_recip_pr_1_schema.txt,r_cim_notif_type_recip_pr_1,vf-hu-tr-tst-non-live,vf-hu-tr-tst-non-live,vfhu-trdh-dmaap-nonlive1,1
NC_COLLECTION,COLL_REASON_CAT,nc_collection,coll_reason_cat,coll_reason_cat,nc24_fusion_raw_to_raw,nc24_fusion_scd2_load,vf-hu-tr-tst-cdf-instance,europe-west1,gs://vfhu-trdh-rawingested-dmaap-tstnonlive,nc,nrbm,coll_reason_cat_recipe.txt,coll_reason_cat_schema.txt,coll_reason_cat,vf-hu-tr-tst-non-live,vf-hu-tr-tst-non-live,vfhu-trdh-dmaap-nonlive1,1
NC_COLLECTION,COLL_REASON_TYPE,nc_collection,coll_reason_type,coll_reason_type,nc24_fusion_raw_to_raw,nc24_fusion_scd2_load,vf-hu-tr-tst-cdf-instance,europe-west1,gs://vfhu-trdh-rawingested-dmaap-tstnonlive,nc,nrbm,coll_reason_type_recipe.txt,coll_reason_type_schema.txt,coll_reason_type,vf-hu-tr-tst-non-live,vf-hu-tr-tst-non-live,vfhu-trdh-dmaap-nonlive1,1
NC_TOMS,R_AM_SERZD_SHIP_LINE_DIS_ITEMS,nc_toms,r_am_serzd_ship_line_dis_items,r_am_serzd_ship_line_dis_items,nc24_fusion_raw_to_raw,nc24_fusion_scd2_load,vf-hu-tr-tst-cdf-instance,europe-west1,gs://vfhu-trdh-rawingested-dmaap-tstnonlive,nc,nrdb,r_am_serzd_ship_line_dis_items_recipe.txt,r_am_serzd_ship_line_dis_items_schema.txt,r_am_serzd_ship_line_dis_items,vf-hu-tr-tst-non-live,vf-hu-tr-tst-non-live,vfhu-trdh-dmaap-nonlive1,1
NC_TOMS,R_CM_COMMERCIAL_AGRMT_S_ORDER,nc_toms,r_cm_commercial_agrmt_s_order,r_cm_commercial_agrmt_s_order,nc24_fusion_raw_to_raw,nc24_fusion_scd2_load,vf-hu-tr-tst-cdf-instance,europe-west1,gs://vfhu-trdh-rawingested-dmaap-tstnonlive,nc,nrdb,r_cm_commercial_agrmt_s_order_recipe.txt,r_cm_commercial_agrmt_s_order_schema.txt,r_cm_commercial_agrmt_s_order,vf-hu-tr-tst-non-live,vf-hu-tr-tst-non-live,vfhu-trdh-dmaap-nonlive1,1
