OWNER,SOURCE_SCHEMA,TABLE_NAME,TABLE_DESCRIPTION,COLUMN_NAME,DATA_TYPE,DATA_LENGTH,DATA_SCALE,DATA_PRECISION,NULLABLE,SOURCE_PRIMARY_KEY,INDEX,SOURCE_PARTITION,TARGET_DATASET_NAME,TARGET_TABLE_NAME,TARGET_COLUMN_NAME,TARGET_DATA_TYPE,TARGET_PRIMARY_KEY,TARGET_PARTITION,DESCRIPTION,PII,ANONYMIZATION RULE,ATTRIBUTE ID,COULMN ID,COMMENT,SCD 2 Tables
NC-COLLECTION,EBOS_ADMIN,COLL_REASON_CAT,,BOID,NUMBER,22.0,0.0,20.0,N,N,Y,,NC_COLLECTION,COLL_REASON_CAT,BOID,NUMERIC,N,,,N,,,1.0,,Y
NC-COLLECTION,EBOS_ADMIN,COLL_REASON_CAT,,REASON_TYPE_IND,VARCHAR2,20.0,,,N,Y,Y,,NC_COLLECTION,COLL_REASON_CAT,REASON_TYPE_IND,STRING,Y,,,N,,,2.0,,Y
NC-COLLECTION,EBOS_ADMIN,COLL_REASON_CAT,,DFLT_FLAG,VARCHAR2,1.0,,,N,N,N,,NC_COLLECTION,COLL_REASON_CAT,DFLT_FLAG,STRING,N,,,N,,,3.0,,Y
NC-COLLECTION,EBOS_ADMIN,COLL_REASON_CAT,,LANG_TRAN_SEQ_NBR,VARCHAR2,15.0,,,Y,N,N,,NC_COLLECTION,COLL_REASON_CAT,LANG_TRAN_SEQ_NBR,STRING,N,,,N,,,4.0,,Y
NC-COLLECTION,EBOS_ADMIN,COLL_REASON_CAT,,PERSON_ID,VARCHAR2,50.0,,,Y,N,N,,NC_COLLECTION,COLL_REASON_CAT,PERSON_ID,STRING,N,,,N,,,5.0,,Y
NC-COLLECTION,EBOS_ADMIN,COLL_REASON_CAT,,REASON_CD_RQRD_FLAG,VARCHAR2,1.0,,,N,N,N,,NC_COLLECTION,COLL_REASON_CAT,REASON_CD_RQRD_FLAG,STRING,N,,,N,,,6.0,,Y
NC-COLLECTION,EBOS_ADMIN,COLL_REASON_CAT,,REASON_TYPE_DESC,VARCHAR2,40.0,,,N,N,N,,NC_COLLECTION,COLL_REASON_CAT,REASON_TYPE_DESC,STRING,N,,,N,,,7.0,,Y
NC-COLLECTION,EBOS_ADMIN,COLL_REASON_CAT,,VER_NBR,NUMBER,22.0,0.0,3.0,N,N,N,,NC_COLLECTION,COLL_REASON_CAT,VER_NBR,INT64,N,,,N,,,8.0,,Y
NC-COLLECTION,EBOS_ADMIN,COLL_REASON_CAT,,NOTE_TEXT_RQRD_FLAG,VARCHAR2,1.0,,,N,N,N,,NC_COLLECTION,COLL_REASON_CAT,NOTE_TEXT_RQRD_FLAG,STRING,N,,,N,,,9.0,,Y
NC-COLLECTION,EBOS_ADMIN,COLL_REASON_CAT,,,,,,,N,N,N,,NC_COLLECTION,COLL_REASON_CAT,START_OF_VALIDITY,DATE,Y,,,N,,,8500.0,,Y
NC-COLLECTION,EBOS_ADMIN,COLL_REASON_CAT,,,,,,,N,N,N,,NC_COLLECTION,COLL_REASON_CAT,END_OF_VALIDITY,DATE,N,,,N,,,8600.0,,Y
NC-COLLECTION,EBOS_ADMIN,COLL_REASON_CAT,,,,,,,N,N,N,,NC_COLLECTION,COLL_REASON_CAT,ACTIVE_FL,STRING,N,,,N,,,8700.0,,Y
NC-COLLECTION,EBOS_ADMIN,COLL_REASON_CAT,,,,,,,N,N,N,,NC_COLLECTION,COLL_REASON_CAT,TR_FILE_ID,INT64,N,,,N,,,9000.0,,Y
NC-COLLECTION,EBOS_ADMIN,COLL_REASON_CAT,,,,,,,N,N,N,,NC_COLLECTION,COLL_REASON_CAT,TR_INSERT_DATETIME,TIMESTAMP,N,,,N,,,9100.0,,Y
NC-COLLECTION,EBOS_ADMIN,COLL_REASON_CAT,,,,,,,N,N,N,,NC_COLLECTION,COLL_REASON_CAT,TR_INSERT_ID,INT64,N,,,N,,,9200.0,,Y
NC-COLLECTION,EBOS_ADMIN,COLL_REASON_CAT,,,,,,,Y,N,N,,NC_COLLECTION,COLL_REASON_CAT,TR_UPDATE_DATETIME,TIMESTAMP,N,,,N,,,9300.0,,Y
NC-COLLECTION,EBOS_ADMIN,COLL_REASON_CAT,,,,,,,Y,N,N,,NC_COLLECTION,COLL_REASON_CAT,TR_UPDATE_ID,INT64,N,,,N,,,9400.0,,Y
NC-COLLECTION,EBOS_ADMIN,COLL_REASON_TYPE,,BOID,NUMBER,22.0,0.0,20.0,N,N,Y,,NC_COLLECTION,COLL_REASON_TYPE,BOID,NUMERIC,N,,,N,,,1.0,,Y
NC-COLLECTION,EBOS_ADMIN,COLL_REASON_TYPE,,REASON_CD,VARCHAR2,10.0,,,N,Y,Y,,NC_COLLECTION,COLL_REASON_TYPE,REASON_CD,STRING,Y,,,N,,,2.0,,Y
NC-COLLECTION,EBOS_ADMIN,COLL_REASON_TYPE,,REASON_TYPE_IND,VARCHAR2,20.0,,,N,Y,Y,,NC_COLLECTION,COLL_REASON_TYPE,REASON_TYPE_IND,STRING,Y,,,N,,,3.0,,Y
NC-COLLECTION,EBOS_ADMIN,COLL_REASON_TYPE,,PERSON_ID,VARCHAR2,50.0,,,Y,N,N,,NC_COLLECTION,COLL_REASON_TYPE,PERSON_ID,STRING,N,,,N,,,4.0,,Y
NC-COLLECTION,EBOS_ADMIN,COLL_REASON_TYPE,,REASON_DESC,VARCHAR2,80.0,,,N,N,N,,NC_COLLECTION,COLL_REASON_TYPE,REASON_DESC,STRING,N,,,N,,,5.0,,Y
NC-COLLECTION,EBOS_ADMIN,COLL_REASON_TYPE,,VER_NBR,NUMBER,22.0,0.0,3.0,N,N,N,,NC_COLLECTION,COLL_REASON_TYPE,VER_NBR,INT64,N,,,N,,,6.0,,Y
NC-COLLECTION,EBOS_ADMIN,COLL_REASON_TYPE,,PRCSSN_IND,VARCHAR2,20.0,,,Y,N,N,,NC_COLLECTION,COLL_REASON_TYPE,PRCSSN_IND,STRING,N,,,N,,,7.0,,Y
NC-COLLECTION,EBOS_ADMIN,COLL_REASON_TYPE,,DSPLY_UI_FLAG,VARCHAR2,1.0,,,N,N,N,,NC_COLLECTION,COLL_REASON_TYPE,DSPLY_UI_FLAG,STRING,N,,,N,,,8.0,,Y
NC-COLLECTION,EBOS_ADMIN,COLL_REASON_TYPE,,NOTE_TEXT_RQRD_FLAG,VARCHAR2,1.0,,,Y,N,N,,NC_COLLECTION,COLL_REASON_TYPE,NOTE_TEXT_RQRD_FLAG,STRING,N,,,N,,,9.0,,Y
NC-COLLECTION,EBOS_ADMIN,COLL_REASON_TYPE,,REASON_ORIGIN_IND,VARCHAR2,1.0,,,Y,N,N,,NC_COLLECTION,COLL_REASON_TYPE,REASON_ORIGIN_IND,STRING,N,,,N,,,10.0,,Y
NC-COLLECTION,EBOS_ADMIN,COLL_REASON_TYPE,,,,,,,N,N,N,,NC_COLLECTION,COLL_REASON_TYPE,START_OF_VALIDITY,DATE,Y,,,N,,,8500.0,,Y
NC-COLLECTION,EBOS_ADMIN,COLL_REASON_TYPE,,,,,,,N,N,N,,NC_COLLECTION,COLL_REASON_TYPE,END_OF_VALIDITY,DATE,N,,,N,,,8600.0,,Y
NC-COLLECTION,EBOS_ADMIN,COLL_REASON_TYPE,,,,,,,N,N,N,,NC_COLLECTION,COLL_REASON_TYPE,ACTIVE_FL,STRING,N,,,N,,,8700.0,,Y
NC-COLLECTION,EBOS_ADMIN,COLL_REASON_TYPE,,,,,,,N,N,N,,NC_COLLECTION,COLL_REASON_TYPE,TR_FILE_ID,INT64,N,,,N,,,9000.0,,Y
NC-COLLECTION,EBOS_ADMIN,COLL_REASON_TYPE,,,,,,,N,N,N,,NC_COLLECTION,COLL_REASON_TYPE,TR_INSERT_DATETIME,TIMESTAMP,N,,,N,,,9100.0,,Y
NC-COLLECTION,EBOS_ADMIN,COLL_REASON_TYPE,,,,,,,N,N,N,,NC_COLLECTION,COLL_REASON_TYPE,TR_INSERT_ID,INT64,N,,,N,,,9200.0,,Y
NC-COLLECTION,EBOS_ADMIN,COLL_REASON_TYPE,,,,,,,Y,N,N,,NC_COLLECTION,COLL_REASON_TYPE,TR_UPDATE_DATETIME,TIMESTAMP,N,,,N,,,9300.0,,Y
NC-COLLECTION,EBOS_ADMIN,COLL_REASON_TYPE,,,,,,,Y,N,N,,NC_COLLECTION,COLL_REASON_TYPE,TR_UPDATE_ID,INT64,N,,,N,,,9400.0,,Y
NC-TOMS,VHTME_19000_RDB,POC_OFFERING_CHAR,,CHARACTERISTIC_OVERRIDE_ID,NUMBER,22.0,,20.0,N,Y,Y,,NC_TOMS,POC_OFFERING_CHAR,CHARACTERISTIC_OVERRIDE_ID,NUMERIC,Y,,,N,,,1.0,,Y
NC-TOMS,VHTME_19000_RDB,POC_OFFERING_CHAR,,CHARACTERISTIC_INV_ID,NUMBER,22.0,,20.0,N,N,N,,NC_TOMS,POC_OFFERING_CHAR,CHARACTERISTIC_INV_ID,NUMERIC,N,,,N,,,2.0,,Y
NC-TOMS,VHTME_19000_RDB,POC_OFFERING_CHAR,,DEFAULT_VALUE,VARCHAR2,200.0,,,Y,N,N,,NC_TOMS,POC_OFFERING_CHAR,DEFAULT_VALUE,STRING,N,,,N,,,4.0,,Y
NC-TOMS,VHTME_19000_RDB,POC_OFFERING_CHAR,,VISIBLE,NUMBER,22.0,,1.0,Y,N,N,,NC_TOMS,POC_OFFERING_CHAR,VISIBLE,INT64,N,,,N,,,5.0,,Y
NC-TOMS,VHTME_19000_RDB,POC_OFFERING_CHAR,,CHANGE_REQUEST_ID,NUMBER,22.0,,20.0,Y,N,N,,NC_TOMS,POC_OFFERING_CHAR,CHANGE_REQUEST_ID,NUMERIC,N,,,N,,,8.0,,Y
NC-TOMS,VHTME_19000_RDB,POC_OFFERING_CHAR,,SELECTED_VALUES_MAX,NUMBER,22.0,,10.0,Y,N,N,,NC_TOMS,POC_OFFERING_CHAR,SELECTED_VALUES_MAX,NUMERIC,N,,,N,,,10.0,,Y
NC-TOMS,VHTME_19000_RDB,POC_OFFERING_CHAR,,,,,,,N,N,N,,NC_TOMS,POC_OFFERING_CHAR,START_OF_VALIDITY,DATE,Y,,,N,,,8500.0,,Y
NC-TOMS,VHTME_19000_RDB,POC_OFFERING_CHAR,,,,,,,N,N,N,,NC_TOMS,POC_OFFERING_CHAR,END_OF_VALIDITY,DATE,N,,,N,,,8600.0,,Y
NC-TOMS,VHTME_19000_RDB,POC_OFFERING_CHAR,,,,,,,N,N,N,,NC_TOMS,POC_OFFERING_CHAR,ACTIVE_FL,STRING,N,,,N,,,8700.0,,Y
NC-TOMS,VHTME_19000_RDB,POC_OFFERING_CHAR,,,,,,,N,N,N,,NC_TOMS,POC_OFFERING_CHAR,TR_FILE_ID,INT64,N,,,N,,,9000.0,,Y
NC-TOMS,VHTME_19000_RDB,POC_OFFERING_CHAR,,,,,,,N,N,N,,NC_TOMS,POC_OFFERING_CHAR,TR_INSERT_DATETIME,TIMESTAMP,N,,,N,,,9100.0,,Y
NC-TOMS,VHTME_19000_RDB,POC_OFFERING_CHAR,,,,,,,N,N,N,,NC_TOMS,POC_OFFERING_CHAR,TR_INSERT_ID,INT64,N,,,N,,,9200.0,,Y
NC-TOMS,VHTME_19000_RDB,POC_OFFERING_CHAR,,,,,,,Y,N,N,,NC_TOMS,POC_OFFERING_CHAR,TR_UPDATE_DATETIME,TIMESTAMP,N,,,N,,,9300.0,,Y
NC-TOMS,VHTME_19000_RDB,POC_OFFERING_CHAR,,,,,,,Y,N,N,,NC_TOMS,POC_OFFERING_CHAR,TR_UPDATE_ID,INT64,N,,,N,,,9400.0,,Y
NC-TOMS,VHTME_19000_RDB,POC_PRICE_ITEM,,PRICE_ITEM_ID,NUMBER,22.0,,20.0,N,Y,Y,,NC_TOMS,POC_PRICE_ITEM,PRICE_ITEM_ID,NUMERIC,Y,,,N,,,1.0,,Y
NC-TOMS,VHTME_19000_RDB,POC_PRICE_ITEM,,MAX_PRICE_VALUE,NUMBER,22.0,,12.0,Y,N,N,,NC_TOMS,POC_PRICE_ITEM,MAX_PRICE_VALUE,INT64,N,,,N,,,4.0,,Y
NC-TOMS,VHTME_19000_RDB,POC_PRICE_ITEM,,MIN_PRICE_VALUE,NUMBER,22.0,,12.0,Y,N,N,,NC_TOMS,POC_PRICE_ITEM,MIN_PRICE_VALUE,INT64,N,,,N,,,5.0,,Y
NC-TOMS,VHTME_19000_RDB,POC_PRICE_ITEM,,TARIFF_START_DATE,DATE,7.0,,,N,N,N,,NC_TOMS,POC_PRICE_ITEM,TARIFF_START_DATE,TIMESTAMP,N,,,N,,,6.0,,Y
NC-TOMS,VHTME_19000_RDB,POC_PRICE_ITEM,,TARIFF_END_DATE,DATE,7.0,,,Y,N,N,,NC_TOMS,POC_PRICE_ITEM,TARIFF_END_DATE,TIMESTAMP,N,,,N,,,7.0,,Y
NC-TOMS,VHTME_19000_RDB,POC_PRICE_ITEM,,AVAILABLE_TO,DATE,7.0,,,Y,N,N,,NC_TOMS,POC_PRICE_ITEM,AVAILABLE_TO,TIMESTAMP,N,,,N,,,9.0,,Y
NC-TOMS,VHTME_19000_RDB,POC_PRICE_ITEM,,DOWN_PAYMENT,NUMBER,22.0,,12.0,Y,N,N,,NC_TOMS,POC_PRICE_ITEM,DOWN_PAYMENT,INT64,N,,,N,,,10.0,,Y
NC-TOMS,VHTME_19000_RDB,POC_PRICE_ITEM,,DOWN_PAYMENT_TYPE,NUMBER,22.0,,20.0,Y,N,N,,NC_TOMS,POC_PRICE_ITEM,DOWN_PAYMENT_TYPE,NUMERIC,N,,,N,,,11.0,,Y
NC-TOMS,VHTME_19000_RDB,POC_PRICE_ITEM,,DOWN_PAYMENT_MIN,NUMBER,22.0,,12.0,Y,N,N,,NC_TOMS,POC_PRICE_ITEM,DOWN_PAYMENT_MIN,INT64,N,,,N,,,12.0,,Y
NC-TOMS,VHTME_19000_RDB,POC_PRICE_ITEM,,NEG_REVENUE_CODE_ID,NUMBER,22.0,,20.0,Y,N,N,,NC_TOMS,POC_PRICE_ITEM,NEG_REVENUE_CODE_ID,NUMERIC,N,,,N,,,14.0,,Y
NC-TOMS,VHTME_19000_RDB,POC_PRICE_ITEM,,RECEIVABLE_CLASS_ID,NUMBER,22.0,,20.0,Y,N,N,,NC_TOMS,POC_PRICE_ITEM,RECEIVABLE_CLASS_ID,NUMERIC,N,,,N,,,15.0,,Y
NC-TOMS,VHTME_19000_RDB,POC_PRICE_ITEM,,CHANGE_REQUEST_ID,NUMBER,22.0,,20.0,Y,N,N,,NC_TOMS,POC_PRICE_ITEM,CHANGE_REQUEST_ID,NUMERIC,N,,,N,,,18.0,,Y
NC-TOMS,VHTME_19000_RDB,POC_PRICE_ITEM,,SERVICE_CATEGORY,VARCHAR2,200.0,,,Y,N,N,,NC_TOMS,POC_PRICE_ITEM,SERVICE_CATEGORY,STRING,N,,,N,,,19.0,,Y
NC-TOMS,VHTME_19000_RDB,POC_PRICE_ITEM,,SSP_DEFAULT_TARIFF_EXTERNAL_ID,NUMBER,22.0,,20.0,Y,N,N,,NC_TOMS,POC_PRICE_ITEM,SSP_DEFAULT_TARIFF_EXTERNAL_ID,NUMERIC,N,,,N,,,20.0,,Y
NC-TOMS,VHTME_19000_RDB,POC_PRICE_ITEM,,,,,,,N,N,N,,NC_TOMS,POC_PRICE_ITEM,START_OF_VALIDITY,DATE,Y,,,N,,,8500.0,,Y
NC-TOMS,VHTME_19000_RDB,POC_PRICE_ITEM,,,,,,,N,N,N,,NC_TOMS,POC_PRICE_ITEM,END_OF_VALIDITY,DATE,N,,,N,,,8600.0,,Y
NC-TOMS,VHTME_19000_RDB,POC_PRICE_ITEM,,,,,,,N,N,N,,NC_TOMS,POC_PRICE_ITEM,ACTIVE_FL,STRING,N,,,N,,,8700.0,,Y
NC-TOMS,VHTME_19000_RDB,POC_PRICE_ITEM,,,,,,,N,N,N,,NC_TOMS,POC_PRICE_ITEM,TR_FILE_ID,INT64,N,,,N,,,9000.0,,Y
NC-TOMS,VHTME_19000_RDB,POC_PRICE_ITEM,,,,,,,N,N,N,,NC_TOMS,POC_PRICE_ITEM,TR_INSERT_DATETIME,TIMESTAMP,N,,,N,,,9100.0,,Y
NC-TOMS,VHTME_19000_RDB,POC_PRICE_ITEM,,,,,,,N,N,N,,NC_TOMS,POC_PRICE_ITEM,TR_INSERT_ID,INT64,N,,,N,,,9200.0,,Y
NC-TOMS,VHTME_19000_RDB,POC_PRICE_ITEM,,,,,,,Y,N,N,,NC_TOMS,POC_PRICE_ITEM,TR_UPDATE_DATETIME,TIMESTAMP,N,,,N,,,9300.0,,Y
NC-TOMS,VHTME_19000_RDB,POC_PRICE_ITEM,,,,,,,Y,N,N,,NC_TOMS,POC_PRICE_ITEM,TR_UPDATE_ID,INT64,N,,,N,,,9400.0,,Y
NC-TOMS,VHTME_19000_RDB,POC_PRICE_KEY,,FLAT_OFFERING_ID,NUMBER,22.0,,20.0,Y,N,N,,NC_TOMS,POC_PRICE_KEY,FLAT_OFFERING_ID,NUMERIC,N,,,N,,,4.0,,Y
NC-TOMS,VHTME_19000_RDB,POC_PRICE_KEY,,PRICE_SPEC_ID,NUMBER,22.0,,20.0,N,N,N,,NC_TOMS,POC_PRICE_KEY,PRICE_SPEC_ID,NUMERIC,N,,,N,,,8.0,,Y
NC-TOMS,VHTME_19000_RDB,POC_PRICE_KEY,,OTC_ID,NUMBER,22.0,,20.0,Y,N,N,,NC_TOMS,POC_PRICE_KEY,OTC_ID,NUMERIC,N,,,N,,,12.0,,Y
NC-TOMS,VHTME_19000_RDB,POC_PRICE_KEY,,PSEUDO_EVENT_TYPE_ID,NUMBER,22.0,,20.0,Y,N,N,,NC_TOMS,POC_PRICE_KEY,PSEUDO_EVENT_TYPE_ID,NUMERIC,N,,,N,,,13.0,,Y
NC-TOMS,VHTME_19000_RDB,POC_PRICE_KEY,,,,,,,N,N,N,,NC_TOMS,POC_PRICE_KEY,START_OF_VALIDITY,DATE,Y,,,N,,,8500.0,,Y
NC-TOMS,VHTME_19000_RDB,POC_PRICE_KEY,,,,,,,N,N,N,,NC_TOMS,POC_PRICE_KEY,END_OF_VALIDITY,DATE,N,,,N,,,8600.0,,Y
NC-TOMS,VHTME_19000_RDB,POC_PRICE_KEY,,,,,,,N,N,N,,NC_TOMS,POC_PRICE_KEY,ACTIVE_FL,STRING,N,,,N,,,8700.0,,Y
NC-TOMS,VHTME_19000_RDB,POC_PRICE_KEY,,,,,,,N,N,N,,NC_TOMS,POC_PRICE_KEY,TR_FILE_ID,INT64,N,,,N,,,9000.0,,Y
NC-TOMS,VHTME_19000_RDB,POC_PRICE_KEY,,,,,,,N,N,N,,NC_TOMS,POC_PRICE_KEY,TR_INSERT_DATETIME,TIMESTAMP,N,,,N,,,9100.0,,Y
NC-TOMS,VHTME_19000_RDB,POC_PRICE_KEY,,,,,,,N,N,N,,NC_TOMS,POC_PRICE_KEY,TR_INSERT_ID,INT64,N,,,N,,,9200.0,,Y
NC-TOMS,VHTME_19000_RDB,POC_PRICE_KEY,,,,,,,Y,N,N,,NC_TOMS,POC_PRICE_KEY,TR_UPDATE_DATETIME,TIMESTAMP,N,,,N,,,9300.0,,Y
NC-TOMS,VHTME_19000_RDB,POC_PRICE_KEY,,,,,,,Y,N,N,,NC_TOMS,POC_PRICE_KEY,TR_UPDATE_ID,INT64,N,,,N,,,9400.0,,Y
NC-TOMS,VHTME_19000_RDB,POC_SALE_TYPE,,PRICE_KEY_ID,NUMBER,22.0,0.0,20.0,N,Y,Y,,NC_TOMS,POC_SALE_TYPE,PRICE_KEY_ID,NUMERIC,Y,,,N,,,1.0,,Y
NC-TOMS,VHTME_19000_RDB,POC_SALE_TYPE,,SALE_TYPE_ID,NUMBER,22.0,0.0,20.0,N,Y,Y,,NC_TOMS,POC_SALE_TYPE,SALE_TYPE_ID,NUMERIC,Y,,,N,,,2.0,,Y
NC-TOMS,VHTME_19000_RDB,POC_SALE_TYPE,,,,,,,N,N,N,,NC_TOMS,POC_SALE_TYPE,START_OF_VALIDITY,DATE,Y,,,N,,,8500.0,,Y
NC-TOMS,VHTME_19000_RDB,POC_SALE_TYPE,,,,,,,N,N,N,,NC_TOMS,POC_SALE_TYPE,END_OF_VALIDITY,DATE,N,,,N,,,8600.0,,Y
NC-TOMS,VHTME_19000_RDB,POC_SALE_TYPE,,,,,,,N,N,N,,NC_TOMS,POC_SALE_TYPE,ACTIVE_FL,STRING,N,,,N,,,8700.0,,Y
NC-TOMS,VHTME_19000_RDB,POC_SALE_TYPE,,,,,,,N,N,N,,NC_TOMS,POC_SALE_TYPE,TR_FILE_ID,INT64,N,,,N,,,9000.0,,Y
NC-TOMS,VHTME_19000_RDB,POC_SALE_TYPE,,,,,,,N,N,N,,NC_TOMS,POC_SALE_TYPE,TR_INSERT_DATETIME,TIMESTAMP,N,,,N,,,9100.0,,Y
NC-TOMS,VHTME_19000_RDB,POC_SALE_TYPE,,,,,,,N,N,N,,NC_TOMS,POC_SALE_TYPE,TR_INSERT_ID,INT64,N,,,N,,,9200.0,,Y
NC-TOMS,VHTME_19000_RDB,POC_SALE_TYPE,,,,,,,Y,N,N,,NC_TOMS,POC_SALE_TYPE,TR_UPDATE_DATETIME,TIMESTAMP,N,,,N,,,9300.0,,Y
NC-TOMS,VHTME_19000_RDB,POC_SALE_TYPE,,,,,,,Y,N,N,,NC_TOMS,POC_SALE_TYPE,TR_UPDATE_ID,INT64,N,,,N,,,9400.0,,Y
NC-TOMS,VHTME_19000_RDB,R_AM_SERZD_SHIP_LINE_DIS_ITEMS,,SHOW_ORDER,NUMBER,22.0,,10.0,Y,N,N,,NC_TOMS,R_AM_SERZD_SHIP_LINE_DIS_ITEMS,SHOW_ORDER,INT64,N,,,N,,,1.0,,Y
NC-TOMS,VHTME_19000_RDB,R_AM_SERZD_SHIP_LINE_DIS_ITEMS,,OBJECT_ID,NUMBER,22.0,,20.0,N,N,Y,,NC_TOMS,R_AM_SERZD_SHIP_LINE_DIS_ITEMS,OBJECT_ID,NUMERIC,N,,,N,,,2.0,,Y
NC-TOMS,VHTME_19000_RDB,R_AM_SERZD_SHIP_LINE_DIS_ITEMS,,VALUE,NUMBER,22.0,,20.0,Y,N,N,,NC_TOMS,R_AM_SERZD_SHIP_LINE_DIS_ITEMS,VALUE,NUMERIC,N,,,N,,,3.0,,Y
NC-TOMS,VHTME_19000_RDB,R_AM_SERZD_SHIP_LINE_DIS_ITEMS,,SOURCE_ROWID,ROWID,10.0,,,Y,N,Y,,NC_TOMS,R_AM_SERZD_SHIP_LINE_DIS_ITEMS,SOURCE_ROWID,STRING,N,,,N,,,4.0,,Y
NC-TOMS,VHTME_19000_RDB,R_AM_SERZD_SHIP_LINE_DIS_ITEMS,,,,,,,N,N,N,,NC_TOMS,R_AM_SERZD_SHIP_LINE_DIS_ITEMS,START_OF_VALIDITY,DATE,Y,,,N,,,8500.0,,Y
NC-TOMS,VHTME_19000_RDB,R_AM_SERZD_SHIP_LINE_DIS_ITEMS,,,,,,,N,N,N,,NC_TOMS,R_AM_SERZD_SHIP_LINE_DIS_ITEMS,END_OF_VALIDITY,DATE,N,,,N,,,8600.0,,Y
NC-TOMS,VHTME_19000_RDB,R_AM_SERZD_SHIP_LINE_DIS_ITEMS,,,,,,,N,N,N,,NC_TOMS,R_AM_SERZD_SHIP_LINE_DIS_ITEMS,ACTIVE_FL,STRING,N,,,N,,,8700.0,,Y
NC-TOMS,VHTME_19000_RDB,R_AM_SERZD_SHIP_LINE_DIS_ITEMS,,,,,,,N,N,N,,NC_TOMS,R_AM_SERZD_SHIP_LINE_DIS_ITEMS,TR_FILE_ID,INT64,N,,,N,,,9000.0,,Y
NC-TOMS,VHTME_19000_RDB,R_AM_SERZD_SHIP_LINE_DIS_ITEMS,,,,,,,N,N,N,,NC_TOMS,R_AM_SERZD_SHIP_LINE_DIS_ITEMS,TR_INSERT_DATETIME,TIMESTAMP,N,,,N,,,9100.0,,Y
NC-TOMS,VHTME_19000_RDB,R_AM_SERZD_SHIP_LINE_DIS_ITEMS,,,,,,,N,N,N,,NC_TOMS,R_AM_SERZD_SHIP_LINE_DIS_ITEMS,TR_INSERT_ID,INT64,N,,,N,,,9200.0,,Y
NC-TOMS,VHTME_19000_RDB,R_AM_SERZD_SHIP_LINE_DIS_ITEMS,,,,,,,Y,N,N,,NC_TOMS,R_AM_SERZD_SHIP_LINE_DIS_ITEMS,TR_UPDATE_DATETIME,TIMESTAMP,N,,,N,,,9300.0,,Y
NC-TOMS,VHTME_19000_RDB,R_AM_SERZD_SHIP_LINE_DIS_ITEMS,,,,,,,Y,N,N,,NC_TOMS,R_AM_SERZD_SHIP_LINE_DIS_ITEMS,TR_UPDATE_ID,INT64,N,,,N,,,9400.0,,Y
NC-TOMS,VHTME_19000_RDB,R_CIM_NOTIF_CHNL,,OBJECT_ID,NUMBER,22.0,,20.0,N,Y,Y,,NC_TOMS,R_CIM_NOTIF_CHNL,OBJECT_ID,NUMERIC,Y,,,N,,,1.0,,Y
NC-TOMS,VHTME_19000_RDB,R_CIM_NOTIF_CHNL,,TYPE_ID,NUMBER,22.0,,20.0,N,N,N,,NC_TOMS,R_CIM_NOTIF_CHNL,TYPE_ID,NUMERIC,N,,,N,,,2.0,,Y
NC-TOMS,VHTME_19000_RDB,R_CIM_NOTIF_CHNL,,NAME,VARCHAR2,200.0,,,Y,N,N,,NC_TOMS,R_CIM_NOTIF_CHNL,NAME,STRING,N,,,Y,,,3.0,,Y
NC-TOMS,VHTME_19000_RDB,R_CIM_NOTIF_CHNL,,AVAILABILITY,VARCHAR2,200.0,,,Y,N,N,,NC_TOMS,R_CIM_NOTIF_CHNL,AVAILABILITY,STRING,N,,,N,,,4.0,,Y
NC-TOMS,VHTME_19000_RDB,R_CIM_NOTIF_CHNL,,CREATED_BY,VARCHAR2,4000.0,,,Y,N,N,,NC_TOMS,R_CIM_NOTIF_CHNL,CREATED_BY,STRING,N,,,Y,,,5.0,,Y
NC-TOMS,VHTME_19000_RDB,R_CIM_NOTIF_CHNL,,CREATED_WHEN,DATE,7.0,,,Y,N,N,,NC_TOMS,R_CIM_NOTIF_CHNL,CREATED_WHEN,TIMESTAMP,N,,,N,,,6.0,,Y
NC-TOMS,VHTME_19000_RDB,R_CIM_NOTIF_CHNL,,DEFAULT_SETTING,VARCHAR2,200.0,,,Y,N,N,,NC_TOMS,R_CIM_NOTIF_CHNL,DEFAULT_SETTING,STRING,N,,,N,,,7.0,,Y
NC-TOMS,VHTME_19000_RDB,R_CIM_NOTIF_CHNL,,MODIFIED_BY,VARCHAR2,4000.0,,,Y,N,N,,NC_TOMS,R_CIM_NOTIF_CHNL,MODIFIED_BY,STRING,N,,,Y,,,8.0,,Y
NC-TOMS,VHTME_19000_RDB,R_CIM_NOTIF_CHNL,,MODIFIED_WHEN,DATE,7.0,,,Y,N,N,,NC_TOMS,R_CIM_NOTIF_CHNL,MODIFIED_WHEN,TIMESTAMP,N,,,N,,,9.0,,Y
NC-TOMS,VHTME_19000_RDB,R_CIM_NOTIF_CHNL,,PARENT_ID,NUMBER,22.0,,20.0,Y,N,N,,NC_TOMS,R_CIM_NOTIF_CHNL,PARENT_ID,NUMERIC,N,,,N,,,10.0,,Y
NC-TOMS,VHTME_19000_RDB,R_CIM_NOTIF_CHNL,,,,,,,N,N,N,,NC_TOMS,R_CIM_NOTIF_CHNL,START_OF_VALIDITY,DATE,Y,,,N,,,8500.0,,Y
NC-TOMS,VHTME_19000_RDB,R_CIM_NOTIF_CHNL,,,,,,,N,N,N,,NC_TOMS,R_CIM_NOTIF_CHNL,END_OF_VALIDITY,DATE,N,,,N,,,8600.0,,Y
NC-TOMS,VHTME_19000_RDB,R_CIM_NOTIF_CHNL,,,,,,,N,N,N,,NC_TOMS,R_CIM_NOTIF_CHNL,ACTIVE_FL,STRING,N,,,N,,,8700.0,,Y
NC-TOMS,VHTME_19000_RDB,R_CIM_NOTIF_CHNL,,,,,,,N,N,N,,NC_TOMS,R_CIM_NOTIF_CHNL,TR_FILE_ID,INT64,N,,,N,,,9000.0,,Y
NC-TOMS,VHTME_19000_RDB,R_CIM_NOTIF_CHNL,,,,,,,N,N,N,,NC_TOMS,R_CIM_NOTIF_CHNL,TR_INSERT_DATETIME,TIMESTAMP,N,,,N,,,9100.0,,Y
NC-TOMS,VHTME_19000_RDB,R_CIM_NOTIF_CHNL,,,,,,,N,N,N,,NC_TOMS,R_CIM_NOTIF_CHNL,TR_INSERT_ID,INT64,N,,,N,,,9200.0,,Y
NC-TOMS,VHTME_19000_RDB,R_CIM_NOTIF_CHNL,,,,,,,Y,N,N,,NC_TOMS,R_CIM_NOTIF_CHNL,TR_UPDATE_DATETIME,TIMESTAMP,N,,,N,,,9300.0,,Y
NC-TOMS,VHTME_19000_RDB,R_CIM_NOTIF_CHNL,,,,,,,Y,N,N,,NC_TOMS,R_CIM_NOTIF_CHNL,TR_UPDATE_ID,INT64,N,,,N,,,9400.0,,Y
NC-TOMS,VHTME_19000_RDB,R_CIM_NOTIF_PROFILE,,OBJECT_ID,NUMBER,22.0,,20.0,N,Y,Y,,NC_TOMS,R_CIM_NOTIF_PROFILE,OBJECT_ID,NUMERIC,Y,,,N,,,1.0,,Y
NC-TOMS,VHTME_19000_RDB,R_CIM_NOTIF_PROFILE,,TYPE_ID,NUMBER,22.0,,20.0,N,N,N,,NC_TOMS,R_CIM_NOTIF_PROFILE,TYPE_ID,NUMERIC,N,,,N,,,2.0,,Y
NC-TOMS,VHTME_19000_RDB,R_CIM_NOTIF_PROFILE,,NAME,VARCHAR2,200.0,,,Y,N,N,,NC_TOMS,R_CIM_NOTIF_PROFILE,NAME,STRING,N,,,Y,,,3.0,,Y
NC-TOMS,VHTME_19000_RDB,R_CIM_NOTIF_PROFILE,,CREATED_BY,VARCHAR2,4000.0,,,Y,N,N,,NC_TOMS,R_CIM_NOTIF_PROFILE,CREATED_BY,STRING,N,,,Y,,,4.0,,Y
NC-TOMS,VHTME_19000_RDB,R_CIM_NOTIF_PROFILE,,CREATED_WHEN,DATE,7.0,,,Y,N,N,,NC_TOMS,R_CIM_NOTIF_PROFILE,CREATED_WHEN,TIMESTAMP,N,,,N,,,5.0,,Y
NC-TOMS,VHTME_19000_RDB,R_CIM_NOTIF_PROFILE,,EMAIL,VARCHAR2,200.0,,,Y,N,N,,NC_TOMS,R_CIM_NOTIF_PROFILE,EMAIL,STRING,N,,,Y,,,6.0,,Y
NC-TOMS,VHTME_19000_RDB,R_CIM_NOTIF_PROFILE,,MODIFIED_BY,VARCHAR2,4000.0,,,Y,N,N,,NC_TOMS,R_CIM_NOTIF_PROFILE,MODIFIED_BY,STRING,N,,,Y,,,7.0,,Y
NC-TOMS,VHTME_19000_RDB,R_CIM_NOTIF_PROFILE,,MODIFIED_WHEN,DATE,7.0,,,Y,N,N,,NC_TOMS,R_CIM_NOTIF_PROFILE,MODIFIED_WHEN,TIMESTAMP,N,,,N,,,8.0,,Y
NC-TOMS,VHTME_19000_RDB,R_CIM_NOTIF_PROFILE,,NOTIFICATION_TYPE,NUMBER,22.0,,20.0,Y,N,N,,NC_TOMS,R_CIM_NOTIF_PROFILE,NOTIFICATION_TYPE,NUMERIC,N,,,N,,,9.0,,Y
NC-TOMS,VHTME_19000_RDB,R_CIM_NOTIF_PROFILE,,PARENT_ID,NUMBER,22.0,,20.0,Y,N,N,,NC_TOMS,R_CIM_NOTIF_PROFILE,PARENT_ID,NUMERIC,N,,,N,,,10.0,,Y
NC-TOMS,VHTME_19000_RDB,R_CIM_NOTIF_PROFILE,,PUSH,VARCHAR2,200.0,,,Y,N,N,,NC_TOMS,R_CIM_NOTIF_PROFILE,PUSH,STRING,N,,,N,,,11.0,,Y
NC-TOMS,VHTME_19000_RDB,R_CIM_NOTIF_PROFILE,,SMS,VARCHAR2,200.0,,,Y,N,N,,NC_TOMS,R_CIM_NOTIF_PROFILE,SMS,STRING,N,,,N,,,12.0,,Y
NC-TOMS,VHTME_19000_RDB,R_CIM_NOTIF_PROFILE,,,,,,,N,N,N,,NC_TOMS,R_CIM_NOTIF_PROFILE,START_OF_VALIDITY,DATE,Y,,,N,,,8500.0,,Y
NC-TOMS,VHTME_19000_RDB,R_CIM_NOTIF_PROFILE,,,,,,,N,N,N,,NC_TOMS,R_CIM_NOTIF_PROFILE,END_OF_VALIDITY,DATE,N,,,N,,,8600.0,,Y
NC-TOMS,VHTME_19000_RDB,R_CIM_NOTIF_PROFILE,,,,,,,N,N,N,,NC_TOMS,R_CIM_NOTIF_PROFILE,ACTIVE_FL,STRING,N,,,N,,,8700.0,,Y
NC-TOMS,VHTME_19000_RDB,R_CIM_NOTIF_PROFILE,,,,,,,N,N,N,,NC_TOMS,R_CIM_NOTIF_PROFILE,TR_FILE_ID,INT64,N,,,N,,,9000.0,,Y
NC-TOMS,VHTME_19000_RDB,R_CIM_NOTIF_PROFILE,,,,,,,N,N,N,,NC_TOMS,R_CIM_NOTIF_PROFILE,TR_INSERT_DATETIME,TIMESTAMP,N,,,N,,,9100.0,,Y
NC-TOMS,VHTME_19000_RDB,R_CIM_NOTIF_PROFILE,,,,,,,N,N,N,,NC_TOMS,R_CIM_NOTIF_PROFILE,TR_INSERT_ID,INT64,N,,,N,,,9200.0,,Y
NC-TOMS,VHTME_19000_RDB,R_CIM_NOTIF_PROFILE,,,,,,,Y,N,N,,NC_TOMS,R_CIM_NOTIF_PROFILE,TR_UPDATE_DATETIME,TIMESTAMP,N,,,N,,,9300.0,,Y
NC-TOMS,VHTME_19000_RDB,R_CIM_NOTIF_PROFILE,,,,,,,Y,N,N,,NC_TOMS,R_CIM_NOTIF_PROFILE,TR_UPDATE_ID,INT64,N,,,N,,,9400.0,,Y
NC-TOMS,VHTME_19000_RDB,R_CIM_NOTIF_TYPE,,OBJECT_ID,NUMBER,22.0,,20.0,N,Y,Y,,NC_TOMS,R_CIM_NOTIF_TYPE,OBJECT_ID,NUMERIC,Y,,,N,,,1.0,,Y
NC-TOMS,VHTME_19000_RDB,R_CIM_NOTIF_TYPE,,TYPE_ID,NUMBER,22.0,,20.0,N,N,N,,NC_TOMS,R_CIM_NOTIF_TYPE,TYPE_ID,NUMERIC,N,,,N,,,2.0,,Y
NC-TOMS,VHTME_19000_RDB,R_CIM_NOTIF_TYPE,,NAME,VARCHAR2,200.0,,,Y,N,N,,NC_TOMS,R_CIM_NOTIF_TYPE,NAME,STRING,N,,,Y,,,3.0,,Y
NC-TOMS,VHTME_19000_RDB,R_CIM_NOTIF_TYPE,,CREATED_BY,VARCHAR2,4000.0,,,Y,N,N,,NC_TOMS,R_CIM_NOTIF_TYPE,CREATED_BY,STRING,N,,,Y,,,4.0,,Y
NC-TOMS,VHTME_19000_RDB,R_CIM_NOTIF_TYPE,,CREATED_WHEN,DATE,7.0,,,Y,N,N,,NC_TOMS,R_CIM_NOTIF_TYPE,CREATED_WHEN,TIMESTAMP,N,,,N,,,5.0,,Y
NC-TOMS,VHTME_19000_RDB,R_CIM_NOTIF_TYPE,,DESCRIPTION,VARCHAR2,4000.0,,,Y,N,N,,NC_TOMS,R_CIM_NOTIF_TYPE,DESCRIPTION,STRING,N,,,N,,,6.0,,Y
NC-TOMS,VHTME_19000_RDB,R_CIM_NOTIF_TYPE,,MODIFIED_BY,VARCHAR2,4000.0,,,Y,N,N,,NC_TOMS,R_CIM_NOTIF_TYPE,MODIFIED_BY,STRING,N,,,Y,,,7.0,,Y
NC-TOMS,VHTME_19000_RDB,R_CIM_NOTIF_TYPE,,MODIFIED_WHEN,DATE,7.0,,,Y,N,N,,NC_TOMS,R_CIM_NOTIF_TYPE,MODIFIED_WHEN,TIMESTAMP,N,,,N,,,8.0,,Y
NC-TOMS,VHTME_19000_RDB,R_CIM_NOTIF_TYPE,,NOTIFICATION_GROUP,NUMBER,22.0,,20.0,Y,N,N,,NC_TOMS,R_CIM_NOTIF_TYPE,NOTIFICATION_GROUP,NUMERIC,N,,,N,,,9.0,,Y
NC-TOMS,VHTME_19000_RDB,R_CIM_NOTIF_TYPE,,PARENT_ID,NUMBER,22.0,,20.0,Y,N,N,,NC_TOMS,R_CIM_NOTIF_TYPE,PARENT_ID,NUMERIC,N,,,N,,,10.0,,Y
NC-TOMS,VHTME_19000_RDB,R_CIM_NOTIF_TYPE,,,,,,,N,N,N,,NC_TOMS,R_CIM_NOTIF_TYPE,START_OF_VALIDITY,DATE,Y,,,N,,,8500.0,,Y
NC-TOMS,VHTME_19000_RDB,R_CIM_NOTIF_TYPE,,,,,,,N,N,N,,NC_TOMS,R_CIM_NOTIF_TYPE,END_OF_VALIDITY,DATE,N,,,N,,,8600.0,,Y
NC-TOMS,VHTME_19000_RDB,R_CIM_NOTIF_TYPE,,,,,,,N,N,N,,NC_TOMS,R_CIM_NOTIF_TYPE,ACTIVE_FL,STRING,N,,,N,,,8700.0,,Y
NC-TOMS,VHTME_19000_RDB,R_CIM_NOTIF_TYPE,,,,,,,N,N,N,,NC_TOMS,R_CIM_NOTIF_TYPE,TR_FILE_ID,INT64,N,,,N,,,9000.0,,Y
NC-TOMS,VHTME_19000_RDB,R_CIM_NOTIF_TYPE,,,,,,,N,N,N,,NC_TOMS,R_CIM_NOTIF_TYPE,TR_INSERT_DATETIME,TIMESTAMP,N,,,N,,,9100.0,,Y
NC-TOMS,VHTME_19000_RDB,R_CIM_NOTIF_TYPE,,,,,,,N,N,N,,NC_TOMS,R_CIM_NOTIF_TYPE,TR_INSERT_ID,INT64,N,,,N,,,9200.0,,Y
NC-TOMS,VHTME_19000_RDB,R_CIM_NOTIF_TYPE,,,,,,,Y,N,N,,NC_TOMS,R_CIM_NOTIF_TYPE,TR_UPDATE_DATETIME,TIMESTAMP,N,,,N,,,9300.0,,Y
NC-TOMS,VHTME_19000_RDB,R_CIM_NOTIF_TYPE,,,,,,,Y,N,N,,NC_TOMS,R_CIM_NOTIF_TYPE,TR_UPDATE_ID,INT64,N,,,N,,,9400.0,,Y
NC-TOMS,VHTME_19000_RDB,R_CIM_NOTIF_TYPE_RECIP_PR_1,,VALUE,VARCHAR2,200.0,,,Y,N,N,,NC_TOMS,R_CIM_NOTIF_TYPE_RECIP_PR_1,VALUE,STRING,N,,,N,,,3.0,,Y
NC-TOMS,VHTME_19000_RDB,R_CIM_NOTIF_TYPE_RECIP_PR_1,,,,,,,N,N,N,,NC_TOMS,R_CIM_NOTIF_TYPE_RECIP_PR_1,START_OF_VALIDITY,DATE,Y,,,N,,,8500.0,,Y
NC-TOMS,VHTME_19000_RDB,R_CIM_NOTIF_TYPE_RECIP_PR_1,,,,,,,N,N,N,,NC_TOMS,R_CIM_NOTIF_TYPE_RECIP_PR_1,END_OF_VALIDITY,DATE,N,,,N,,,8600.0,,Y
NC-TOMS,VHTME_19000_RDB,R_CIM_NOTIF_TYPE_RECIP_PR_1,,,,,,,N,N,N,,NC_TOMS,R_CIM_NOTIF_TYPE_RECIP_PR_1,ACTIVE_FL,STRING,N,,,N,,,8700.0,,Y
NC-TOMS,VHTME_19000_RDB,R_CIM_NOTIF_TYPE_RECIP_PR_1,,,,,,,N,N,N,,NC_TOMS,R_CIM_NOTIF_TYPE_RECIP_PR_1,TR_FILE_ID,INT64,N,,,N,,,9000.0,,Y
NC-TOMS,VHTME_19000_RDB,R_CIM_NOTIF_TYPE_RECIP_PR_1,,,,,,,N,N,N,,NC_TOMS,R_CIM_NOTIF_TYPE_RECIP_PR_1,TR_INSERT_DATETIME,TIMESTAMP,N,,,N,,,9100.0,,Y
NC-TOMS,VHTME_19000_RDB,R_CIM_NOTIF_TYPE_RECIP_PR_1,,,,,,,N,N,N,,NC_TOMS,R_CIM_NOTIF_TYPE_RECIP_PR_1,TR_INSERT_ID,INT64,N,,,N,,,9200.0,,Y
NC-TOMS,VHTME_19000_RDB,R_CIM_NOTIF_TYPE_RECIP_PR_1,,,,,,,Y,N,N,,NC_TOMS,R_CIM_NOTIF_TYPE_RECIP_PR_1,TR_UPDATE_DATETIME,TIMESTAMP,N,,,N,,,9300.0,,Y
NC-TOMS,VHTME_19000_RDB,R_CIM_NOTIF_TYPE_RECIP_PR_1,,,,,,,Y,N,N,,NC_TOMS,R_CIM_NOTIF_TYPE_RECIP_PR_1,TR_UPDATE_ID,INT64,N,,,N,,,9400.0,,Y
NC-TOMS,VHTME_19000_RDB,R_CM_COMMERCIAL_AGRMT_S_ORDER,,VALUE,NUMBER,22.0,,20.0,Y,N,N,,NC_TOMS,R_CM_COMMERCIAL_AGRMT_S_ORDER,VALUE,NUMERIC,N,,,N,,,3.0,,Y
NC-TOMS,VHTME_19000_RDB,R_CM_COMMERCIAL_AGRMT_S_ORDER,,SOURCE_ROWID,ROWID,10.0,,,Y,N,Y,,NC_TOMS,R_CM_COMMERCIAL_AGRMT_S_ORDER,SOURCE_ROWID,STRING,N,,,N,,,4.0,,Y
NC-TOMS,VHTME_19000_RDB,R_CM_COMMERCIAL_AGRMT_S_ORDER,,,,,,,N,N,N,,NC_TOMS,R_CM_COMMERCIAL_AGRMT_S_ORDER,START_OF_VALIDITY,DATE,Y,,,N,,,8500.0,,Y
NC-TOMS,VHTME_19000_RDB,R_CM_COMMERCIAL_AGRMT_S_ORDER,,,,,,,N,N,N,,NC_TOMS,R_CM_COMMERCIAL_AGRMT_S_ORDER,END_OF_VALIDITY,DATE,N,,,N,,,8600.0,,Y
NC-TOMS,VHTME_19000_RDB,R_CM_COMMERCIAL_AGRMT_S_ORDER,,,,,,,N,N,N,,NC_TOMS,R_CM_COMMERCIAL_AGRMT_S_ORDER,ACTIVE_FL,STRING,N,,,N,,,8700.0,,Y
NC-TOMS,VHTME_19000_RDB,R_CM_COMMERCIAL_AGRMT_S_ORDER,,,,,,,N,N,N,,NC_TOMS,R_CM_COMMERCIAL_AGRMT_S_ORDER,TR_FILE_ID,INT64,N,,,N,,,9000.0,,Y
NC-TOMS,VHTME_19000_RDB,R_CM_COMMERCIAL_AGRMT_S_ORDER,,,,,,,N,N,N,,NC_TOMS,R_CM_COMMERCIAL_AGRMT_S_ORDER,TR_INSERT_DATETIME,TIMESTAMP,N,,,N,,,9100.0,,Y
NC-TOMS,VHTME_19000_RDB,R_CM_COMMERCIAL_AGRMT_S_ORDER,,,,,,,N,N,N,,NC_TOMS,R_CM_COMMERCIAL_AGRMT_S_ORDER,TR_INSERT_ID,INT64,N,,,N,,,9200.0,,Y
NC-TOMS,VHTME_19000_RDB,R_CM_COMMERCIAL_AGRMT_S_ORDER,,,,,,,Y,N,N,,NC_TOMS,R_CM_COMMERCIAL_AGRMT_S_ORDER,TR_UPDATE_DATETIME,TIMESTAMP,N,,,N,,,9300.0,,Y
NC-TOMS,VHTME_19000_RDB,R_CM_COMMERCIAL_AGRMT_S_ORDER,,,,,,,Y,N,N,,NC_TOMS,R_CM_COMMERCIAL_AGRMT_S_ORDER,TR_UPDATE_ID,INT64,N,,,N,,,9400.0,,Y
NC-TOMS,VHTME_19000_RDB,R_CIM_CUST_INTERACT_TICKETS,,OBJECT_ID,NUMBER,22.0,,,Y,N,N,,NC_TOMS,R_CIM_CUST_INTERACT_TICKETS,OBJECT_ID,NUMERIC,N,,,,,,,,
NC-TOMS,VHTME_19000_RDB,R_CIM_CUST_INTERACT_TICKETS,,VALUE,NUMBER,22.0,,,Y,N,N,,NC_TOMS,R_CIM_CUST_INTERACT_TICKETS,VALUE,NUMERIC,N,,,,,,,,
NC-TOMS,VHTME_19000_RDB,R_CIM_CUST_INTERACT_TICKETS,,SHOW_ORDER,NUMBER,22.0,,,Y,N,N,,NC_TOMS,R_CIM_CUST_INTERACT_TICKETS,SHOW_ORDER,NUMERIC,N,,,,,,,,
NC-TOMS,VHTME_19000_RDB,R_CIM_CUST_INTERACT_TICKETS,,SOURCE_ROWID,ROWID,10.0,,,Y,N,N,,NC_TOMS,R_CIM_CUST_INTERACT_TICKETS,SOURCE_ROWID,STRING,N,,,,,,,,
NC-TOMS,VHTME_19000_RDB,R_CIM_CUST_INTERACT_TICKETS,,,,,,,N,N,N,,NC_TOMS,R_CIM_CUST_INTERACT_TICKETS,TR_FILE_ID,INT64,N,,,,,,,,
NC-TOMS,VHTME_19000_RDB,R_CIM_CUST_INTERACT_TICKETS,,,,,,,N,N,N,,NC_TOMS,R_CIM_CUST_INTERACT_TICKETS,TR_INSERT_DATETIME,TIMESTAMP,N,,,,,,,,
NC-TOMS,VHTME_19000_RDB,R_CIM_CUST_INTERACT_TICKETS,,,,,,,N,N,N,,NC_TOMS,R_CIM_CUST_INTERACT_TICKETS,TR_INSERT_ID,INT64,N,,,,,,,,
NC-TOMS,VHTME_19000_RDB,R_CIM_CUST_INTERACT_TICKETS,,,,,,,Y,N,N,,NC_TOMS,R_CIM_CUST_INTERACT_TICKETS,TR_UPDATE_DATETIME,TIMESTAMP,N,,,,,,,,
NC-TOMS,VHTME_19000_RDB,R_CIM_CUST_INTERACT_TICKETS,,,,,,,Y,N,N,,NC_TOMS,R_CIM_CUST_INTERACT_TICKETS,TR_UPDATE_ID,INT64,N,,,,,,,,
