OWNER,SOURCE_SCHEMA,SOURCE_DB,TABLE_NAME,TABLE_DESCRIPTION,COLUMN_NAME,DATA_TYPE,DATA_LENGTH,DATA_SCALE,DATA_PRECISION,NULLABLE,SOURCE_PRIMARY_KEY,INDEX_KEY,SOURCE_PARTITION,TARGET_DATASET_NAME,TARGET_TABLE_NAME,TARGET_COLUMN_NAME,TARGET_DATA_TYPE,TARGET_PRIMARY_KEY,TARGET_PARTITION,DESCRIPTION,PII,ANONYMIZATION RULE,ATTRIBUTE ID,PII Type,PII categorisation,COLID
KOZOS,WIZARD,W7REP,AMDOCS_MOVEIN,,AMDOCS_CUST_ID,NUMBER,,,,Y,N,N,,WIZARD_KOZOS,AMDOCS_MOVEIN,AMDOCS_CUST_ID,INT64,N,,,,,,,,1
KOZOS,WIZARD,W7REP,AMDOCS_MOVEIN,,SUBSCR_ID,NUMBER,,,,Y,N,N,,WIZARD_KOZOS,AMDOCS_MOVEIN,SUBSCR_ID,INT64,N,,,,,,,,1
KOZOS,WIZARD,W7REP,AMDOCS_MOVEIN,,MATCH_TYPE,VARCHAR2,,,,Y,N,N,,WIZARD_KOZOS,AMDOCS_MOVEIN,MATCH_TYPE,STRING,N,,,,,,,,1
KOZOS,WIZARD,W7REP,AMDOCS_MOVEIN,,HHM_HP_ID,NUMBER,,,,Y,N,N,,WIZARD_KOZOS,AMDOCS_MOVEIN,HHM_HP_ID,INT64,N,,,,,,,,1
KOZOS,WIZARD,W7REP,AMDOCS_MOVEIN,,HHM_BUILDING_ID,NUMBER,,,,Y,N,N,,WIZARD_KOZOS,AMDOCS_MOVEIN,HHM_BUILDING_ID,INT64,N,,,,,,,,1
KOZOS,WIZARD,W7REP,AMDOCS_MOVEIN,,SZUSZAK,NUMBER,,,,Y,N,N,,WIZARD_KOZOS,AMDOCS_MOVEIN,SZUSZAK,INT64,N,,,,,,,,1
KOZOS,WIZARD,W7REP,AMDOCS_MOVEIN,,MOVE_IN_TYPE,VARCHAR2,,,,Y,N,N,,WIZARD_KOZOS,AMDOCS_MOVEIN,MOVE_IN_TYPE,STRING,N,,,,,,,,1
KOZOS,WIZARD,W7REP,AMDOCS_MOVEIN,,,,,,,N,N,N,,WIZARD_KOZOS,AMDOCS_MOVEIN,TR_FILE_ID,INT64,N,,,N,,,,,1000
KOZOS,WIZARD,W7REP,AMDOCS_MOVEIN,,,,,,,N,N,N,,WIZARD_KOZOS,AMDOCS_MOVEIN,TR_INSERT_DATETIME,DATE,N,,,N,,,,,1001
KOZOS,WIZARD,W7REP,AMDOCS_MOVEIN,,,,,,,N,N,N,,WIZARD_KOZOS,AMDOCS_MOVEIN,TR_INSERT_ID,INT64,N,,,N,,,,,1003
KOZOS,WIZARD,W7REP,AMDOCS_MOVEIN,,,,,,,Y,N,N,,WIZARD_KOZOS,AMDOCS_MOVEIN,TR_UPDATE_DATETIME,DATE,N,,,N,,,,,1005
KOZOS,WIZARD,W7REP,AMDOCS_MOVEIN,,,,,,,Y,N,N,,WIZARD_KOZOS,AMDOCS_MOVEIN,TR_UPDATE_ID,INT64,N,,,N,,,,,1008
CCSS,CCSS,CCSS10F1,CONTACT_CONTACT,,SUB_CONTACT_EXISTED,NUMBER,22,0.0,1.0,Y,N,N,,CCSS,CONTACT_CONTACT,SUB_CONTACT_EXISTED,INT64,N,,,N,,,,,1
CCSS,CCSS,CCSS10F1,CONTACT_CONTACT,,CONTACT_ID,NUMBER,22,0.0,20.0,N,Y,Y,,CCSS,CONTACT_CONTACT,CONTACT_ID,NUMERIC,Y,,,Y,,,,,1
CCSS,CCSS,CCSS10F1,CONTACT_CONTACT,,MAIN_FLAG,NUMBER,22,0.0,2.0,Y,N,N,,CCSS,CONTACT_CONTACT,MAIN_FLAG,INT64,N,,,N,,,,,1
CCSS,CCSS,CCSS10F1,CONTACT_CONTACT,,USER_ID,NUMBER,22,0.0,8.0,Y,N,N,,CCSS,CONTACT_CONTACT,USER_ID,INT64,N,,,Y,,,contact,id,1
CCSS,CCSS,CCSS10F1,CONTACT_CONTACT,,CONTACT_ID_SUB,NUMBER,22,0.0,20.0,N,Y,Y,,CCSS,CONTACT_CONTACT,CONTACT_ID_SUB,NUMERIC,Y,,,Y,,,,,1
CCSS,CCSS,CCSS10F1,CONTACT_CONTACT,,,,,,,N,N,N,,CCSS,CONTACT_CONTACT,TR_FILE_ID,INT64,N,,,N,,,,,1000
CCSS,CCSS,CCSS10F1,CONTACT_CONTACT,,,,,,,N,N,N,,CCSS,CONTACT_CONTACT,TR_INSERT_DATETIME,DATE,N,,,N,,,,,1001
CCSS,CCSS,CCSS10F1,CONTACT_CONTACT,,,,,,,N,N,N,,CCSS,CONTACT_CONTACT,TR_INSERT_ID,INT64,N,,,N,,,,,1003
CCSS,CCSS,CCSS10F1,CONTACT_CONTACT,,,,,,,Y,N,N,,CCSS,CONTACT_CONTACT,TR_UPDATE_DATETIME,DATE,N,,,N,,,,,1005
CCSS,CCSS,CCSS10F1,CONTACT_CONTACT,,,,,,,Y,N,N,,CCSS,CONTACT_CONTACT,TR_UPDATE_ID,INT64,N,,,N,,,,,1008
CPE_ADMIN,CPE11.UPC.HU,CPE11F2,CPE_EQUIP_PRODUCT_MV,,PRODUCT_CODE,VARCHAR2,3,,,Y,Y,N,,CPE_ADMIN,CPE_EQUIP_PRODUCT_MV,PRODUCT_CODE,STRING,Y,,,N,,,,,1
CPE_ADMIN,CPE11.UPC.HU,CPE11F2,CPE_EQUIP_PRODUCT_MV,,EQUIP_TYPE,VARCHAR2,30,,,N,N,N,,CPE_ADMIN,CPE_EQUIP_PRODUCT_MV,EQUIP_TYPE,STRING,N,,,N,,,subscription,asset,1
CPE_ADMIN,CPE11.UPC.HU,CPE11F2,CPE_EQUIP_PRODUCT_MV,,EQUIP_DESCRIPTION,VARCHAR2,30,,,Y,N,N,,CPE_ADMIN,CPE_EQUIP_PRODUCT_MV,EQUIP_DESCRIPTION,STRING,N,,,N,,,,,1
CPE_ADMIN,CPE11.UPC.HU,CPE11F2,CPE_EQUIP_PRODUCT_MV,,PRIORITY,NUMBER,22,,,N,N,N,,CPE_ADMIN,CPE_EQUIP_PRODUCT_MV,PRIORITY,INT64,N,,,N,,,,,1
CPE_ADMIN,CPE11.UPC.HU,CPE11F3,CPE_EQUIP_PRODUCT_MV,,,,,,,Y,N,N,,CPE_ADMIN,CPE_EQUIP_PRODUCT_MV,EFFECTIVE_LOAD_DATE,DATE,N,,,N,,,,,800
CPE_ADMIN,CPE11.UPC.HU,CPE11F2,CPE_EQUIP_PRODUCT_MV,,,,,,,N,N,N,,CPE_ADMIN,CPE_EQUIP_PRODUCT_MV,TR_FILE_ID,INT64,N,,,N,,,,,1000
CPE_ADMIN,CPE11.UPC.HU,CPE11F2,CPE_EQUIP_PRODUCT_MV,,,,,,,N,N,N,,CPE_ADMIN,CPE_EQUIP_PRODUCT_MV,TR_INSERT_DATETIME,DATE,N,,,N,,,,,1001
CPE_ADMIN,CPE11.UPC.HU,CPE11F2,CPE_EQUIP_PRODUCT_MV,,,,,,,N,N,N,,CPE_ADMIN,CPE_EQUIP_PRODUCT_MV,TR_INSERT_ID,INT64,N,,,N,,,,,1003
CPE_ADMIN,CPE11.UPC.HU,CPE11F2,CPE_EQUIP_PRODUCT_MV,,,,,,,Y,N,N,,CPE_ADMIN,CPE_EQUIP_PRODUCT_MV,TR_UPDATE_DATETIME,DATE,N,,,N,,,,,1005
CPE_ADMIN,CPE11.UPC.HU,CPE11F2,CPE_EQUIP_PRODUCT_MV,,,,,,,Y,N,N,,CPE_ADMIN,CPE_EQUIP_PRODUCT_MV,TR_UPDATE_ID,INT64,N,,,N,,,,,1008
KOZOS_MARK,WIZARD,W7REP,CUST_DEMOGRAPH_INFO_HIST,,ID,NUMBER,22,,,N,Y,N,,WIZARD_KOZOS_MARK,CUST_DEMOGRAPH_INFO_HIST,ID,INT64,Y,,,,,,,,1
KOZOS_MARK,WIZARD,W7REP,CUST_DEMOGRAPH_INFO_HIST,,ACCOUNT_NUMBER,NUMBER,22,0.0,10.0,N,N,N,,WIZARD_KOZOS_MARK,CUST_DEMOGRAPH_INFO_HIST,ACCOUNT_NUMBER,INT64,N,,,,,,,,1
KOZOS_MARK,WIZARD,W7REP,CUST_DEMOGRAPH_INFO_HIST,,DEMOGRAPH_CODE,CHAR,3,,,Y,N,N,,WIZARD_KOZOS_MARK,CUST_DEMOGRAPH_INFO_HIST,DEMOGRAPH_CODE,STRING,N,,,,,,,,1
KOZOS_MARK,WIZARD,W7REP,CUST_DEMOGRAPH_INFO_HIST,,DEMOGRAPH_VALUE,CHAR,3,,,Y,N,N,,WIZARD_KOZOS_MARK,CUST_DEMOGRAPH_INFO_HIST,DEMOGRAPH_VALUE,STRING,N,,,,,,,,1
KOZOS_MARK,WIZARD,W7REP,CUST_DEMOGRAPH_INFO_HIST,,R_OPEN,DATE,7,,,Y,N,N,,WIZARD_KOZOS_MARK,CUST_DEMOGRAPH_INFO_HIST,R_OPEN,TIMESTAMP,N,,,,,,,,1
KOZOS_MARK,WIZARD,W7REP,CUST_DEMOGRAPH_INFO_HIST,,R_CLOSE,DATE,7,,,Y,N,N,,WIZARD_KOZOS_MARK,CUST_DEMOGRAPH_INFO_HIST,R_CLOSE,DATE,N,,,,,,,,1
KOZOS_MARK,WIZARD,W7REP,CUST_DEMOGRAPH_INFO_HIST,,CREATE_DATE,DATE,7,,,Y,N,N,,WIZARD_KOZOS_MARK,CUST_DEMOGRAPH_INFO_HIST,CREATE_DATE,TIMESTAMP,N,,,,,,,,1
KOZOS_MARK,WIZARD,W7REP,CUST_DEMOGRAPH_INFO_HIST,,DEL_DATE,DATE,7,,,Y,N,N,,WIZARD_KOZOS_MARK,CUST_DEMOGRAPH_INFO_HIST,DEL_DATE,DATE,N,,,,,,,,1
KOZOS_MARK,WIZARD,W7REP,CUST_DEMOGRAPH_INFO_HIST,,HIST,NUMBER,22,,,Y,N,N,,WIZARD_KOZOS_MARK,CUST_DEMOGRAPH_INFO_HIST,HIST,INT64,N,,,,,,,,1
KOZOS_MARK,WIZARD,W7REP,CUST_DEMOGRAPH_INFO_HIST,,,,,,,N ,N,N,,WIZARD_KOZOS_MARK,CUST_DEMOGRAPH_INFO_HIST,TR_FILE_ID,INT64,N,,,N,,,,,1000
KOZOS_MARK,WIZARD,W7REP,CUST_DEMOGRAPH_INFO_HIST,,,,,,,N ,N,N,,WIZARD_KOZOS_MARK,CUST_DEMOGRAPH_INFO_HIST,TR_INSERT_DATETIME,DATE,N,,,N,,,,,1001
KOZOS_MARK,WIZARD,W7REP,CUST_DEMOGRAPH_INFO_HIST,,,,,,,N ,N,N,,WIZARD_KOZOS_MARK,CUST_DEMOGRAPH_INFO_HIST,TR_INSERT_ID,INT64,N,,,N,,,,,1003
KOZOS_MARK,WIZARD,W7REP,CUST_DEMOGRAPH_INFO_HIST,,,,,,,Y,N,N,,WIZARD_KOZOS_MARK,CUST_DEMOGRAPH_INFO_HIST,TR_UPDATE_DATETIME,DATE,N,,,N,,,,,1005
KOZOS_MARK,WIZARD,W7REP,CUST_DEMOGRAPH_INFO_HIST,,,,,,,Y,N,N,,WIZARD_KOZOS_MARK,CUST_DEMOGRAPH_INFO_HIST,TR_UPDATE_ID,INT64,N,,,N,,,,,1008
CCSS,WIZARD,WIZARD,CUSTOMER,,E_MAIL,VARCHAR2,50,,,Y,N,N,,CCSS,CUSTOMER,E_MAIL,STRING,N,,,,,,,,1
CCSS,WIZARD,WIZARD,CUSTOMER,,CUSTOMER_ID_OTHERSYSTEM_NUM_3,NUMBER,22,,12.0,Y,N,Y,,CCSS,CUSTOMER,CUSTOMER_ID_OTHERSYSTEM_NUM_3,INT64,N,,,,,,,,1
CCSS,WIZARD,WIZARD,CUSTOMER,,CUSTOMER_ID_OTHERSYSTEM_3,VARCHAR2,20,,,Y,N,Y,,CCSS,CUSTOMER,CUSTOMER_ID_OTHERSYSTEM_3,STRING,N,,,,,,,,1
CCSS,WIZARD,WIZARD,CUSTOMER,,CUSTOMER_ID_OTHERSYSTEM_NUM_2,NUMBER,22,,12.0,Y,N,N,,CCSS,CUSTOMER,CUSTOMER_ID_OTHERSYSTEM_NUM_2,INT64,N,,,,,,,,1
CCSS,WIZARD,WIZARD,CUSTOMER,,CUSTOMER_ID_OTHERSYSTEM_2,VARCHAR2,20,,,Y,N,N,,CCSS,CUSTOMER,CUSTOMER_ID_OTHERSYSTEM_2,STRING,N,,,,,,,,1
CCSS,WIZARD,WIZARD,CUSTOMER,,CUSTOMER_ID_OTHERSYSTEM_NUM,NUMBER,22,,8.0,Y,N,N,,CCSS,CUSTOMER,CUSTOMER_ID_OTHERSYSTEM_NUM,INT64,N,,,,,,,,1
CCSS,WIZARD,WIZARD,CUSTOMER,,CUSTOMER_ID_OTHERSYSTEM,VARCHAR2,20,,,Y,N,N,,CCSS,CUSTOMER,CUSTOMER_ID_OTHERSYSTEM,STRING,N,,,,,,,,1
CCSS,WIZARD,WIZARD,CUSTOMER,,DB_TYPE,CHAR,1,,,Y,N,Y,,CCSS,CUSTOMER,DB_TYPE,STRING,N,,,,,,,,1
CCSS,WIZARD,WIZARD,CUSTOMER,,SERVICE_ADDRESS_ID,NUMBER,22,,10.0,Y,N,N,,CCSS,CUSTOMER,SERVICE_ADDRESS_ID,INT64,N,,,,,,,,1
CCSS,WIZARD,WIZARD,CUSTOMER,,ACCOUNT_NUMBER,NUMBER,22,,10.0,Y,N,Y,,CCSS,CUSTOMER,ACCOUNT_NUMBER,INT64,N,,,,,,,,1
CCSS,WIZARD,WIZARD,CUSTOMER,,CUSTOMER_ID,NUMBER,22,,10.0,N,Y,Y,,CCSS,CUSTOMER,CUSTOMER_ID,INT64,Y,,,,,,,,1
CCSS,WIZARD,WIZARD,CUSTOMER,,REGISTRATION_DATE,DATE,7,,,Y,N,N,,CCSS,CUSTOMER,REGISTRATION_DATE,DATE,N,,,,,,,,1
CCSS,WIZARD,WIZARD,CUSTOMER,,REGISTRATION_NUMBER,VARCHAR2,50,,,Y,N,N,,CCSS,CUSTOMER,REGISTRATION_NUMBER,STRING,N,,,,,,,,1
CCSS,WIZARD,WIZARD,CUSTOMER,,DROPDOWN3,VARCHAR2,255,,,Y,N,N,,CCSS,CUSTOMER,DROPDOWN3,STRING,N,,,,,,,,1
CCSS,WIZARD,WIZARD,CUSTOMER,,DROPDOWN2,VARCHAR2,255,,,Y,N,N,,CCSS,CUSTOMER,DROPDOWN2,STRING,N,,,,,,,,1
CCSS,WIZARD,WIZARD,CUSTOMER,,DROPDOWN1,VARCHAR2,255,,,Y,N,N,,CCSS,CUSTOMER,DROPDOWN1,STRING,N,,,,,,,,1
CCSS,WIZARD,WIZARD,CUSTOMER,,MOTHER_NAME,VARCHAR2,255,,,Y,N,N,,CCSS,CUSTOMER,MOTHER_NAME,STRING,N,,,,,,,,1
CCSS,WIZARD,WIZARD,CUSTOMER,,PRIORITY,NUMBER,22,,8.0,Y,N,N,,CCSS,CUSTOMER,PRIORITY,INT64,N,,,,,,,,1
CCSS,WIZARD,WIZARD,CUSTOMER,,POST_NAME_ID,NUMBER,22,,8.0,Y,N,N,,CCSS,CUSTOMER,POST_NAME_ID,INT64,N,,,,,,,,1
CCSS,WIZARD,WIZARD,CUSTOMER,,BANK_NO,VARCHAR2,50,,,Y,N,N,,CCSS,CUSTOMER,BANK_NO,STRING,N,,,,,,,,1
CCSS,WIZARD,WIZARD,CUSTOMER,,CUSTOMER_DB_ID,NUMBER,22,,8.0,Y,N,N,,CCSS,CUSTOMER,CUSTOMER_DB_ID,INT64,N,,,,,,,,1
CCSS,WIZARD,WIZARD,CUSTOMER,,TAX_NO,VARCHAR2,20,,,Y,N,N,,CCSS,CUSTOMER,TAX_NO,STRING,N,,,,,,,,1
CCSS,WIZARD,WIZARD,CUSTOMER,,CUSTOMER_REMARK,VARCHAR2,2000,,,Y,N,N,,CCSS,CUSTOMER,CUSTOMER_REMARK,STRING,N,,,,,,,,1
CCSS,WIZARD,WIZARD,CUSTOMER,,FAX,VARCHAR2,20,,,Y,N,N,,CCSS,CUSTOMER,FAX,STRING,N,,,,,,,,1
CCSS,WIZARD,WIZARD,CUSTOMER,,OTHER_PHONE,VARCHAR2,20,,,Y,N,N,,CCSS,CUSTOMER,OTHER_PHONE,STRING,N,,,,,,,,1
CCSS,WIZARD,WIZARD,CUSTOMER,,DEFAULT_PHONE,VARCHAR2,20,,,Y,N,N,,CCSS,CUSTOMER,DEFAULT_PHONE,STRING,N,,,,,,,,1
CCSS,WIZARD,WIZARD,CUSTOMER,,POST_ADDRESS_ID,NUMBER,22,,8.0,Y,N,N,,CCSS,CUSTOMER,POST_ADDRESS_ID,INT64,N,,,,,,,,1
CCSS,WIZARD,WIZARD,CUSTOMER,,ADDRESS_ID,NUMBER,22,,8.0,Y,N,N,,CCSS,CUSTOMER,ADDRESS_ID,INT64,N,,,,,,,,1
CCSS,WIZARD,WIZARD,CUSTOMER,,NAME_ID,NUMBER,22,,8.0,Y,N,N,,CCSS,CUSTOMER,NAME_ID,INT64,N,,,,,,,,1
CCSS,WIZARD,WIZARD,CUSTOMER,,ACTIVE,NUMBER,22,,1.0,Y,N,Y,,CCSS,CUSTOMER,ACTIVE,INT64,N,,,,,,,,1
CCSS,WIZARD,WIZARD,CUSTOMER,,BUSINESS_FLAG,VARCHAR2,1,,,Y,N,N,,CCSS,CUSTOMER,BUSINESS_FLAG,STRING,N,,,,,,,,1
CCSS,WIZARD,WIZARD,CUSTOMER,,CUSTOMER_TYPE_ID,NUMBER,22,,8.0,Y,N,Y,,CCSS,CUSTOMER,CUSTOMER_TYPE_ID,INT64,N,,,,,,,,1
CCSS,WIZARD,WIZARD,CUSTOMER,,ACCOUNT_OWNER_ID,NUMBER,22,,8.0,Y,N,N,,CCSS,CUSTOMER,ACCOUNT_OWNER_ID,INT64,N,,,,,,,,1
CCSS,WIZARD,WIZARD,CUSTOMER,,ORG_ID,NUMBER,22,,8.0,Y,N,N,,CCSS,CUSTOMER,ORG_ID,INT64,N,,,,,,,,1
CCSS,WIZARD,WIZARD,CUSTOMER,,,,,,,Y,N,N,,CCSS,CUSTOMER,TR_UPDATE_ID,INT64,N,,,,,,,,1
CCSS,WIZARD,WIZARD,CUSTOMER,,,,,,,Y,N,N,,CCSS,CUSTOMER,TR_UPDATE_DATETIME,TIMESTAMP,N,,,,,,,,1
CCSS,WIZARD,WIZARD,CUSTOMER,,,,,,,N,N,N,,CCSS,CUSTOMER,TR_FILE_ID,INT64,N,,,N,,,,,1000
CCSS,WIZARD,WIZARD,CUSTOMER,,,,,,,N ,N,N,,CCSS,CUSTOMER,TR_INSERT_DATETIME,TIMESTAMP,N,,,N,,,,,1001
CCSS,WIZARD,WIZARD,CUSTOMER,,,,,,,N ,N,N,,CCSS,CUSTOMER,TR_INSERT_ID,INT64,N,,,N,,,,,1003
CPE_ADMIN,CPE11.UPC.HU,CPE11F2,EQUIP_TYPE_GROUP,,EQUIP_TYPE_CATEGORY,VARCHAR2,30,,,N,Y,Y,,CPE_ADMIN,EQUIP_TYPE_GROUP,EQUIP_TYPE_CATEGORY,STRING,Y,,,N,,,,,1
CPE_ADMIN,CPE11.UPC.HU,CPE11F2,EQUIP_TYPE_GROUP,,EQUIP_TYPE_GROUP_PRIORITY,NUMBER,22,0.0,5.0,N,N,N,,CPE_ADMIN,EQUIP_TYPE_GROUP,EQUIP_TYPE_GROUP_PRIORITY,INT64,N,,,N,,,,,1
CPE_ADMIN,CPE11.UPC.HU,CPE11F2,EQUIP_TYPE_GROUP,,REC_DATE,DATE,7,,,N,N,N,,CPE_ADMIN,EQUIP_TYPE_GROUP,REC_DATE,TIMESTAMP,N,,,N,,,,,1
CPE_ADMIN,CPE11.UPC.HU,CPE11F2,EQUIP_TYPE_GROUP,,ACTIVE,NUMBER,22,0.0,2.0,N,N,N,,CPE_ADMIN,EQUIP_TYPE_GROUP,ACTIVE,INT64,N,,,N,,,,,1
CPE_ADMIN,CPE11.UPC.HU,CPE11F2,EQUIP_TYPE_GROUP,,REC_USER_ID,NUMBER,22,0.0,10.0,N,N,N,,CPE_ADMIN,EQUIP_TYPE_GROUP,REC_USER_ID,INT64,N,,,N,,,,,1
CPE_ADMIN,CPE11.UPC.HU,CPE11F2,EQUIP_TYPE_GROUP,,EQUIP_TYPE_GROUP_DESCR,VARCHAR2,200,,,Y,N,N,,CPE_ADMIN,EQUIP_TYPE_GROUP,EQUIP_TYPE_GROUP_DESCR,STRING,N,,,N,,,,,1
CPE_ADMIN,CPE11.UPC.HU,CPE11F2,EQUIP_TYPE_GROUP,,EQUIP_TYPE_GROUP_CODE,VARCHAR2,50,,,N,Y,Y,,CPE_ADMIN,EQUIP_TYPE_GROUP,EQUIP_TYPE_GROUP_CODE,STRING,Y,,,N,,,,,1
CPE_ADMIN,CPE11.UPC.HU,CPE11F2,EQUIP_TYPE_GROUP,,,,,,,N,N,N,,CPE_ADMIN,EQUIP_TYPE_GROUP,TR_FILE_ID,INT64,N,,,N,,,,,1000
CPE_ADMIN,CPE11.UPC.HU,CPE11F2,EQUIP_TYPE_GROUP,,,,,,,N,N,N,,CPE_ADMIN,EQUIP_TYPE_GROUP,TR_INSERT_DATETIME,DATE,N,,,N,,,,,1001
CPE_ADMIN,CPE11.UPC.HU,CPE11F2,EQUIP_TYPE_GROUP,,,,,,,N,N,N,,CPE_ADMIN,EQUIP_TYPE_GROUP,TR_INSERT_ID,INT64,N,,,N,,,,,1003
CPE_ADMIN,CPE11.UPC.HU,CPE11F2,EQUIP_TYPE_GROUP,,,,,,,Y,N,N,,CPE_ADMIN,EQUIP_TYPE_GROUP,TR_UPDATE_DATETIME,DATE,N,,,N,,,,,1005
CPE_ADMIN,CPE11.UPC.HU,CPE11F2,EQUIP_TYPE_GROUP,,,,,,,Y,N,N,,CPE_ADMIN,EQUIP_TYPE_GROUP,TR_UPDATE_ID,INT64,N,,,N,,,,,1008
KOZOS,WIZARD,W7REP,HHM_AREA_TYPES,,AREA_BUILDING_ID,NUMBER,22,0.0,10.0,Y,Y,N,,WIZARD_KOZOS,HHM_AREA_TYPES,AREA_BUILDING_ID,INT64,Y,,,,,,,,1
KOZOS,WIZARD,W7REP,HHM_AREA_TYPES,,AREA_TYPE,VARCHAR2,64,,,Y,N,N,,WIZARD_KOZOS,HHM_AREA_TYPES,AREA_TYPE,STRING,N,,,,,,,,1
KOZOS,WIZARD,W7REP,HHM_AREA_TYPES,,ADDRESS_ID,NUMBER,22,0.0,18.0,Y,N,N,,WIZARD_KOZOS,HHM_AREA_TYPES,ADDRESS_ID,NUMERIC,N,,,,,,,,1
KOZOS,WIZARD,W7REP,HHM_AREA_TYPES,,GEOX_BUILDING,VARCHAR2,255,,,Y,N,N,,WIZARD_KOZOS,HHM_AREA_TYPES,GEOX_BUILDING,STRING,N,,,,,,,,1
KOZOS,WIZARD,W7REP,HHM_AREA_TYPES,,KEKKH_BUILDING,VARCHAR2,255,,,Y,N,N,,WIZARD_KOZOS,HHM_AREA_TYPES,KEKKH_BUILDING,STRING,N,,,,,,,,1
KOZOS,WIZARD,W7REP,HHM_AREA_TYPES,,W_BUILDING_ID_COUNT,NUMBER,22,,,Y,N,N,,WIZARD_KOZOS,HHM_AREA_TYPES,W_BUILDING_ID_COUNT,INT64,N,,,,,,,,1
KOZOS,WIZARD,W7REP,HHM_AREA_TYPES,,KEY_ADDRESS_2,VARCHAR2,255,,,Y,N,N,,WIZARD_KOZOS,HHM_AREA_TYPES,KEY_ADDRESS_2,STRING,N,,,,,,,,1
KOZOS,WIZARD,W7REP,HHM_AREA_TYPES,,JARAS,VARCHAR2,96,,,Y,N,N,,WIZARD_KOZOS,HHM_AREA_TYPES,JARAS,STRING,N,,,,,,,,1
KOZOS,WIZARD,W7REP,HHM_AREA_TYPES,,KEKKH_BUILDING_ID,NUMBER,22,0.0,18.0,Y,N,N,,WIZARD_KOZOS,HHM_AREA_TYPES,KEKKH_BUILDING_ID,NUMERIC,N,,,,,,,,1
KOZOS,WIZARD,W7REP,HHM_AREA_TYPES,,FLOOR_COUNT,NUMBER,22,0.0,10.0,Y,N,N,,WIZARD_KOZOS,HHM_AREA_TYPES,FLOOR_COUNT,INT64,N,,,,,,,,1
KOZOS,WIZARD,W7REP,HHM_AREA_TYPES,,W_PENETRATED_HP,NUMBER,22,,,Y,N,N,,WIZARD_KOZOS,HHM_AREA_TYPES,W_PENETRATED_HP,INT64,N,,,,,,,,1
KOZOS,WIZARD,W7REP,HHM_AREA_TYPES,,OLD_PICASSO,NUMBER,22,0.0,10.0,Y,N,N,,WIZARD_KOZOS,HHM_AREA_TYPES,OLD_PICASSO,INT64,N,,,,,,,,1
KOZOS,WIZARD,W7REP,HHM_AREA_TYPES,,CITY,VARCHAR2,255,,,Y,N,N,,WIZARD_KOZOS,HHM_AREA_TYPES,CITY,STRING,N,,,,,,,,1
KOZOS,WIZARD,W7REP,HHM_AREA_TYPES,,TOTAL_DOOR_FROM_MAXCOUNT,NUMBER,22,0.0,10.0,Y,N,N,,WIZARD_KOZOS,HHM_AREA_TYPES,TOTAL_DOOR_FROM_MAXCOUNT,INT64,N,,,,,,,,1
KOZOS,WIZARD,W7REP,HHM_AREA_TYPES,,W_HP_COUNT,NUMBER,22,,,Y,N,N,,WIZARD_KOZOS,HHM_AREA_TYPES,W_HP_COUNT,INT64,N,,,,,,,,1
KOZOS,WIZARD,W7REP,HHM_AREA_TYPES,,W_BUILDING_ID_MIN,NUMBER,22,0.0,10.0,Y,N,N,,WIZARD_KOZOS,HHM_AREA_TYPES,W_BUILDING_ID_MIN,INT64,N,,,,,,,,1
KOZOS,WIZARD,W7REP,HHM_AREA_TYPES,,MEGYE,VARCHAR2,112,,,Y,N,N,,WIZARD_KOZOS,HHM_AREA_TYPES,MEGYE,STRING,N,,,,,,,,1
KOZOS,WIZARD,W7REP,HHM_AREA_TYPES,,GEOX_ID,NUMBER,22,0.0,10.0,Y,N,N,,WIZARD_KOZOS,HHM_AREA_TYPES,GEOX_ID,INT64,N,,,,,,,,1
KOZOS,WIZARD,W7REP,HHM_AREA_TYPES,,REGULATION_ISSUE,VARCHAR2,36,,,Y,N,N,,WIZARD_KOZOS,HHM_AREA_TYPES,REGULATION_ISSUE,STRING,N,,,,,,,,1
KOZOS,WIZARD,W7REP,HHM_AREA_TYPES,,HHM_BUILDING_ID,NUMBER,22,0.0,10.0,Y,N,N,,WIZARD_KOZOS,HHM_AREA_TYPES,HHM_BUILDING_ID,INT64,N,,,,,,,,1
KOZOS,WIZARD,W7REP,HHM_AREA_TYPES,,W_FLOOR_COUNT,NUMBER,22,,,Y,N,N,,WIZARD_KOZOS,HHM_AREA_TYPES,W_FLOOR_COUNT,FLOAT64,N,,,,,,,,1
KOZOS,WIZARD,W7REP,HHM_AREA_TYPES,,KEY_ADDRESS,VARCHAR2,255,,,Y,N,N,,WIZARD_KOZOS,HHM_AREA_TYPES,KEY_ADDRESS,STRING,N,,,,,,,,1
KOZOS,WIZARD,W7REP,HHM_AREA_TYPES,,ZIP,NUMBER,22,0.0,10.0,Y,N,N,,WIZARD_KOZOS,HHM_AREA_TYPES,ZIP,INT64,N,,,,,,,,1
KOZOS,WIZARD,W7REP,HHM_AREA_TYPES,,TOTAL_DOOR_FROM_COUNTSUM,NUMBER,22,0.0,10.0,Y,N,N,,WIZARD_KOZOS,HHM_AREA_TYPES,TOTAL_DOOR_FROM_COUNTSUM,INT64,N,,,,,,,,1
KOZOS,WIZARD,W7REP,HHM_AREA_TYPES,,SOURCE_TYPE,VARCHAR2,68,,,Y,N,N,,WIZARD_KOZOS,HHM_AREA_TYPES,SOURCE_TYPE,STRING,N,,,,,,,,1
KOZOS,WIZARD,W7REP,HHM_AREA_TYPES,,CITY_TYPE,VARCHAR2,68,,,Y,N,N,,WIZARD_KOZOS,HHM_AREA_TYPES,CITY_TYPE,STRING,N,,,,,,,,1
KOZOS,WIZARD,W7REP,HHM_AREA_TYPES,,,,,,,N,N,N,,WIZARD_KOZOS,HHM_AREA_TYPES,TR_FILE_ID,INT64,N,,,N,,,,,1000
KOZOS,WIZARD,W7REP,HHM_AREA_TYPES,,,,,,,N,N,N,,WIZARD_KOZOS,HHM_AREA_TYPES,TR_INSERT_DATETIME,DATE,N,,,N,,,,,1001
KOZOS,WIZARD,W7REP,HHM_AREA_TYPES,,,,,,,N,N,N,,WIZARD_KOZOS,HHM_AREA_TYPES,TR_INSERT_ID,INT64,N,,,N,,,,,1003
KOZOS,WIZARD,W7REP,HHM_AREA_TYPES,,,,,,,Y,N,N,,WIZARD_KOZOS,HHM_AREA_TYPES,TR_UPDATE_DATETIME,DATE,N,,,N,,,,,1005
KOZOS,WIZARD,W7REP,HHM_AREA_TYPES,,,,,,,Y,N,N,,WIZARD_KOZOS,HHM_AREA_TYPES,TR_UPDATE_ID,INT64,N,,,N,,,,,1008
KOZOS,WIZARD,W7REP,HHM_BASE_HP_LEVEL,,DOOR_2,NUMBER,22,0.0,18.0,Y,N,N,,WIZARD_KOZOS,HHM_BASE_HP_LEVEL,DOOR_2,NUMERIC,N,,,,,,,,1
KOZOS,WIZARD,W7REP,HHM_BASE_HP_LEVEL,,GEOX_ID,NUMBER,22,0.0,18.0,Y,N,N,,WIZARD_KOZOS,HHM_BASE_HP_LEVEL,GEOX_ID,NUMERIC,N,,,,,,,,1
KOZOS,WIZARD,W7REP,HHM_BASE_HP_LEVEL,,HHM_HP_ID,NUMBER,22,0.0,18.0,Y,Y,N,,WIZARD_KOZOS,HHM_BASE_HP_LEVEL,HHM_HP_ID,NUMERIC,Y,,,,,,,,1
KOZOS,WIZARD,W7REP,HHM_BASE_HP_LEVEL,,DOOR_3,VARCHAR2,255,,,Y,N,N,,WIZARD_KOZOS,HHM_BASE_HP_LEVEL,DOOR_3,STRING,N,,,,,,,,1
KOZOS,WIZARD,W7REP,HHM_BASE_HP_LEVEL,,HHM_BUILDING_ID,NUMBER,22,0.0,18.0,Y,N,N,,WIZARD_KOZOS,HHM_BASE_HP_LEVEL,HHM_BUILDING_ID,NUMERIC,N,,,,,,,,1
KOZOS,WIZARD,W7REP,HHM_BASE_HP_LEVEL,,FLOOR,NUMBER,22,0.0,18.0,Y,N,N,,WIZARD_KOZOS,HHM_BASE_HP_LEVEL,FLOOR,NUMERIC,N,,,,,,,,1
KOZOS,WIZARD,W7REP,HHM_BASE_HP_LEVEL,,SOURCE_TYPE,VARCHAR2,255,,,Y,N,N,,WIZARD_KOZOS,HHM_BASE_HP_LEVEL,SOURCE_TYPE,STRING,N,,,,,,,,1
KOZOS,WIZARD,W7REP,HHM_BASE_HP_LEVEL,,DOOR_1,NUMBER,22,0.0,18.0,Y,N,N,,WIZARD_KOZOS,HHM_BASE_HP_LEVEL,DOOR_1,NUMERIC,N,,,,,,,,1
KOZOS,WIZARD,W7REP,HHM_BASE_HP_LEVEL,,ZIP,NUMBER,22,0.0,18.0,Y,N,N,,WIZARD_KOZOS,HHM_BASE_HP_LEVEL,ZIP,NUMERIC,N,,,,,,,,1
KOZOS,WIZARD,W7REP,HHM_BASE_HP_LEVEL,,GEOX_BUILDING,VARCHAR2,255,,,Y,N,N,,WIZARD_KOZOS,HHM_BASE_HP_LEVEL,GEOX_BUILDING,STRING,N,,,,,,,,1
KOZOS,WIZARD,W7REP,HHM_BASE_HP_LEVEL,,CITY,VARCHAR2,255,,,Y,N,N,,WIZARD_KOZOS,HHM_BASE_HP_LEVEL,CITY,STRING,N,,,,,,,,1
KOZOS,WIZARD,W7REP,HHM_BASE_HP_LEVEL,,KEKKH_BUILDING,VARCHAR2,255,,,Y,N,N,,WIZARD_KOZOS,HHM_BASE_HP_LEVEL,KEKKH_BUILDING,STRING,N,,,,,,,,1
KOZOS,WIZARD,W7REP,HHM_BASE_HP_LEVEL,,KEKKH_BUILDING_ID,NUMBER,22,0.0,18.0,Y,N,N,,WIZARD_KOZOS,HHM_BASE_HP_LEVEL,KEKKH_BUILDING_ID,NUMERIC,N,,,,,,,,1
KOZOS,WIZARD,W7REP,HHM_BASE_HP_LEVEL,,ADDRESS_ID,NUMBER,22,0.0,18.0,Y,N,N,,WIZARD_KOZOS,HHM_BASE_HP_LEVEL,ADDRESS_ID,NUMERIC,N,,,,,,,,1
KOZOS,WIZARD,W7REP,HHM_BASE_HP_LEVEL,,,,,,,N,N,N,,WIZARD_KOZOS,HHM_BASE_HP_LEVEL,TR_FILE_ID,INT64,N,,,N,,,,,1000
KOZOS,WIZARD,W7REP,HHM_BASE_HP_LEVEL,,,,,,,N,N,N,,WIZARD_KOZOS,HHM_BASE_HP_LEVEL,TR_INSERT_DATETIME,DATE,N,,,N,,,,,1001
KOZOS,WIZARD,W7REP,HHM_BASE_HP_LEVEL,,,,,,,N,N,N,,WIZARD_KOZOS,HHM_BASE_HP_LEVEL,TR_INSERT_ID,INT64,N,,,N,,,,,1003
KOZOS,WIZARD,W7REP,HHM_BASE_HP_LEVEL,,,,,,,Y,N,N,,WIZARD_KOZOS,HHM_BASE_HP_LEVEL,TR_UPDATE_DATETIME,DATE,N,,,N,,,,,1005
KOZOS,WIZARD,W7REP,HHM_BASE_HP_LEVEL,,,,,,,Y,N,N,,WIZARD_KOZOS,HHM_BASE_HP_LEVEL,TR_UPDATE_ID,INT64,N,,,N,,,,,1008
KOZOS,WIZARD,W7REP,HHM_COMPETITORS,,T_NOMINAL_BANDWITH,NUMBER,22,0.0,18.0,Y,N,N,,WIZARD_KOZOS,HHM_COMPETITORS,T_NOMINAL_BANDWITH,NUMERIC,N,,,,,,,,1
KOZOS,WIZARD,W7REP,HHM_COMPETITORS,,INVITEL_ADDRESS_ID,NUMBER,22,0.0,18.0,Y,N,N,,WIZARD_KOZOS,HHM_COMPETITORS,INVITEL_ADDRESS_ID,NUMERIC,N,,,,,,,,1
KOZOS,WIZARD,W7REP,HHM_COMPETITORS,,GEOX_ID,NUMBER,22,0.0,18.0,Y,N,N,,WIZARD_KOZOS,HHM_COMPETITORS,GEOX_ID,NUMERIC,N,,,,,,,,1
KOZOS,WIZARD,W7REP,HHM_COMPETITORS,,FLIP_ADDRESS_ID,NUMBER,22,0.0,18.0,Y,N,N,,WIZARD_KOZOS,HHM_COMPETITORS,FLIP_ADDRESS_ID,NUMERIC,N,,,,,,,,1
KOZOS,WIZARD,W7REP,HHM_COMPETITORS,,T_LOCAL_PRICE_INT,NUMBER,22,0.0,18.0,Y,N,N,,WIZARD_KOZOS,HHM_COMPETITORS,T_LOCAL_PRICE_INT,NUMERIC,N,,,,,,,,1
KOZOS,WIZARD,W7REP,HHM_COMPETITORS,,T_GD,NUMBER,22,,,Y,N,N,,WIZARD_KOZOS,HHM_COMPETITORS,T_GD,INT64,N,,,,,,,,1
KOZOS,WIZARD,W7REP,HHM_COMPETITORS,,T_TECH,VARCHAR2,255,,,Y,N,N,,WIZARD_KOZOS,HHM_COMPETITORS,T_TECH,STRING,N,,,,,,,,1
KOZOS,WIZARD,W7REP,HHM_COMPETITORS,,TELEKOM_COMP,NUMBER,22,0.0,18.0,Y,N,N,,WIZARD_KOZOS,HHM_COMPETITORS,TELEKOM_COMP,NUMERIC,N,,,,,,,,1
KOZOS,WIZARD,W7REP,HHM_COMPETITORS,,FLIP_COMP,NUMBER,22,0.0,18.0,Y,N,N,,WIZARD_KOZOS,HHM_COMPETITORS,FLIP_COMP,NUMERIC,N,,,,,,,,1
KOZOS,WIZARD,W7REP,HHM_COMPETITORS,,T_PRODUCT_NAME_INT,VARCHAR2,255,,,Y,N,N,,WIZARD_KOZOS,HHM_COMPETITORS,T_PRODUCT_NAME_INT,STRING,N,,,,,,,,1
KOZOS,WIZARD,W7REP,HHM_COMPETITORS,,INVITEL_NOMINAL_BANDWITH,NUMBER,22,0.0,18.0,Y,N,N,,WIZARD_KOZOS,HHM_COMPETITORS,INVITEL_NOMINAL_BANDWITH,NUMERIC,N,,,,,,,,1
KOZOS,WIZARD,W7REP,HHM_COMPETITORS,,REGULATION,VARCHAR2,255,,,Y,N,N,,WIZARD_KOZOS,HHM_COMPETITORS,REGULATION,STRING,N,,,,,,,,1
KOZOS,WIZARD,W7REP,HHM_COMPETITORS,,INVITEL_COMP,NUMBER,22,0.0,18.0,Y,N,N,,WIZARD_KOZOS,HHM_COMPETITORS,INVITEL_COMP,NUMERIC,N,,,,,,,,1
KOZOS,WIZARD,W7REP,HHM_COMPETITORS,,DIGI_NOMINAL_BANDWITH,NUMBER,22,0.0,18.0,Y,N,N,,WIZARD_KOZOS,HHM_COMPETITORS,DIGI_NOMINAL_BANDWITH,NUMERIC,N,,,,,,,,1
KOZOS,WIZARD,W7REP,HHM_COMPETITORS,,SMP,VARCHAR2,255,,,Y,N,N,,WIZARD_KOZOS,HHM_COMPETITORS,SMP,STRING,N,,,,,,,,1
KOZOS,WIZARD,W7REP,HHM_COMPETITORS,,KEKKH_BUILDING_ID,NUMBER,22,0.0,18.0,Y,N,N,,WIZARD_KOZOS,HHM_COMPETITORS,KEKKH_BUILDING_ID,NUMERIC,N,,,,,,,,1
KOZOS,WIZARD,W7REP,HHM_COMPETITORS,,ADDRESS_ID,NUMBER,22,0.0,18.0,Y,N,N,,WIZARD_KOZOS,HHM_COMPETITORS,ADDRESS_ID,NUMERIC,N,,,,,,,,1
KOZOS,WIZARD,W7REP,HHM_COMPETITORS,,DIGI_TECH,VARCHAR2,255,,,Y,N,N,,WIZARD_KOZOS,HHM_COMPETITORS,DIGI_TECH,STRING,N,,,,,,,,1
KOZOS,WIZARD,W7REP,HHM_COMPETITORS,,FLIP_BUNDLED_OFFER,VARCHAR2,255,,,Y,N,N,,WIZARD_KOZOS,HHM_COMPETITORS,FLIP_BUNDLED_OFFER,STRING,N,,,,,,,,1
KOZOS,WIZARD,W7REP,HHM_COMPETITORS,,COMPETITORS,VARCHAR2,255,,,Y,N,N,,WIZARD_KOZOS,HHM_COMPETITORS,COMPETITORS,STRING,N,,,,,,,,1
KOZOS,WIZARD,W7REP,HHM_COMPETITORS,,FLIP_TECH,VARCHAR2,255,,,Y,N,N,,WIZARD_KOZOS,HHM_COMPETITORS,FLIP_TECH,STRING,N,,,,,,,,1
KOZOS,WIZARD,W7REP,HHM_COMPETITORS,,MT_ADDRESS_ID,NUMBER,22,0.0,18.0,Y,N,N,,WIZARD_KOZOS,HHM_COMPETITORS,MT_ADDRESS_ID,NUMERIC,N,,,,,,,,1
KOZOS,WIZARD,W7REP,HHM_COMPETITORS,,INVITEL_TECH,VARCHAR2,255,,,Y,N,N,,WIZARD_KOZOS,HHM_COMPETITORS,INVITEL_TECH,STRING,N,,,,,,,,1
KOZOS,WIZARD,W7REP,HHM_COMPETITORS,,DIGI_ADDRESS_ID,NUMBER,22,0.0,18.0,Y,N,N,,WIZARD_KOZOS,HHM_COMPETITORS,DIGI_ADDRESS_ID,NUMERIC,N,,,,,,,,1
KOZOS,WIZARD,W7REP,HHM_COMPETITORS,,T_GU,NUMBER,22,,,Y,N,N,,WIZARD_KOZOS,HHM_COMPETITORS,T_GU,INT64,N,,,,,,,,1
KOZOS,WIZARD,W7REP,HHM_COMPETITORS,,CITY,VARCHAR2,255,,,Y,N,N,,WIZARD_KOZOS,HHM_COMPETITORS,CITY,STRING,N,,,,,,,,1
KOZOS,WIZARD,W7REP,HHM_COMPETITORS,,AREA_BUILDING_ID,NUMBER,22,0.0,18.0,Y,Y,N,,WIZARD_KOZOS,HHM_COMPETITORS,AREA_BUILDING_ID,NUMERIC,Y,,,,,,,,1
KOZOS,WIZARD,W7REP,HHM_COMPETITORS,,HHM_BUILDING_ID,NUMBER,22,0.0,18.0,Y,N,N,,WIZARD_KOZOS,HHM_COMPETITORS,HHM_BUILDING_ID,NUMERIC,N,,,,,,,,1
KOZOS,WIZARD,W7REP,HHM_COMPETITORS,,DIGI_COMP,NUMBER,22,0.0,18.0,Y,N,N,,WIZARD_KOZOS,HHM_COMPETITORS,DIGI_COMP,NUMERIC,N,,,,,,,,1
KOZOS,WIZARD,W7REP,HHM_COMPETITORS,,DIGI_INTERNET_OFFER,VARCHAR2,255,,,Y,N,N,,WIZARD_KOZOS,HHM_COMPETITORS,DIGI_INTERNET_OFFER,STRING,N,,,,,,,,1
KOZOS,WIZARD,W7REP,HHM_COMPETITORS,,,,,,,N,N,N,,WIZARD_KOZOS,HHM_COMPETITORS,TR_FILE_ID,INT64,N,,,N,,,,,1000
KOZOS,WIZARD,W7REP,HHM_COMPETITORS,,,,,,,N,N,N,,WIZARD_KOZOS,HHM_COMPETITORS,TR_INSERT_DATETIME,DATE,N,,,N,,,,,1001
KOZOS,WIZARD,W7REP,HHM_COMPETITORS,,,,,,,N,N,N,,WIZARD_KOZOS,HHM_COMPETITORS,TR_INSERT_ID,INT64,N,,,N,,,,,1003
KOZOS,WIZARD,W7REP,HHM_COMPETITORS,,,,,,,Y,N,N,,WIZARD_KOZOS,HHM_COMPETITORS,TR_UPDATE_DATETIME,DATE,N,,,N,,,,,1005
KOZOS,WIZARD,W7REP,HHM_COMPETITORS,,,,,,,Y,N,N,,WIZARD_KOZOS,HHM_COMPETITORS,TR_UPDATE_ID,INT64,N,,,N,,,,,1008
KOZOS,WIZARD,W7REP,HHM_GEOX_RAW,,ADDRESS_ID,NUMBER,22,0.0,18.0,Y,Y,N,,WIZARD_KOZOS,HHM_GEOX_RAW,ADDRESS_ID,NUMERIC,Y,,,,,,,,1
KOZOS,WIZARD,W7REP,HHM_GEOX_RAW,,MEGYE,VARCHAR2,88,,,Y,N,N,,WIZARD_KOZOS,HHM_GEOX_RAW,MEGYE,STRING,N,,,,,,,,1
KOZOS,WIZARD,W7REP,HHM_GEOX_RAW,,KOZTERULET_NEV,VARCHAR2,255,,,Y,N,N,,WIZARD_KOZOS,HHM_GEOX_RAW,KOZTERULET_NEV,STRING,N,,,,,,,,1
KOZOS,WIZARD,W7REP,HHM_GEOX_RAW,,REGI_NEV,VARCHAR2,255,,,Y,N,N,,WIZARD_KOZOS,HHM_GEOX_RAW,REGI_NEV,STRING,N,,,,,,,,1
KOZOS,WIZARD,W7REP,HHM_GEOX_RAW,,KEY_STREET_NAME,VARCHAR2,255,,,Y,N,N,,WIZARD_KOZOS,HHM_GEOX_RAW,KEY_STREET_NAME,STRING,N,,,,,,,,1
KOZOS,WIZARD,W7REP,HHM_GEOX_RAW,,KEY_HOUSE_NUMBER,NUMBER,22,0.0,18.0,Y,N,N,,WIZARD_KOZOS,HHM_GEOX_RAW,KEY_HOUSE_NUMBER,NUMERIC,N,,,,,,,,1
KOZOS,WIZARD,W7REP,HHM_GEOX_RAW,,ZIP,NUMBER,22,0.0,10.0,Y,N,N,,WIZARD_KOZOS,HHM_GEOX_RAW,ZIP,INT64,N,,,,,,,,1
KOZOS,WIZARD,W7REP,HHM_GEOX_RAW,,KOZTERULET_JELLEG,VARCHAR2,56,,,Y,N,N,,WIZARD_KOZOS,HHM_GEOX_RAW,KOZTERULET_JELLEG,STRING,N,,,,,,,,1
KOZOS,WIZARD,W7REP,HHM_GEOX_RAW,,KEY_ZIP,NUMBER,22,0.0,18.0,Y,N,N,,WIZARD_KOZOS,HHM_GEOX_RAW,KEY_ZIP,NUMERIC,N,,,,,,,,1
KOZOS,WIZARD,W7REP,HHM_GEOX_RAW,,KEY_CITY,VARCHAR2,255,,,Y,N,N,,WIZARD_KOZOS,HHM_GEOX_RAW,KEY_CITY,STRING,N,,,,,,,,1
KOZOS,WIZARD,W7REP,HHM_GEOX_RAW,,TRESZNEV,VARCHAR2,255,,,Y,N,N,,WIZARD_KOZOS,HHM_GEOX_RAW,TRESZNEV,STRING,N,,,,,,,,1
KOZOS,WIZARD,W7REP,HHM_GEOX_RAW,,HAZSZAM,NUMBER,22,0.0,10.0,Y,N,N,,WIZARD_KOZOS,HHM_GEOX_RAW,HAZSZAM,INT64,N,,,,,,,,1
KOZOS,WIZARD,W7REP,HHM_GEOX_RAW,,EOV_X,NUMBER,22,0.0,10.0,Y,N,N,,WIZARD_KOZOS,HHM_GEOX_RAW,EOV_X,INT64,N,,,,,,,,1
KOZOS,WIZARD,W7REP,HHM_GEOX_RAW,,GEOX_ID,NUMBER,22,0.0,10.0,Y,N,N,,WIZARD_KOZOS,HHM_GEOX_RAW,GEOX_ID,INT64,N,,,,,,,,1
KOZOS,WIZARD,W7REP,HHM_GEOX_RAW,,GEOX_BUILDING,VARCHAR2,255,,,Y,N,N,,WIZARD_KOZOS,HHM_GEOX_RAW,GEOX_BUILDING,STRING,N,,,,,,,,1
KOZOS,WIZARD,W7REP,HHM_GEOX_RAW,,TNEV,VARCHAR2,255,,,Y,N,N,,WIZARD_KOZOS,HHM_GEOX_RAW,TNEV,STRING,N,,,,,,,,1
KOZOS,WIZARD,W7REP,HHM_GEOX_RAW,,WGS84_X,NUMBER,22,,,Y,N,N,,WIZARD_KOZOS,HHM_GEOX_RAW,WGS84_X,FLOAT64,N,,,,,,,,1
KOZOS,WIZARD,W7REP,HHM_GEOX_RAW,,OLD_STREET_NAME,VARCHAR2,255,,,Y,N,N,,WIZARD_KOZOS,HHM_GEOX_RAW,OLD_STREET_NAME,STRING,N,,,,,,,,1
KOZOS,WIZARD,W7REP,HHM_GEOX_RAW,,KEY_STREET_TYPE,VARCHAR2,255,,,Y,N,N,,WIZARD_KOZOS,HHM_GEOX_RAW,KEY_STREET_TYPE,STRING,N,,,,,,,,1
KOZOS,WIZARD,W7REP,HHM_GEOX_RAW,,EOV_Y,NUMBER,22,0.0,10.0,Y,N,N,,WIZARD_KOZOS,HHM_GEOX_RAW,EOV_Y,INT64,N,,,,,,,,1
KOZOS,WIZARD,W7REP,HHM_GEOX_RAW,,WGS84_Y,NUMBER,22,,,Y,N,N,,WIZARD_KOZOS,HHM_GEOX_RAW,WGS84_Y,FLOAT64,N,,,,,,,,1
KOZOS,WIZARD,W7REP,HHM_GEOX_RAW,,,,,,,N,N,N,,WIZARD_KOZOS,HHM_GEOX_RAW,TR_FILE_ID,INT64,N,,,N,,,,,1000
KOZOS,WIZARD,W7REP,HHM_GEOX_RAW,,,,,,,N,N,N,,WIZARD_KOZOS,HHM_GEOX_RAW,TR_INSERT_DATETIME,DATE,N,,,N,,,,,1001
KOZOS,WIZARD,W7REP,HHM_GEOX_RAW,,,,,,,N,N,N,,WIZARD_KOZOS,HHM_GEOX_RAW,TR_INSERT_ID,INT64,N,,,N,,,,,1003
KOZOS,WIZARD,W7REP,HHM_GEOX_RAW,,,,,,,Y,N,N,,WIZARD_KOZOS,HHM_GEOX_RAW,TR_UPDATE_DATETIME,DATE,N,,,N,,,,,1005
KOZOS,WIZARD,W7REP,HHM_GEOX_RAW,,,,,,,Y,N,N,,WIZARD_KOZOS,HHM_GEOX_RAW,TR_UPDATE_ID,INT64,N,,,N,,,,,1008
KOZOS,WIZARD,W7REP,HHM_KEKKH_RAW,,ZIP,NUMBER,22,0.0,18.0,Y,N,N,,WIZARD_KOZOS,HHM_KEKKH_RAW,ZIP,NUMERIC,N,,,,,,,,1
KOZOS,WIZARD,W7REP,HHM_KEKKH_RAW,,DISTRICT,VARCHAR2,255,,,Y,N,N,,WIZARD_KOZOS,HHM_KEKKH_RAW,DISTRICT,STRING,N,,,,,,,,1
KOZOS,WIZARD,W7REP,HHM_KEKKH_RAW,,BUILDING,VARCHAR2,255,,,Y,N,N,,WIZARD_KOZOS,HHM_KEKKH_RAW,BUILDING,STRING,N,,,,,,,,1
KOZOS,WIZARD,W7REP,HHM_KEKKH_RAW,,FLOOR,VARCHAR2,255,,,Y,N,N,,WIZARD_KOZOS,HHM_KEKKH_RAW,FLOOR,STRING,N,,,,,,,,1
KOZOS,WIZARD,W7REP,HHM_KEKKH_RAW,,HH_0_17,NUMBER,22,0.0,18.0,Y,N,N,,WIZARD_KOZOS,HHM_KEKKH_RAW,HH_0_17,NUMERIC,N,,,,,,,,1
KOZOS,WIZARD,W7REP,HHM_KEKKH_RAW,,STREET_TYPE,VARCHAR2,255,,,Y,N,N,,WIZARD_KOZOS,HHM_KEKKH_RAW,STREET_TYPE,STRING,N,,,,,,,,1
KOZOS,WIZARD,W7REP,HHM_KEKKH_RAW,,DOOR,NUMBER,22,0.0,18.0,Y,N,N,,WIZARD_KOZOS,HHM_KEKKH_RAW,DOOR,NUMERIC,N,,,,,,,,1
KOZOS,WIZARD,W7REP,HHM_KEKKH_RAW,,DOOR_ORIGINAL,VARCHAR2,255,,,Y,N,N,,WIZARD_KOZOS,HHM_KEKKH_RAW,DOOR_ORIGINAL,STRING,N,,,,,,,,1
KOZOS,WIZARD,W7REP,HHM_KEKKH_RAW,,HH_18_62,NUMBER,22,0.0,18.0,Y,N,N,,WIZARD_KOZOS,HHM_KEKKH_RAW,HH_18_62,NUMERIC,N,,,,,,,,1
KOZOS,WIZARD,W7REP,HHM_KEKKH_RAW,,KEKKH_BUILDING_ID,NUMBER,22,0.0,18.0,Y,N,N,,WIZARD_KOZOS,HHM_KEKKH_RAW,KEKKH_BUILDING_ID,NUMERIC,N,,,,,,,,1
KOZOS,WIZARD,W7REP,HHM_KEKKH_RAW,,KEKKH_BUILDING,VARCHAR2,255,,,Y,N,N,,WIZARD_KOZOS,HHM_KEKKH_RAW,KEKKH_BUILDING,STRING,N,,,,,,,,1
KOZOS,WIZARD,W7REP,HHM_KEKKH_RAW,,STREET_NAME,VARCHAR2,255,,,Y,N,N,,WIZARD_KOZOS,HHM_KEKKH_RAW,STREET_NAME,STRING,N,,,,,,,,1
KOZOS,WIZARD,W7REP,HHM_KEKKH_RAW,,COUNTY,VARCHAR2,255,,,Y,N,N,,WIZARD_KOZOS,HHM_KEKKH_RAW,COUNTY,STRING,N,,,,,,,,1
KOZOS,WIZARD,W7REP,HHM_KEKKH_RAW,,CITY,VARCHAR2,255,,,Y,N,N,,WIZARD_KOZOS,HHM_KEKKH_RAW,CITY,STRING,N,,,,,,,,1
KOZOS,WIZARD,W7REP,HHM_KEKKH_RAW,,HOUSE_NUM,VARCHAR2,255,,,Y,N,N,,WIZARD_KOZOS,HHM_KEKKH_RAW,HOUSE_NUM,STRING,N,,,,,,,,1
KOZOS,WIZARD,W7REP,HHM_KEKKH_RAW,,CITY_RANK,NUMBER,22,0.0,18.0,Y,N,N,,WIZARD_KOZOS,HHM_KEKKH_RAW,CITY_RANK,NUMERIC,N,,,,,,,,1
KOZOS,WIZARD,W7REP,HHM_KEKKH_RAW,,HH_62_PLUS,NUMBER,22,0.0,18.0,Y,N,N,,WIZARD_KOZOS,HHM_KEKKH_RAW,HH_62_PLUS,NUMERIC,N,,,,,,,,1
KOZOS,WIZARD,W7REP,HHM_KEKKH_RAW,,HH_SIZE,NUMBER,22,0.0,18.0,Y,N,N,,WIZARD_KOZOS,HHM_KEKKH_RAW,HH_SIZE,NUMERIC,N,,,,,,,,1
KOZOS,WIZARD,W7REP,HHM_KEKKH_RAW,,ID_AR,NUMBER,22,0.0,18.0,Y,Y,N,,WIZARD_KOZOS,HHM_KEKKH_RAW,ID_AR,NUMERIC,Y,,,,,,,,1
KOZOS,WIZARD,W7REP,HHM_KEKKH_RAW,,STAIRCASE,VARCHAR2,255,,,Y,N,N,,WIZARD_KOZOS,HHM_KEKKH_RAW,STAIRCASE,STRING,N,,,,,,,,1
KOZOS,WIZARD,W7REP,HHM_KEKKH_RAW,,FLOOR_ORIGINAL,VARCHAR2,255,,,Y,N,N,,WIZARD_KOZOS,HHM_KEKKH_RAW,FLOOR_ORIGINAL,STRING,N,,,,,,,,1
KOZOS,WIZARD,W7REP,HHM_KEKKH_RAW,,,,,,,N,N,N,,WIZARD_KOZOS,HHM_KEKKH_RAW,TR_FILE_ID,INT64,N,,,N,,,,,1000
KOZOS,WIZARD,W7REP,HHM_KEKKH_RAW,,,,,,,N,N,N,,WIZARD_KOZOS,HHM_KEKKH_RAW,TR_INSERT_DATETIME,DATE,N,,,N,,,,,1001
KOZOS,WIZARD,W7REP,HHM_KEKKH_RAW,,,,,,,N,N,N,,WIZARD_KOZOS,HHM_KEKKH_RAW,TR_INSERT_ID,INT64,N,,,N,,,,,1003
KOZOS,WIZARD,W7REP,HHM_KEKKH_RAW,,,,,,,Y,N,N,,WIZARD_KOZOS,HHM_KEKKH_RAW,TR_UPDATE_DATETIME,DATE,N,,,N,,,,,1005
KOZOS,WIZARD,W7REP,HHM_KEKKH_RAW,,,,,,,Y,N,N,,WIZARD_KOZOS,HHM_KEKKH_RAW,TR_UPDATE_ID,INT64,N,,,N,,,,,1008
KOZOS,WIZARD,KOZOS,HHM_OSS_MOVE_IN,,ugyfelszam,NUMBER,6,,,Y,N,N,,WIZARD_KOZOS,HHM_OSS_MOVE_IN,UGYFELSZAM,INT64,N,,,Y,,,subscription,param,1
KOZOS,WIZARD,KOZOS,HHM_OSS_MOVE_IN,,konnektor_kulcs,NUMBER,,,,Y,N,N,,WIZARD_KOZOS,HHM_OSS_MOVE_IN,KONNEKTOR_KULCS,INT64,N,,,N,,,,,1
KOZOS,WIZARD,KOZOS,HHM_OSS_MOVE_IN,,hhm_hp_id,NUMBER,18,,,Y,N,N,,WIZARD_KOZOS,HHM_OSS_MOVE_IN,HHM_HP_ID,INT64,N,,,N,,,,,1
KOZOS,WIZARD,KOZOS,HHM_OSS_MOVE_IN,,hhm_building_id,NUMBER,18,,,Y,N,N,,WIZARD_KOZOS,HHM_OSS_MOVE_IN,HHM_BUILDING_ID,INT64,N,,,N,,,,,1
KOZOS,WIZARD,KOZOS,HHM_OSS_MOVE_IN,,id_ar,NUMBER,18,,,Y,N,N,,WIZARD_KOZOS,HHM_OSS_MOVE_IN,ID_AR,INT64,N,,,N,,,,,1
KOZOS,WIZARD,KOZOS,HHM_OSS_MOVE_IN,,street_name,VARCHAR2,255,,,Y,N,N,,WIZARD_KOZOS,HHM_OSS_MOVE_IN,STREET_NAME,STRING,N,,,Y,,,customer,address,1
KOZOS,WIZARD,KOZOS,HHM_OSS_MOVE_IN,,city,VARCHAR2,255,,,Y,N,N,,WIZARD_KOZOS,HHM_OSS_MOVE_IN,CITY,STRING,N,,,Y,,,customer,address,1
KOZOS,WIZARD,KOZOS,HHM_OSS_MOVE_IN,,match_type,VARCHAR2,255,,,Y,N,N,,WIZARD_KOZOS,HHM_OSS_MOVE_IN,MATCH_TYPE,STRING,N,,,N,,,,,1
KOZOS,WIZARD,KOZOS,HHM_OSS_MOVE_IN,,szuszak,NUMBER,18,,,Y,N,N,,WIZARD_KOZOS,HHM_OSS_MOVE_IN,SZUSZAK,INT64,N,,,N,,,,,1
KOZOS,WIZARD,KOZOS,HHM_OSS_MOVE_IN,,szuszak_version,NUMBER,18,,,Y,N,N,,WIZARD_KOZOS,HHM_OSS_MOVE_IN,SZUSZAK_VERSION,INT64,N,,,N,,,,,1
KOZOS,WIZARD,KOZOS,HHM_OSS_MOVE_IN,,floor_clean,VARCHAR2,255,,,Y,N,N,,WIZARD_KOZOS,HHM_OSS_MOVE_IN,FLOOR_CLEAN,STRING,N,,,Y,,,subscription,param,1
KOZOS,WIZARD,KOZOS,HHM_OSS_MOVE_IN,,door_number_clean,VARCHAR2,255,,,Y,N,N,,WIZARD_KOZOS,HHM_OSS_MOVE_IN,DOOR_NUMBER_CLEAN,STRING,N,,,Y,,,,,1
KOZOS,WIZARD,KOZOS,HHM_OSS_MOVE_IN,,,,,,,N,N,N,,WIZARD_KOZOS,HHM_OSS_MOVE_IN,TR_FILE_ID,INT64,N,,,N,,,,,1000
KOZOS,WIZARD,KOZOS,HHM_OSS_MOVE_IN,,,,,,,N,N,N,,WIZARD_KOZOS,HHM_OSS_MOVE_IN,TR_INSERT_DATETIME,DATE,N,,,N,,,,,1001
KOZOS,WIZARD,KOZOS,HHM_OSS_MOVE_IN,,,,,,,N,N,N,,WIZARD_KOZOS,HHM_OSS_MOVE_IN,TR_INSERT_ID,INT64,N,,,N,,,,,1003
KOZOS,WIZARD,KOZOS,HHM_OSS_MOVE_IN,,,,,,,Y,N,N,,WIZARD_KOZOS,HHM_OSS_MOVE_IN,TR_UPDATE_DATETIME,DATE,N,,,N,,,,,1005
KOZOS,WIZARD,KOZOS,HHM_OSS_MOVE_IN,,,,,,,Y,N,N,,WIZARD_KOZOS,HHM_OSS_MOVE_IN,TR_UPDATE_ID,INT64,N,,,N,,,,,1008
KOZOS,WIZARD,KOZOS,HHM_PIC_MOVE_IN,,CUSTOMER_ACCOUNT_NUMBER,NUMBER,18,,,Y,N,N,,WIZARD_KOZOS,HHM_PIC_MOVE_IN,CUSTOMER_ACCOUNT_NUMBER,INT64,N,,,Y,,,billing,account number,1
KOZOS,WIZARD,KOZOS,HHM_PIC_MOVE_IN,,BILLING_ACCOUNT_NUMBER,NUMBER,18,,,Y,N,N,,WIZARD_KOZOS,HHM_PIC_MOVE_IN,BILLING_ACCOUNT_NUMBER,INT64,N,,,Y,,,billing,account number,1
KOZOS,WIZARD,KOZOS,HHM_PIC_MOVE_IN,,KONNEKTOR_KULCS,VARCHAR2,255,,,Y,N,N,,WIZARD_KOZOS,HHM_PIC_MOVE_IN,KONNEKTOR_KULCS,STRING,N,,,N,,,,,1
KOZOS,WIZARD,KOZOS,HHM_PIC_MOVE_IN,,HHM_HP_ID,NUMBER,18,,,Y,N,N,,WIZARD_KOZOS,HHM_PIC_MOVE_IN,HHM_HP_ID,INT64,N,,,N,,,,,1
KOZOS,WIZARD,KOZOS,HHM_PIC_MOVE_IN,,HHM_BUILDING_ID,NUMBER,18,,,Y,N,N,,WIZARD_KOZOS,HHM_PIC_MOVE_IN,HHM_BUILDING_ID,INT64,N,,,N,,,,,1
KOZOS,WIZARD,KOZOS,HHM_PIC_MOVE_IN,,ID_AR,NUMBER,18,,,Y,N,N,,WIZARD_KOZOS,HHM_PIC_MOVE_IN,ID_AR,INT64,N,,,N,,,,,1
KOZOS,WIZARD,KOZOS,HHM_PIC_MOVE_IN,,STREET_NAME,VARCHAR2,255,,,Y,N,N,,WIZARD_KOZOS,HHM_PIC_MOVE_IN,STREET_NAME,STRING,N,,,Y,,,customer,address,1
KOZOS,WIZARD,KOZOS,HHM_PIC_MOVE_IN,,CITY,VARCHAR2,255,,,Y,N,N,,WIZARD_KOZOS,HHM_PIC_MOVE_IN,CITY,STRING,N,,,Y,,,customer,address,1
KOZOS,WIZARD,KOZOS,HHM_PIC_MOVE_IN,,MATCH_TYPE,VARCHAR2,255,,,Y,N,N,,WIZARD_KOZOS,HHM_PIC_MOVE_IN,MATCH_TYPE,STRING,N,,,N,,,,,1
KOZOS,WIZARD,KOZOS,HHM_PIC_MOVE_IN,,SZUSZAK,NUMBER,18,,,Y,N,N,,WIZARD_KOZOS,HHM_PIC_MOVE_IN,SZUSZAK,INT64,N,,,N,,,,,1
KOZOS,WIZARD,KOZOS,HHM_PIC_MOVE_IN,,SZUSZAK_VERSION,NUMBER,18,,,Y,N,N,,WIZARD_KOZOS,HHM_PIC_MOVE_IN,SZUSZAK_VERSION,INT64,N,,,N,,,,,1
KOZOS,WIZARD,KOZOS,HHM_PIC_MOVE_IN,,FLOOR_CLEAN,VARCHAR2,255,,,Y,N,N,,WIZARD_KOZOS,HHM_PIC_MOVE_IN,FLOOR_CLEAN,STRING,N,,,Y,,,subscription,param,1
KOZOS,WIZARD,KOZOS,HHM_PIC_MOVE_IN,,DOOR_NUMBER_CLEAN,VARCHAR2,255,,,Y,N,N,,WIZARD_KOZOS,HHM_PIC_MOVE_IN,DOOR_NUMBER_CLEAN,STRING,N,,,N,,,,,1
KOZOS,WIZARD,KOZOS,HHM_PIC_MOVE_IN,,,,,,,N,N,N,,WIZARD_KOZOS,HHM_PIC_MOVE_IN,TR_FILE_ID,INT64,N,,,N,,,,,1000
KOZOS,WIZARD,KOZOS,HHM_PIC_MOVE_IN,,,,,,,N,N,N,,WIZARD_KOZOS,HHM_PIC_MOVE_IN,TR_INSERT_DATETIME,DATE,N,,,N,,,,,1001
KOZOS,WIZARD,KOZOS,HHM_PIC_MOVE_IN,,,,,,,N,N,N,,WIZARD_KOZOS,HHM_PIC_MOVE_IN,TR_INSERT_ID,INT64,N,,,N,,,,,1003
KOZOS,WIZARD,KOZOS,HHM_PIC_MOVE_IN,,,,,,,Y,N,N,,WIZARD_KOZOS,HHM_PIC_MOVE_IN,TR_UPDATE_DATETIME,DATE,N,,,N,,,,,1005
KOZOS,WIZARD,KOZOS,HHM_PIC_MOVE_IN,,,,,,,Y,N,N,,WIZARD_KOZOS,HHM_PIC_MOVE_IN,TR_UPDATE_ID,INT64,N,,,N,,,,,1008
KOZOS,WIZARD,W7REP,HHM_SMALLER_COMPETITORS,,PR_TELECOM,NUMBER,22,0.0,,Y,N,N,,WIZARD_KOZOS,HHM_SMALLER_COMPETITORS,PR_TELECOM,INT64,N,,,,,,,,1
KOZOS,WIZARD,W7REP,HHM_SMALLER_COMPETITORS,,VIDANET,NUMBER,22,0.0,,Y,N,N,,WIZARD_KOZOS,HHM_SMALLER_COMPETITORS,VIDANET,INT64,N,,,,,,,,1
KOZOS,WIZARD,W7REP,HHM_SMALLER_COMPETITORS,,ELEKTRONET,NUMBER,22,0.0,,Y,N,N,,WIZARD_KOZOS,HHM_SMALLER_COMPETITORS,ELEKTRONET,INT64,N,,,,,,,,1
KOZOS,WIZARD,W7REP,HHM_SMALLER_COMPETITORS,,KABELSZATNET_2002,NUMBER,22,0.0,,Y,N,N,,WIZARD_KOZOS,HHM_SMALLER_COMPETITORS,KABELSZATNET_2002,INT64,N,,,,,,,,1
KOZOS,WIZARD,W7REP,HHM_SMALLER_COMPETITORS,,OLAH_ES_TARSA,NUMBER,22,0.0,,Y,N,N,,WIZARD_KOZOS,HHM_SMALLER_COMPETITORS,OLAH_ES_TARSA,INT64,N,,,,,,,,1
KOZOS,WIZARD,W7REP,HHM_SMALLER_COMPETITORS,,TARR,NUMBER,22,0.0,,Y,N,N,,WIZARD_KOZOS,HHM_SMALLER_COMPETITORS,TARR,INT64,N,,,,,,,,1
KOZOS,WIZARD,W7REP,HHM_SMALLER_COMPETITORS,,KABELSZATNET,NUMBER,22,0.0,,Y,N,N,,WIZARD_KOZOS,HHM_SMALLER_COMPETITORS,KABELSZATNET,INT64,N,,,,,,,,1
KOZOS,WIZARD,W7REP,HHM_SMALLER_COMPETITORS,,KALASZNET,NUMBER,22,0.0,,Y,N,N,,WIZARD_KOZOS,HHM_SMALLER_COMPETITORS,KALASZNET,INT64,N,,,,,,,,1
KOZOS,WIZARD,W7REP,HHM_SMALLER_COMPETITORS,,HIR_SAT,NUMBER,22,0.0,,Y,N,N,,WIZARD_KOZOS,HHM_SMALLER_COMPETITORS,HIR_SAT,INT64,N,,,,,,,,1
KOZOS,WIZARD,W7REP,HHM_SMALLER_COMPETITORS,,DUAL_PLUS,NUMBER,22,0.0,,Y,N,N,,WIZARD_KOZOS,HHM_SMALLER_COMPETITORS,DUAL_PLUS,INT64,N,,,,,,,,1
KOZOS,WIZARD,W7REP,HHM_SMALLER_COMPETITORS,,OTHER,VARCHAR2,255,,,Y,N,N,,WIZARD_KOZOS,HHM_SMALLER_COMPETITORS,OTHER,STRING,N,,,,,,,,1
KOZOS,WIZARD,W7REP,HHM_SMALLER_COMPETITORS,,CITY,VARCHAR2,255,,,Y,Y,N,,WIZARD_KOZOS,HHM_SMALLER_COMPETITORS,CITY,STRING,Y,,,,,,,,1
KOZOS,WIZARD,W7REP,HHM_SMALLER_COMPETITORS,,CELLKABEL,NUMBER,22,0.0,,Y,N,N,,WIZARD_KOZOS,HHM_SMALLER_COMPETITORS,CELLKABEL,INT64,N,,,,,,,,1
KOZOS,WIZARD,W7REP,HHM_SMALLER_COMPETITORS,,,,,,,N,N,N,,WIZARD_KOZOS,HHM_SMALLER_COMPETITORS,TR_FILE_ID,INT64,N,,,N,,,,,1000
KOZOS,WIZARD,W7REP,HHM_SMALLER_COMPETITORS,,,,,,,N,N,N,,WIZARD_KOZOS,HHM_SMALLER_COMPETITORS,TR_INSERT_DATETIME,DATE,N,,,N,,,,,1001
KOZOS,WIZARD,W7REP,HHM_SMALLER_COMPETITORS,,,,,,,N,N,N,,WIZARD_KOZOS,HHM_SMALLER_COMPETITORS,TR_INSERT_ID,INT64,N,,,N,,,,,1003
KOZOS,WIZARD,W7REP,HHM_SMALLER_COMPETITORS,,,,,,,Y,N,N,,WIZARD_KOZOS,HHM_SMALLER_COMPETITORS,TR_UPDATE_DATETIME,DATE,N,,,N,,,,,1005
KOZOS,WIZARD,W7REP,HHM_SMALLER_COMPETITORS,,,,,,,Y,N,N,,WIZARD_KOZOS,HHM_SMALLER_COMPETITORS,TR_UPDATE_ID,INT64,N,,,N,,,,,1008
KOZOS,WIZARD,W7REP,HHM_WIZARD_MOVE_IN,,SERVICE_ADDRESS_ID,NUMBER,22,0.0,18.0,Y,N,N,,WIZARD_KOZOS,HHM_WIZARD_MOVE_IN,SERVICE_ADDRESS_ID,INT64,N,,,Y,,,,,1
KOZOS,WIZARD,W7REP,HHM_WIZARD_MOVE_IN,,SZUSZAK,NUMBER,22,0.0,18.0,Y,N,N,,WIZARD_KOZOS,HHM_WIZARD_MOVE_IN,SZUSZAK,INT64,N,,,N,,,,,1
KOZOS,WIZARD,W7REP,HHM_WIZARD_MOVE_IN,,DOOR_NUMBER_CLEAN,VARCHAR2,255,,,Y,N,N,,WIZARD_KOZOS,HHM_WIZARD_MOVE_IN,DOOR_NUMBER_CLEAN,STRING,N,,,Y,,,,,1
KOZOS,WIZARD,W7REP,HHM_WIZARD_MOVE_IN,,ACCOUNT_NUMBER,NUMBER,22,0.0,18.0,Y,N,N,,WIZARD_KOZOS,HHM_WIZARD_MOVE_IN,ACCOUNT_NUMBER,INT64,N,,,Y,,,billing,account number,1
KOZOS,WIZARD,W7REP,HHM_WIZARD_MOVE_IN,,STREET_NAME,VARCHAR2,255,,,Y,N,N,,WIZARD_KOZOS,HHM_WIZARD_MOVE_IN,STREET_NAME,STRING,N,,,Y,,,customer,address,1
KOZOS,WIZARD,W7REP,HHM_WIZARD_MOVE_IN,,HHM_HP_ID,NUMBER,22,0.0,18.0,Y,N,N,,WIZARD_KOZOS,HHM_WIZARD_MOVE_IN,HHM_HP_ID,INT64,N,,,N,,,,,1
KOZOS,WIZARD,W7REP,HHM_WIZARD_MOVE_IN,,HHM_BUILDING_ID,NUMBER,22,0.0,18.0,Y,N,N,,WIZARD_KOZOS,HHM_WIZARD_MOVE_IN,HHM_BUILDING_ID,INT64,N,,,Y,,,,,1
KOZOS,WIZARD,W7REP,HHM_WIZARD_MOVE_IN,,ID_AR,NUMBER,22,0.0,18.0,Y,N,N,,WIZARD_KOZOS,HHM_WIZARD_MOVE_IN,ID_AR,INT64,N,,,N,,,,,1
KOZOS,WIZARD,W7REP,HHM_WIZARD_MOVE_IN,,BUILDING_ID,NUMBER,22,0.0,18.0,Y,N,N,,WIZARD_KOZOS,HHM_WIZARD_MOVE_IN,BUILDING_ID,INT64,N,,,Y,,,,,1
KOZOS,WIZARD,W7REP,HHM_WIZARD_MOVE_IN,,CITY,VARCHAR2,255,,,Y,N,N,,WIZARD_KOZOS,HHM_WIZARD_MOVE_IN,CITY,STRING,N,,,Y,,,customer,address,1
KOZOS,WIZARD,W7REP,HHM_WIZARD_MOVE_IN,,MATCH_TYPE,VARCHAR2,255,,,Y,N,N,,WIZARD_KOZOS,HHM_WIZARD_MOVE_IN,MATCH_TYPE,STRING,N,,,N,,,,,1
KOZOS,WIZARD,W7REP,HHM_WIZARD_MOVE_IN,,SZUSZAK_VERSION,NUMBER,22,0.0,18.0,Y,N,N,,WIZARD_KOZOS,HHM_WIZARD_MOVE_IN,SZUSZAK_VERSION,INT64,N,,,N,,,,,1
KOZOS,WIZARD,W7REP,HHM_WIZARD_MOVE_IN,,FLOOR_CLEAN,VARCHAR2,255,,,Y,N,N,,WIZARD_KOZOS,HHM_WIZARD_MOVE_IN,FLOOR_CLEAN,STRING,N,,,Y,,,subscription,param,1
KOZOS,WIZARD,W7REP,HHM_WIZARD_MOVE_IN,,,,,,,N,N,N,,WIZARD_KOZOS,HHM_WIZARD_MOVE_IN,TR_FILE_ID,INT64,N,,,N,,,,,1000
KOZOS,WIZARD,W7REP,HHM_WIZARD_MOVE_IN,,,,,,,N,N,N,,WIZARD_KOZOS,HHM_WIZARD_MOVE_IN,TR_INSERT_DATETIME,DATE,N,,,N,,,,,1001
KOZOS,WIZARD,W7REP,HHM_WIZARD_MOVE_IN,,,,,,,N,N,N,,WIZARD_KOZOS,HHM_WIZARD_MOVE_IN,TR_INSERT_ID,INT64,N,,,N,,,,,1003
KOZOS,WIZARD,W7REP,HHM_WIZARD_MOVE_IN,,,,,,,Y,N,N,,WIZARD_KOZOS,HHM_WIZARD_MOVE_IN,TR_UPDATE_DATETIME,DATE,N,,,N,,,,,1005
KOZOS,WIZARD,W7REP,HHM_WIZARD_MOVE_IN,,,,,,,Y,N,N,,WIZARD_KOZOS,HHM_WIZARD_MOVE_IN,TR_UPDATE_ID,INT64,N,,,N,,,,,1008
KOZOS,WIZARD,W7REP,MARKET_SZIM_0,,HHM_BUILDING_ID,NUMBER,,,,Y,Y,N,,WIZARD_KOZOS,MARKET_SZIM_0,HHM_BUILDING_ID,INT64,N,,,,,,,,1
KOZOS,WIZARD,W7REP,MARKET_SZIM_0,,HHM_HP_ID,NUMBER,,,,Y,Y,N,,WIZARD_KOZOS,MARKET_SZIM_0,HHM_HP_ID,INT64,N,,,,,,,,1
KOZOS,WIZARD,W7REP,MARKET_SZIM_0,,HH_SIZE_FINAL,NUMBER,,,,Y,Y,N,,WIZARD_KOZOS,MARKET_SZIM_0,HH_SIZE_FINAL,INT64,N,,,,,,,,1
KOZOS,WIZARD,W7REP,MARKET_SZIM_0,,AREA_TYPE,VARCHAR2,,,,Y,Y,N,,WIZARD_KOZOS,MARKET_SZIM_0,AREA_TYPE,STRING,N,,,,,,,,1
KOZOS,WIZARD,W7REP,MARKET_SZIM_0,,SERVICE_TYPE,VARCHAR2,,,,Y,Y,N,,WIZARD_KOZOS,MARKET_SZIM_0,SERVICE_TYPE,STRING,N,,,,,,,,1
KOZOS,WIZARD,W7REP,MARKET_SZIM_0,,FIX_PROVIDER,VARCHAR2,,,,Y,Y,N,,WIZARD_KOZOS,MARKET_SZIM_0,FIX_PROVIDER,STRING,N,,,,,,,,1
KOZOS,WIZARD,W7REP,MARKET_SZIM_0,,FIRST_MOBILE_PROVIDER,VARCHAR2,,,,Y,Y,N,,WIZARD_KOZOS,MARKET_SZIM_0,FIRST_MOBILE_PROVIDER,STRING,N,,,,,,,,1
KOZOS,WIZARD,W7REP,MARKET_SZIM_0,,SECOND_MOBILE_PROVIDER,VARCHAR2,,,,Y,Y,N,,WIZARD_KOZOS,MARKET_SZIM_0,SECOND_MOBILE_PROVIDER,STRING,N,,,,,,,,1
KOZOS,WIZARD,W7REP,MARKET_SZIM_0,,THIRD_MOBILE_PROVIDER,VARCHAR2,,,,Y,Y,N,,WIZARD_KOZOS,MARKET_SZIM_0,THIRD_MOBILE_PROVIDER,STRING,N,,,,,,,,1
KOZOS,WIZARD,W7REP,MARKET_SZIM_0,,FOURTH_MOBILE_PROVIDER,VARCHAR2,,,,Y,Y,N,,WIZARD_KOZOS,MARKET_SZIM_0,FOURTH_MOBILE_PROVIDER,STRING,N,,,,,,,,1
KOZOS,WIZARD,W7REP,MARKET_SZIM_0,,FIFTH_MOBILE_PROVIDER,VARCHAR2,,,,Y,Y,N,,WIZARD_KOZOS,MARKET_SZIM_0,FIFTH_MOBILE_PROVIDER,STRING,N,,,,,,,,1
KOZOS,WIZARD,W7REP,MARKET_SZIM_0,,SIXTH_MOBILE_PROVIDER,VARCHAR2,,,,Y,Y,N,,WIZARD_KOZOS,MARKET_SZIM_0,SIXTH_MOBILE_PROVIDER,STRING,N,,,,,,,,1
KOZOS,WIZARD,W7REP,MARKET_SZIM_0,,SEVENTH_MOBILE_PROVIDER,VARCHAR2,,,,Y,Y,N,,WIZARD_KOZOS,MARKET_SZIM_0,SEVENTH_MOBILE_PROVIDER,STRING,N,,,,,,,,1
KOZOS,WIZARD,W7REP,MARKET_SZIM_0,,VF_TECH,VARCHAR2,,,,Y,Y,N,,WIZARD_KOZOS,MARKET_SZIM_0,VF_TECH,STRING,N,,,,,,,,1
KOZOS,WIZARD,W7REP,MARKET_SZIM_0,,NEW_PICASSO,NUMBER,,,,Y,Y,N,,WIZARD_KOZOS,MARKET_SZIM_0,NEW_PICASSO,INT64,N,,,,,,,,1
KOZOS,WIZARD,W7REP,MARKET_SZIM_0,,NEW_NB,NUMBER,,,,Y,Y,N,,WIZARD_KOZOS,MARKET_SZIM_0,NEW_NB,INT64,N,,,,,,,,1
KOZOS,WIZARD,W7REP,MARKET_SZIM_0,,NEW_ACQ,NUMBER,,,,Y,Y,N,,WIZARD_KOZOS,MARKET_SZIM_0,NEW_ACQ,INT64,N,,,,,,,,1
KOZOS,WIZARD,W7REP,MARKET_SZIM_0,,CYCLE,NUMBER,,,,Y,Y,N,,WIZARD_KOZOS,MARKET_SZIM_0,CYCLE,INT64,N,,,,,,,,1
KOZOS,WIZARD,W7REP,MARKET_SZIM_0,,,,,,,N,N,N,,WIZARD_KOZOS,MARKET_SZIM_0,TR_FILE_ID,INT64,N,,,N,,,,,1000
KOZOS,WIZARD,W7REP,MARKET_SZIM_0,,,,,,,N,N,N,,WIZARD_KOZOS,MARKET_SZIM_0,TR_INSERT_DATETIME,DATE,N,,,N,,,,,1001
KOZOS,WIZARD,W7REP,MARKET_SZIM_0,,,,,,,N,N,N,,WIZARD_KOZOS,MARKET_SZIM_0,TR_INSERT_ID,INT64,N,,,N,,,,,1003
KOZOS,WIZARD,W7REP,MARKET_SZIM_0,,,,,,,Y,N,N,,WIZARD_KOZOS,MARKET_SZIM_0,TR_UPDATE_DATETIME,DATE,N,,,N,,,,,1005
KOZOS,WIZARD,W7REP,MARKET_SZIM_0,,,,,,,Y,N,N,,WIZARD_KOZOS,MARKET_SZIM_0,TR_UPDATE_ID,INT64,N,,,N,,,,,1008
CPE_ADMIN, CPE11.UPC.HU,CPE_ADMIN,PROPERTY,,PROPERTY_ID,NUMBER,10,,,N,Y,Y,,CPE_ADMIN,PROPERTY,PROPERTY_ID,INT64,Y,,,N,,,,,1
CPE_ADMIN, CPE11.UPC.HU,CPE_ADMIN,PROPERTY,,DEVICE_TYPE_ID,NUMBER,10,,,N,N,Y,,CPE_ADMIN,PROPERTY,DEVICE_TYPE_ID,INT64,N,,,N,,,,,1
CPE_ADMIN, CPE11.UPC.HU,CPE_ADMIN,PROPERTY,,PROPERTY_CODE,VARCHAR2,10,,,N,N,Y,,CPE_ADMIN,PROPERTY,PROPERTY_CODE,STRING,N,,,N,,,,,1
CPE_ADMIN, CPE11.UPC.HU,CPE_ADMIN,PROPERTY,,PROPERTY_NAME,VARCHAR2,30,,,N,N,Y,,CPE_ADMIN,PROPERTY,PROPERTY_NAME,STRING,N,,,N,,,,,1
CPE_ADMIN, CPE11.UPC.HU,CPE_ADMIN,PROPERTY,,PROPERTY_TYPE_CODE,VARCHAR2,10,,,N,N,Y,,CPE_ADMIN,PROPERTY,PROPERTY_TYPE_CODE,STRING,N,,,N,,,,,1
CPE_ADMIN, CPE11.UPC.HU,CPE_ADMIN,PROPERTY,,MANDATORY,NUMBER,3,,,N,N,N,,CPE_ADMIN,PROPERTY,MANDATORY,INT64,N,,,N,,,,,1
CPE_ADMIN, CPE11.UPC.HU,CPE_ADMIN,PROPERTY,,IS_KEY,NUMBER,3,,,N,N,Y,,CPE_ADMIN,PROPERTY,IS_KEY,INT64,N,,,N,,,,,1
CPE_ADMIN, CPE11.UPC.HU,CPE_ADMIN,PROPERTY,,ACTIVE,NUMBER,3,,,N,N,Y,,CPE_ADMIN,PROPERTY,ACTIVE,INT64,N,,,N,,,,,1
CPE_ADMIN, CPE11.UPC.HU,CPE_ADMIN,PROPERTY,,REC_USER_ID,NUMBER,10,,,N,N,N,,CPE_ADMIN,PROPERTY,REC_USER_ID,INT64,N,,,Y,,,,,1
CPE_ADMIN, CPE11.UPC.HU,CPE_ADMIN,PROPERTY,,REC_DATE,DATE,,,,N,N,N,,CPE_ADMIN,PROPERTY,REC_DATE,TIMESTAMP,N,,,N,,,,,1
CPE_ADMIN, CPE11.UPC.HU,CPE_ADMIN,PROPERTY,,MOD_USER_ID,NUMBER,10,,,Y,N,N,,CPE_ADMIN,PROPERTY,MOD_USER_ID,INT64,N,,,Y,,,,,1
CPE_ADMIN, CPE11.UPC.HU,CPE_ADMIN,PROPERTY,,MOD_DATE,DATE,,,,Y,N,N,,CPE_ADMIN,PROPERTY,MOD_DATE,TIMESTAMP,N,,,N,,,,,1
CPE_ADMIN, CPE11.UPC.HU,CPE_ADMIN,PROPERTY,,IS_IN_DEPOT_ORDER,NUMBER,,,,N,N,N,,CPE_ADMIN,PROPERTY,IS_IN_DEPOT_ORDER,INT64,N,,,N,,,,,1
CPE_ADMIN, CPE11.UPC.HU,CPE_ADMIN,PROPERTY,,SORT,NUMBER,3,,,Y,N,N,,CPE_ADMIN,PROPERTY,SORT,INT64,N,,,N,,,,,1
CPE_ADMIN, CPE11.UPC.HU,CPE_ADMIN,PROPERTY,,IS_LOT_PARAMETER,VARCHAR2,,,,Y,N,N,,CPE_ADMIN,PROPERTY,IS_LOT_PARAMETER,STRING,N,,,N,,,,,1
CPE_ADMIN, CPE11.UPC.HU,CPE_ADMIN,PROPERTY,,DEPEND_ON_AN,VARCHAR2,,,,N,N,N,,CPE_ADMIN,PROPERTY,DEPEND_ON_AN,STRING,N,,,N,,,,,1
CPE_ADMIN, CPE11.UPC.HU,CPE_ADMIN,PROPERTY,,SORT_IN_NEW_LOT,NUMBER,3,,,Y,N,N,,CPE_ADMIN,PROPERTY,SORT_IN_NEW_LOT,INT64,N,,,N,,,,,1
CPE_ADMIN, CPE11.UPC.HU,CPE_ADMIN,PROPERTY,,,,,,,Y,N,N,,CPE_ADMIN,PROPERTY,START_OF_VALIDITY,DATE,Y,,,N,,,,,850
CPE_ADMIN, CPE11.UPC.HU,CPE_ADMIN,PROPERTY,,,,,,,Y,N,N,,CPE_ADMIN,PROPERTY,END_OF_VALIDITY,DATE,N,,,N,,,,,870
CPE_ADMIN, CPE11.UPC.HU,CPE_ADMIN,PROPERTY,,,,,,,Y,N,N,,CPE_ADMIN,PROPERTY,ACTIVE_FL,STRING,N,,,N,,,,,880
CPE_ADMIN, CPE11.UPC.HU,CPE_ADMIN,PROPERTY,,,,,,,N,N,N,,CPE_ADMIN,PROPERTY,TR_FILE_ID,INT64,N,,,N,,,,,1000
CPE_ADMIN, CPE11.UPC.HU,CPE_ADMIN,PROPERTY,,,,,,,N,N,N,,CPE_ADMIN,PROPERTY,TR_INSERT_DATETIME,DATE,N,,,N,,,,,1001
CPE_ADMIN, CPE11.UPC.HU,CPE_ADMIN,PROPERTY,,,,,,,N,N,N,,CPE_ADMIN,PROPERTY,TR_INSERT_ID,INT64,N,,,N,,,,,1003
CPE_ADMIN, CPE11.UPC.HU,CPE_ADMIN,PROPERTY,,,,,,,Y,N,N,,CPE_ADMIN,PROPERTY,TR_UPDATE_DATETIME,DATE,N,,,N,,,,,1005
CPE_ADMIN, CPE11.UPC.HU,CPE_ADMIN,PROPERTY,,,,,,,Y,N,N,,CPE_ADMIN,PROPERTY,TR_UPDATE_ID,INT64,N,,,N,,,,,1008
PROD7_DBA,P5ADRPE,HU_VIEWS,STG_OESP_VOD_ASSETS,,ASSET_ID,VARCHAR2,128,,,Y,N,N,,P5ADRPE_HU_VIEWS,STG_OESP_VOD_ASSETS,ASSET_ID,STRING,N,,,N,,,subscription,asset,1
PROD7_DBA,P5ADRPE,HU_VIEWS,STG_OESP_VOD_ASSETS,,EXTERNALID,VARCHAR2,86,,,Y,N,N,,P5ADRPE_HU_VIEWS,STG_OESP_VOD_ASSETS,EXTERNALID,STRING,N,,,N,,,,,1
PROD7_DBA,P5ADRPE,HU_VIEWS,STG_OESP_VOD_ASSETS,,TITLE,VARCHAR2,233,,,Y,N,N,,P5ADRPE_HU_VIEWS,STG_OESP_VOD_ASSETS,TITLE,STRING,N,,,N,,,customer,personal details,1
PROD7_DBA,P5ADRPE,HU_VIEWS,STG_OESP_VOD_ASSETS,,TITLE_LANG,VARCHAR2,50,,,Y,N,N,,P5ADRPE_HU_VIEWS,STG_OESP_VOD_ASSETS,TITLE_LANG,STRING,N,,,N,,,,,1
PROD7_DBA,P5ADRPE,HU_VIEWS,STG_OESP_VOD_ASSETS,,ISADULT,VARCHAR2,35,,,Y,N,N,,P5ADRPE_HU_VIEWS,STG_OESP_VOD_ASSETS,ISADULT,STRING,N,,,N,,,,,1
PROD7_DBA,P5ADRPE,HU_VIEWS,STG_OESP_VOD_ASSETS,,CONTENTPROVIDER,VARCHAR2,50,,,Y,N,N,,P5ADRPE_HU_VIEWS,STG_OESP_VOD_ASSETS,CONTENTPROVIDER,STRING,N,,,N,,,contact,name,1
PROD7_DBA,P5ADRPE,HU_VIEWS,STG_OESP_VOD_ASSETS,,CONTENTPROVIDERID,VARCHAR2,50,,,Y,N,N,,P5ADRPE_HU_VIEWS,STG_OESP_VOD_ASSETS,CONTENTPROVIDERID,STRING,N,,,N,,,,,1
PROD7_DBA,P5ADRPE,HU_VIEWS,STG_OESP_VOD_ASSETS,,BILLINGID,VARCHAR2,68,,,Y,N,N,,P5ADRPE_HU_VIEWS,STG_OESP_VOD_ASSETS,BILLINGID,STRING,N,,,N,,,billing,param,1
PROD7_DBA,P5ADRPE,HU_VIEWS,STG_OESP_VOD_ASSETS,,DURATIONINMINUTES,NUMBER,10,,,Y,N,N,,P5ADRPE_HU_VIEWS,STG_OESP_VOD_ASSETS,DURATIONINMINUTES,INT64,N,,,N,,,,,1
PROD7_DBA,P5ADRPE,HU_VIEWS,STG_OESP_VOD_ASSETS,,LOAD_DATE,TIMESTAMP, ,,,Y,N,N,,P5ADRPE_HU_VIEWS,STG_OESP_VOD_ASSETS,LOAD_DATE,TIMESTAMP,N,,,N,,,,,1
PROD7_DBA,P5ADRPE,HU_VIEWS,STG_OESP_VOD_ASSETS,,FILE_DATE,DATE, ,,,Y,N,N,,P5ADRPE_HU_VIEWS,STG_OESP_VOD_ASSETS,FILE_DATE,TIMESTAMP,N,,,N,,,,,1
PROD7_DBA,P5ADRPE,HU_VIEWS,STG_OESP_VOD_ASSETS,,META_COUNTRY_CODE,VARCHAR2,3,,,Y,N,N,,P5ADRPE_HU_VIEWS,STG_OESP_VOD_ASSETS,META_COUNTRY_CODE,STRING,N,,,N,,,,,1
PROD7_DBA,P5ADRPE,HU_VIEWS,STG_OESP_VOD_ASSETS,,MD5_CRC,VARCHAR2,32,,,Y,N,N,,P5ADRPE_HU_VIEWS,STG_OESP_VOD_ASSETS,MD5_CRC,STRING,N,,,N,,,,,1
PROD7_DBA,P5ADRPE,HU_VIEWS,STG_OESP_VOD_ASSETS,,FILE_NAME,VARCHAR2,1024,,,Y,N,N,,P5ADRPE_HU_VIEWS,STG_OESP_VOD_ASSETS,FILE_NAME,STRING,N,,,N,,,,,1
PROD7_DBA,P5ADRPE,HU_VIEWS,STG_OESP_VOD_ASSETS,,INGEST_SOURCE,VARCHAR2,50,,,Y,N,N,,P5ADRPE_HU_VIEWS,STG_OESP_VOD_ASSETS,INGEST_SOURCE,STRING,N,,,N,,,,,1
PROD7_DBA,P5ADRPE,HU_VIEWS,STG_OESP_VOD_ASSETS,,CONTENT_TYPE,VARCHAR2,50,,,Y,N,N,,P5ADRPE_HU_VIEWS,STG_OESP_VOD_ASSETS,CONTENT_TYPE,STRING,N,,,N,,,,,1
PROD7_DBA,P5ADRPE,HU_VIEWS,STG_OESP_VOD_ASSETS,,,,,,,N,N,N,,P5ADRPE_HU_VIEWS,STG_OESP_VOD_ASSETS,TR_FILE_ID,INT64,N,,,N,,,,,1000
PROD7_DBA,P5ADRPE,HU_VIEWS,STG_OESP_VOD_ASSETS,,,,,,,N,N,N,,P5ADRPE_HU_VIEWS,STG_OESP_VOD_ASSETS,TR_INSERT_DATETIME,DATE,N,,,N,,,,,1001
PROD7_DBA,P5ADRPE,HU_VIEWS,STG_OESP_VOD_ASSETS,,,,,,,N,N,N,,P5ADRPE_HU_VIEWS,STG_OESP_VOD_ASSETS,TR_INSERT_ID,INT64,N,,,N,,,,,1003
PROD7_DBA,P5ADRPE,HU_VIEWS,STG_OESP_VOD_ASSETS,,,,,,,Y,N,N,,P5ADRPE_HU_VIEWS,STG_OESP_VOD_ASSETS,TR_UPDATE_DATETIME,DATE,N,,,N,,,,,1005
PROD7_DBA,P5ADRPE,HU_VIEWS,STG_OESP_VOD_ASSETS,,,,,,,Y,N,N,,P5ADRPE_HU_VIEWS,STG_OESP_VOD_ASSETS,TR_UPDATE_ID,INT64,N,,,N,,,,,1008
PROD7_DBA,P5ADRPE,HU_VIEWS,STG_OESP_VOD_FINISHEDSESSIONS,,ID,VARCHAR2,128,,,Y,N,N,,P5ADRPE_HU_VIEWS,STG_OESP_VOD_FINISHEDSESSIONS,ID,STRING,N,,,N,,,,,1
PROD7_DBA,P5ADRPE,HU_VIEWS,STG_OESP_VOD_FINISHEDSESSIONS,,DEVICEID,VARCHAR2,170,,,Y,N,N,,P5ADRPE_HU_VIEWS,STG_OESP_VOD_FINISHEDSESSIONS,DEVICEID,STRING,N,,,N,,,,,1
PROD7_DBA,P5ADRPE,HU_VIEWS,STG_OESP_VOD_FINISHEDSESSIONS,,ASSETID,VARCHAR2,128,,,Y,N,N,,P5ADRPE_HU_VIEWS,STG_OESP_VOD_FINISHEDSESSIONS,ASSETID,STRING,N,,,N,,,subscription,asset,1
PROD7_DBA,P5ADRPE,HU_VIEWS,STG_OESP_VOD_FINISHEDSESSIONS,,SESSIONPERIOD_ENDDATE,VARCHAR2,101,,,Y,N,N,,P5ADRPE_HU_VIEWS,STG_OESP_VOD_FINISHEDSESSIONS,SESSIONPERIOD_ENDDATE,STRING,N,,,N,,,,,1
PROD7_DBA,P5ADRPE,HU_VIEWS,STG_OESP_VOD_FINISHEDSESSIONS,,SESSIONPERIOD_STARTDATE,VARCHAR2,92,,,Y,N,N,,P5ADRPE_HU_VIEWS,STG_OESP_VOD_FINISHEDSESSIONS,SESSIONPERIOD_STARTDATE,STRING,N,,,N,,,,,1
PROD7_DBA,P5ADRPE,HU_VIEWS,STG_OESP_VOD_FINISHEDSESSIONS,,SESSIONENDCODE,VARCHAR2,38,,,Y,N,N,,P5ADRPE_HU_VIEWS,STG_OESP_VOD_FINISHEDSESSIONS,SESSIONENDCODE,STRING,N,,,N,,,,,1
PROD7_DBA,P5ADRPE,HU_VIEWS,STG_OESP_VOD_FINISHEDSESSIONS,,ENTITLEMENTID,VARCHAR2,170,,,Y,N,N,,P5ADRPE_HU_VIEWS,STG_OESP_VOD_FINISHEDSESSIONS,ENTITLEMENTID,STRING,N,,,N,,,,,1
PROD7_DBA,P5ADRPE,HU_VIEWS,STG_OESP_VOD_FINISHEDSESSIONS,,EVENTTEXT,VARCHAR2,305,,,Y,N,N,,P5ADRPE_HU_VIEWS,STG_OESP_VOD_FINISHEDSESSIONS,EVENTTEXT,STRING,N,,,N,,,,,1
PROD7_DBA,P5ADRPE,HU_VIEWS,STG_OESP_VOD_FINISHEDSESSIONS,,VODSERVERID,VARCHAR2,74,,,Y,N,N,,P5ADRPE_HU_VIEWS,STG_OESP_VOD_FINISHEDSESSIONS,VODSERVERID,STRING,N,,,N,,,,,1
PROD7_DBA,P5ADRPE,HU_VIEWS,STG_OESP_VOD_FINISHEDSESSIONS,,VODSERVERNAME,VARCHAR2,50,,,Y,N,N,,P5ADRPE_HU_VIEWS,STG_OESP_VOD_FINISHEDSESSIONS,VODSERVERNAME,STRING,N,,,N,,,,,1
PROD7_DBA,P5ADRPE,HU_VIEWS,STG_OESP_VOD_FINISHEDSESSIONS,,SERVICEGROUPID,VARCHAR2,77,,,Y,N,N,,P5ADRPE_HU_VIEWS,STG_OESP_VOD_FINISHEDSESSIONS,SERVICEGROUPID,STRING,N,,,N,,,,,1
PROD7_DBA,P5ADRPE,HU_VIEWS,STG_OESP_VOD_FINISHEDSESSIONS,,QAMID,VARCHAR2,50,,,Y,N,N,,P5ADRPE_HU_VIEWS,STG_OESP_VOD_FINISHEDSESSIONS,QAMID,STRING,N,,,N,,,,,1
PROD7_DBA,P5ADRPE,HU_VIEWS,STG_OESP_VOD_FINISHEDSESSIONS,,QAMNAME,VARCHAR2,50,,,Y,N,N,,P5ADRPE_HU_VIEWS,STG_OESP_VOD_FINISHEDSESSIONS,QAMNAME,STRING,N,,,N,,,,,1
PROD7_DBA,P5ADRPE,HU_VIEWS,STG_OESP_VOD_FINISHEDSESSIONS,,PRODUCT_ID,VARCHAR2,305,,,Y,N,N,,P5ADRPE_HU_VIEWS,STG_OESP_VOD_FINISHEDSESSIONS,PRODUCT_ID,STRING,N,,,N,,,,,1
PROD7_DBA,P5ADRPE,HU_VIEWS,STG_OESP_VOD_FINISHEDSESSIONS,,ASSET_ID,VARCHAR2,305,,,Y,N,N,,P5ADRPE_HU_VIEWS,STG_OESP_VOD_FINISHEDSESSIONS,ASSET_ID,STRING,N,,,N,,,subscription,asset,1
PROD7_DBA,P5ADRPE,HU_VIEWS,STG_OESP_VOD_FINISHEDSESSIONS,,CRM_CUSTOMER_ID,VARCHAR2,170,,,Y,N,N,,P5ADRPE_HU_VIEWS,STG_OESP_VOD_FINISHEDSESSIONS,CRM_CUSTOMER_ID,STRING,N,,,N,,,,,1
PROD7_DBA,P5ADRPE,HU_VIEWS,STG_OESP_VOD_FINISHEDSESSIONS,,LOAD_DATE,TIMESTAMP, ,,,Y,N,N,,P5ADRPE_HU_VIEWS,STG_OESP_VOD_FINISHEDSESSIONS,LOAD_DATE,DATE,N,,,N,,,,,1
PROD7_DBA,P5ADRPE,HU_VIEWS,STG_OESP_VOD_FINISHEDSESSIONS,,QAMALLOCATION_ID,VARCHAR2,128,,,Y,N,N,,P5ADRPE_HU_VIEWS,STG_OESP_VOD_FINISHEDSESSIONS,QAMALLOCATION_ID,STRING,N,,,N,,,,,1
PROD7_DBA,P5ADRPE,HU_VIEWS,STG_OESP_VOD_FINISHEDSESSIONS,,SERVICEGROUPNAME,VARCHAR2,59,,,Y,N,N,,P5ADRPE_HU_VIEWS,STG_OESP_VOD_FINISHEDSESSIONS,SERVICEGROUPNAME,STRING,N,,,N,,,,,1
PROD7_DBA,P5ADRPE,HU_VIEWS,STG_OESP_VOD_FINISHEDSESSIONS,,D4A_BOX_TYPE,VARCHAR2,50,,,Y,N,N,,P5ADRPE_HU_VIEWS,STG_OESP_VOD_FINISHEDSESSIONS,D4A_BOX_TYPE,STRING,N,,,N,,,,,1
PROD7_DBA,P5ADRPE,HU_VIEWS,STG_OESP_VOD_FINISHEDSESSIONS,,FILE_DATE,DATE, ,,,Y,N,N,,P5ADRPE_HU_VIEWS,STG_OESP_VOD_FINISHEDSESSIONS,FILE_DATE,DATE,N,,,N,,,,,1
PROD7_DBA,P5ADRPE,HU_VIEWS,STG_OESP_VOD_FINISHEDSESSIONS,,META_COUNTRY_CODE,VARCHAR2,3,,,Y,N,N,,P5ADRPE_HU_VIEWS,STG_OESP_VOD_FINISHEDSESSIONS,META_COUNTRY_CODE,STRING,N,,,N,,,,,1
PROD7_DBA,P5ADRPE,HU_VIEWS,STG_OESP_VOD_FINISHEDSESSIONS,,MD5_CRC,VARCHAR2,32,,,Y,N,N,,P5ADRPE_HU_VIEWS,STG_OESP_VOD_FINISHEDSESSIONS,MD5_CRC,STRING,N,,,N,,,,,1
PROD7_DBA,P5ADRPE,HU_VIEWS,STG_OESP_VOD_FINISHEDSESSIONS,,FILE_NAME,VARCHAR2,1024,,,Y,N,N,,P5ADRPE_HU_VIEWS,STG_OESP_VOD_FINISHEDSESSIONS,FILE_NAME,STRING,N,,,N,,,,,1
PROD7_DBA,P5ADRPE,HU_VIEWS,STG_OESP_VOD_FINISHEDSESSIONS,,BUSINESS_UNIT_ID,NUMBER, ,,,Y,N,N,,P5ADRPE_HU_VIEWS,STG_OESP_VOD_FINISHEDSESSIONS,BUSINESS_UNIT_ID,INT64,N,,,N,,,,,1
PROD7_DBA,P5ADRPE,HU_VIEWS,STG_OESP_VOD_FINISHEDSESSIONS,,KINDOFSESSION,VARCHAR2,10,,,Y,N,N,,P5ADRPE_HU_VIEWS,STG_OESP_VOD_FINISHEDSESSIONS,KINDOFSESSION,STRING,N,,,N,,,,,1
PROD7_DBA,P5ADRPE,HU_VIEWS,STG_OESP_VOD_FINISHEDSESSIONS,,DEVICEGROUP,VARCHAR2,50,,,Y,N,N,,P5ADRPE_HU_VIEWS,STG_OESP_VOD_FINISHEDSESSIONS,DEVICEGROUP,STRING,N,,,N,,,,,1
PROD7_DBA,P5ADRPE,HU_VIEWS,STG_OESP_VOD_FINISHEDSESSIONS,,ENT_INFO_CUSTOMER_ID,VARCHAR2,95,,,Y,N,N,,P5ADRPE_HU_VIEWS,STG_OESP_VOD_FINISHEDSESSIONS,ENT_INFO_CUSTOMER_ID,STRING,N,,,N,,,,,1
PROD7_DBA,P5ADRPE,HU_VIEWS,STG_OESP_VOD_FINISHEDSESSIONS,,ENT_INFO_PRODUCT_ID,VARCHAR2,95,,,Y,N,N,,P5ADRPE_HU_VIEWS,STG_OESP_VOD_FINISHEDSESSIONS,ENT_INFO_PRODUCT_ID,STRING,N,,,N,,,,,1
PROD7_DBA,P5ADRPE,HU_VIEWS,STG_OESP_VOD_FINISHEDSESSIONS,,,,,,,N,N,N,,P5ADRPE_HU_VIEWS,STG_OESP_VOD_FINISHEDSESSIONS,TR_FILE_ID,INT64,N,,,N,,,,,1000
PROD7_DBA,P5ADRPE,HU_VIEWS,STG_OESP_VOD_FINISHEDSESSIONS,,,,,,,N,N,N,,P5ADRPE_HU_VIEWS,STG_OESP_VOD_FINISHEDSESSIONS,TR_INSERT_DATETIME,DATE,N,,,N,,,,,1001
PROD7_DBA,P5ADRPE,HU_VIEWS,STG_OESP_VOD_FINISHEDSESSIONS,,,,,,,N,N,N,,P5ADRPE_HU_VIEWS,STG_OESP_VOD_FINISHEDSESSIONS,TR_INSERT_ID,INT64,N,,,N,,,,,1003
PROD7_DBA,P5ADRPE,HU_VIEWS,STG_OESP_VOD_FINISHEDSESSIONS,,,,,,,Y,N,N,,P5ADRPE_HU_VIEWS,STG_OESP_VOD_FINISHEDSESSIONS,TR_UPDATE_DATETIME,DATE,N,,,N,,,,,1005
PROD7_DBA,P5ADRPE,HU_VIEWS,STG_OESP_VOD_FINISHEDSESSIONS,,,,,,,Y,N,N,,P5ADRPE_HU_VIEWS,STG_OESP_VOD_FINISHEDSESSIONS,TR_UPDATE_ID,INT64,N,,,N,,,,,1008
PROD7_DBA,P5ADRPE,HU_VIEWS,STG_OESP_VOD_PRODUCTS,,PRODUCT_ID,VARCHAR2,128,,,Y,N,N,,P5ADRPE_HU_VIEWS,STG_OESP_VOD_PRODUCTS,PRODUCT_ID,STRING,N,,,N,,,,,1
PROD7_DBA,P5ADRPE,HU_VIEWS,STG_OESP_VOD_PRODUCTS,,EXTERNALID,VARCHAR2,86,,,Y,N,N,,P5ADRPE_HU_VIEWS,STG_OESP_VOD_PRODUCTS,EXTERNALID,STRING,N,,,N,,,,,1
PROD7_DBA,P5ADRPE,HU_VIEWS,STG_OESP_VOD_PRODUCTS,,NAME,VARCHAR2,338,,,Y,N,N,,P5ADRPE_HU_VIEWS,STG_OESP_VOD_PRODUCTS,NAME,STRING,N,,,N,,,contact,name,1
PROD7_DBA,P5ADRPE,HU_VIEWS,STG_OESP_VOD_PRODUCTS,,NAME_LANG,VARCHAR2,50,,,Y,N,N,,P5ADRPE_HU_VIEWS,STG_OESP_VOD_PRODUCTS,NAME_LANG,STRING,N,,,N,,,contact,name,1
PROD7_DBA,P5ADRPE,HU_VIEWS,STG_OESP_VOD_PRODUCTS,,PRODUCTTYPE,VARCHAR2,32,,,Y,N,N,,P5ADRPE_HU_VIEWS,STG_OESP_VOD_PRODUCTS,PRODUCTTYPE,STRING,N,,,N,,,,,1
PROD7_DBA,P5ADRPE,HU_VIEWS,STG_OESP_VOD_PRODUCTS,,LOAD_DATE,TIMESTAMP, ,,,Y,N,N,,P5ADRPE_HU_VIEWS,STG_OESP_VOD_PRODUCTS,LOAD_DATE,DATE,N,,,N,,,,,1
PROD7_DBA,P5ADRPE,HU_VIEWS,STG_OESP_VOD_PRODUCTS,,ISADULT,VARCHAR2,35,,,Y,N,N,,P5ADRPE_HU_VIEWS,STG_OESP_VOD_PRODUCTS,ISADULT,STRING,N,,,N,,,,,1
PROD7_DBA,P5ADRPE,HU_VIEWS,STG_OESP_VOD_PRODUCTS,,SOURCE_FILE_NAME,VARCHAR2,256,,,Y,N,N,,P5ADRPE_HU_VIEWS,STG_OESP_VOD_PRODUCTS,SOURCE_FILE_NAME,STRING,N,,,N,,,,,1
PROD7_DBA,P5ADRPE,HU_VIEWS,STG_OESP_VOD_PRODUCTS,,SOURCE_FILE_NAME_DATE,DATE, ,,,Y,N,N,,P5ADRPE_HU_VIEWS,STG_OESP_VOD_PRODUCTS,SOURCE_FILE_NAME_DATE,DATE,N,,,N,,,,,1
PROD7_DBA,P5ADRPE,HU_VIEWS,STG_OESP_VOD_PRODUCTS,,FILE_DATE,DATE, ,,,Y,N,N,,P5ADRPE_HU_VIEWS,STG_OESP_VOD_PRODUCTS,FILE_DATE,DATE,N,,,N,,,,,1
PROD7_DBA,P5ADRPE,HU_VIEWS,STG_OESP_VOD_PRODUCTS,,META_COUNTRY_CODE,VARCHAR2,3,,,Y,N,N,,P5ADRPE_HU_VIEWS,STG_OESP_VOD_PRODUCTS,META_COUNTRY_CODE,STRING,N,,,N,,,,,1
PROD7_DBA,P5ADRPE,HU_VIEWS,STG_OESP_VOD_PRODUCTS,,MD5_CRC,VARCHAR2,32,,,Y,N,N,,P5ADRPE_HU_VIEWS,STG_OESP_VOD_PRODUCTS,MD5_CRC,STRING,N,,,N,,,,,1
PROD7_DBA,P5ADRPE,HU_VIEWS,STG_OESP_VOD_PRODUCTS,,FILE_NAME,VARCHAR2,1024,,,Y,N,N,,P5ADRPE_HU_VIEWS,STG_OESP_VOD_PRODUCTS,FILE_NAME,STRING,N,,,N,,,,,1
PROD7_DBA,P5ADRPE,HU_VIEWS,STG_OESP_VOD_PRODUCTS,,,,,,,N,N,N,,P5ADRPE_HU_VIEWS,STG_OESP_VOD_PRODUCTS,TR_FILE_ID,INT64,N,,,N,,,,,1000
PROD7_DBA,P5ADRPE,HU_VIEWS,STG_OESP_VOD_PRODUCTS,,,,,,,N,N,N,,P5ADRPE_HU_VIEWS,STG_OESP_VOD_PRODUCTS,TR_INSERT_DATETIME,DATE,N,,,N,,,,,1001
PROD7_DBA,P5ADRPE,HU_VIEWS,STG_OESP_VOD_PRODUCTS,,,,,,,N,N,N,,P5ADRPE_HU_VIEWS,STG_OESP_VOD_PRODUCTS,TR_INSERT_ID,INT64,N,,,N,,,,,1003
PROD7_DBA,P5ADRPE,HU_VIEWS,STG_OESP_VOD_PRODUCTS,,,,,,,Y,N,N,,P5ADRPE_HU_VIEWS,STG_OESP_VOD_PRODUCTS,TR_UPDATE_DATETIME,DATE,N,,,N,,,,,1005
PROD7_DBA,P5ADRPE,HU_VIEWS,STG_OESP_VOD_PRODUCTS,,,,,,,Y,N,N,,P5ADRPE_HU_VIEWS,STG_OESP_VOD_PRODUCTS,TR_UPDATE_ID,INT64,N,,,N,,,,,1008
STARGUS,IPG.UPC.HU,IPG,TRAFFIC_CURRENT,,US,NUMBER,22,,,Y,N,N,,IPG_STARGUS,TRAFFIC_CURRENT,US,INT64,N,,,N,,,,,1
STARGUS,IPG.UPC.HU,IPG,TRAFFIC_CURRENT,,BILLINGNUMBER,VARCHAR2,20,,,Y,N,N,,IPG_STARGUS,TRAFFIC_CURRENT,BILLINGNUMBER,STRING,N,,,N,,,,,1
STARGUS,IPG.UPC.HU,IPG,TRAFFIC_CURRENT,,TSTAMP,DATE,7,,,N,N,N,,IPG_STARGUS,TRAFFIC_CURRENT,TSTAMP,DATE,N,,,N,,,,,1
STARGUS,IPG.UPC.HU,IPG,TRAFFIC_CURRENT,,DS,NUMBER,22,,,Y,N,N,,IPG_STARGUS,TRAFFIC_CURRENT,DS,INT64,N,,,N,,,,,1
STARGUS,IPG.UPC.HU,IPG,TRAFFIC_CURRENT,,CM_MAC,VARCHAR2,17,,,N,N,N,,IPG_STARGUS,TRAFFIC_CURRENT,CM_MAC,STRING,N,,,N,,,,,1
STARGUS,IPG.UPC.HU,IPG,TRAFFIC_CURRENT,,,,,,,N,N,N,,IPG_STARGUS,TRAFFIC_CURRENT,TR_FILE_ID,INT64,N,,,N,,,,,1000
STARGUS,IPG.UPC.HU,IPG,TRAFFIC_CURRENT,,,,,,,N,N,N,,IPG_STARGUS,TRAFFIC_CURRENT,TR_INSERT_DATETIME,DATE,N,,,N,,,,,1001
STARGUS,IPG.UPC.HU,IPG,TRAFFIC_CURRENT,,,,,,,N,N,N,,IPG_STARGUS,TRAFFIC_CURRENT,TR_INSERT_ID,INT64,N,,,N,,,,,1003
STARGUS,IPG.UPC.HU,IPG,TRAFFIC_CURRENT,,,,,,,Y,N,N,,IPG_STARGUS,TRAFFIC_CURRENT,TR_UPDATE_DATETIME,DATE,N,,,N,,,,,1005
STARGUS,IPG.UPC.HU,IPG,TRAFFIC_CURRENT,,,,,,,Y,N,N,,IPG_STARGUS,TRAFFIC_CURRENT,TR_UPDATE_ID,INT64,N,,,N,,,,,1008
CPE_ADMIN,CPE11.UPC.HU,CPE11F2,WIZ_EQUIP_MODEL_CODES,,ABBREV,VARCHAR2,8,,,Y,N,N,,CPE_ADMIN,WIZ_EQUIP_MODEL_CODES,ABBREV,STRING,N,,,N,,,,,1
CPE_ADMIN,CPE11.UPC.HU,CPE11F2,WIZ_EQUIP_MODEL_CODES,,CONVERTER_TYPE,VARCHAR2,50,,,Y,N,Y,,CPE_ADMIN,WIZ_EQUIP_MODEL_CODES,CONVERTER_TYPE,STRING,N,,,N,,,,,1
CPE_ADMIN,CPE11.UPC.HU,CPE11F2,WIZ_EQUIP_MODEL_CODES,,IS_WIZARD_DEVICE_TYPE,NUMBER,22,0.0,2.0,Y,N,Y,,CPE_ADMIN,WIZ_EQUIP_MODEL_CODES,IS_WIZARD_DEVICE_TYPE,INT64,N,,,N,,,,,1
CPE_ADMIN,CPE11.UPC.HU,CPE11F2,WIZ_EQUIP_MODEL_CODES,,DESCR,VARCHAR2,60,,,Y,N,Y,,CPE_ADMIN,WIZ_EQUIP_MODEL_CODES,DESCR,STRING,N,,,N,,,,,1
CPE_ADMIN,CPE11.UPC.HU,CPE11F2,WIZ_EQUIP_MODEL_CODES,,FLYER_DEVICE_PREFIX,VARCHAR2,5,,,Y,N,N,,CPE_ADMIN,WIZ_EQUIP_MODEL_CODES,FLYER_DEVICE_PREFIX,STRING,N,,,N,,,,,1
CPE_ADMIN,CPE11.UPC.HU,CPE11F2,WIZ_EQUIP_MODEL_CODES,,CONVERTER_MODEL,VARCHAR2,50,,,Y,N,Y,,CPE_ADMIN,WIZ_EQUIP_MODEL_CODES,CONVERTER_MODEL,STRING,N,,,N,,,,,1
CPE_ADMIN,CPE11.UPC.HU,CPE11F2,WIZ_EQUIP_MODEL_CODES,,IS_UFE_DEVICE_TYPE,NUMBER,22,0.0,2.0,Y,N,Y,,CPE_ADMIN,WIZ_EQUIP_MODEL_CODES,IS_UFE_DEVICE_TYPE,INT64,N,,,N,,,,,1
CPE_ADMIN,CPE11.UPC.HU,CPE11F2,WIZ_EQUIP_MODEL_CODES,,MANUFACTURER,VARCHAR2,50,,,Y,N,Y,,CPE_ADMIN,WIZ_EQUIP_MODEL_CODES,MANUFACTURER,STRING,N,,,N,,,,,1
CPE_ADMIN,CPE11.UPC.HU,CPE11F2,WIZ_EQUIP_MODEL_CODES,,,,,,,Y,N,N,,CPE_ADMIN,WIZ_EQUIP_MODEL_CODES,EFFECTIVE_LOAD_DATE,DATE,N,,,N,,,,,800
CPE_ADMIN,CPE11.UPC.HU,CPE11F2,WIZ_EQUIP_MODEL_CODES,,,,,,,N,N,N,,CPE_ADMIN,WIZ_EQUIP_MODEL_CODES,TR_FILE_ID,INT64,N,,,N,,,,,1000
CPE_ADMIN,CPE11.UPC.HU,CPE11F2,WIZ_EQUIP_MODEL_CODES,,,,,,,N,N,N,,CPE_ADMIN,WIZ_EQUIP_MODEL_CODES,TR_INSERT_DATETIME,DATE,N,,,N,,,,,1001
CPE_ADMIN,CPE11.UPC.HU,CPE11F2,WIZ_EQUIP_MODEL_CODES,,,,,,,N,N,N,,CPE_ADMIN,WIZ_EQUIP_MODEL_CODES,TR_INSERT_ID,INT64,N,,,N,,,,,1003
CPE_ADMIN,CPE11.UPC.HU,CPE11F2,WIZ_EQUIP_MODEL_CODES,,,,,,,Y,N,N,,CPE_ADMIN,WIZ_EQUIP_MODEL_CODES,TR_UPDATE_DATETIME,DATE,N,,,N,,,,,1005
CPE_ADMIN,CPE11.UPC.HU,CPE11F2,WIZ_EQUIP_MODEL_CODES,,,,,,,Y,N,N,,CPE_ADMIN,WIZ_EQUIP_MODEL_CODES,TR_UPDATE_ID,INT64,N,,,N,,,,,1008
PROD7_DBA,WIZARD,PROD7,WIZ_INSTALLMENT_PLAN,,PRODUCT_CODE,CHAR,3,,,Y,N,N,,PROD7_DBA,WIZ_INSTALLMENT_PLAN,PRODUCT_CODE,STRING,N,,,N,,,,,1
PROD7_DBA,WIZARD,PROD7,WIZ_INSTALLMENT_PLAN,,DELETE_DATE,DATE,7,,,Y,N,N,,PROD7_DBA,WIZ_INSTALLMENT_PLAN,DELETE_DATE,TIMESTAMP,N,,,N,,,,,1
PROD7_DBA,WIZARD,PROD7,WIZ_INSTALLMENT_PLAN,,NUMBER_OF_PAYMENTS,NUMBER,22,0.0,5.0,Y,N,N,,PROD7_DBA,WIZ_INSTALLMENT_PLAN,NUMBER_OF_PAYMENTS,INT64,N,,,N,,,,,1
PROD7_DBA,WIZARD,PROD7,WIZ_INSTALLMENT_PLAN,,INSTALL_PLAN_SEQ,NUMBER,22,0.0,10.0,Y,Y,Y,,PROD7_DBA,WIZ_INSTALLMENT_PLAN,INSTALL_PLAN_SEQ,INT64,Y,,,N,,,,,1
PROD7_DBA,WIZARD,PROD7,WIZ_INSTALLMENT_PLAN,,AR_TRX_CODE,CHAR,3,,,Y,N,N,,PROD7_DBA,WIZ_INSTALLMENT_PLAN,AR_TRX_CODE,STRING,N,,,N,,,,,1
PROD7_DBA,WIZARD,PROD7,WIZ_INSTALLMENT_PLAN,,OPERATOR_ID,NUMBER,22,0.0,10.0,Y,N,N,,PROD7_DBA,WIZ_INSTALLMENT_PLAN,OPERATOR_ID,INT64,N,,,Y,,,,,1
PROD7_DBA,WIZARD,PROD7,WIZ_INSTALLMENT_PLAN,,DELETING_USER,CHAR,3,,,Y,N,N,,PROD7_DBA,WIZ_INSTALLMENT_PLAN,DELETING_USER,STRING,N,,,Y,,,contact,name,1
PROD7_DBA,WIZARD,PROD7,WIZ_INSTALLMENT_PLAN,,SERVICE_ADDRESS_ID,NUMBER,22,0.0,10.0,Y,N,Y,,PROD7_DBA,WIZ_INSTALLMENT_PLAN,SERVICE_ADDRESS_ID,INT64,N,,,Y,,,,,1
PROD7_DBA,WIZARD,PROD7,WIZ_INSTALLMENT_PLAN,,INSTALL_PAY_BALANCE,NUMBER,22,2.0,10.0,Y,N,N,,PROD7_DBA,WIZ_INSTALLMENT_PLAN,INSTALL_PAY_BALANCE,NUMERIC,N,,,N,,,,,1
PROD7_DBA,WIZARD,PROD7,WIZ_INSTALLMENT_PLAN,,SUB_ACCOUNT_NUMBER,NUMBER,22,0.0,5.0,Y,N,N,,PROD7_DBA,WIZ_INSTALLMENT_PLAN,SUB_ACCOUNT_NUMBER,INT64,N,,,Y,,,billing,account number,1
PROD7_DBA,WIZARD,PROD7,WIZ_INSTALLMENT_PLAN,,ANNIVERSARY_DATE,DATE,7,,,Y,N,N,,PROD7_DBA,WIZ_INSTALLMENT_PLAN,ANNIVERSARY_DATE,TIMESTAMP,N,,,N,,,,,1
PROD7_DBA,WIZARD,PROD7,WIZ_INSTALLMENT_PLAN,,PRODUCT_SEQ,NUMBER,22,0.0,10.0,Y,N,N,,PROD7_DBA,WIZ_INSTALLMENT_PLAN,PRODUCT_SEQ,INT64,N,,,N,,,,,1
PROD7_DBA,WIZARD,PROD7,WIZ_INSTALLMENT_PLAN,,INSTALL_BEGIN_DATE,DATE,7,,,Y,N,Y,,PROD7_DBA,WIZ_INSTALLMENT_PLAN,INSTALL_BEGIN_DATE,TIMESTAMP,N,,,N,,,,,1
PROD7_DBA,WIZARD,PROD7,WIZ_INSTALLMENT_PLAN,,INSTALLMENT_PLAN_NUM,NUMBER,22,0.0,10.0,Y,N,N,,PROD7_DBA,WIZ_INSTALLMENT_PLAN,INSTALLMENT_PLAN_NUM,INT64,N,,,N,,,,,1
PROD7_DBA,WIZARD,PROD7,WIZ_INSTALLMENT_PLAN,,INSTALL_ORIG_AMT,NUMBER,22,2.0,10.0,Y,N,N,,PROD7_DBA,WIZ_INSTALLMENT_PLAN,INSTALL_ORIG_AMT,NUMERIC,N,,,N,,,,,1
PROD7_DBA,WIZARD,PROD7,WIZ_INSTALLMENT_PLAN,,BILLING_FREQUENCY,CHAR,1,,,Y,N,N,,PROD7_DBA,WIZ_INSTALLMENT_PLAN,BILLING_FREQUENCY,STRING,N,,,N,,,,,1
PROD7_DBA,WIZARD,PROD7,WIZ_INSTALLMENT_PLAN,,INSTALL_PAY_AMT,NUMBER,22,2.0,10.0,Y,N,N,,PROD7_DBA,WIZ_INSTALLMENT_PLAN,INSTALL_PAY_AMT,NUMERIC,N,,,N,,,,,1
PROD7_DBA,WIZARD,PROD7,WIZ_INSTALLMENT_PLAN,,ACCOUNT_NUMBER,NUMBER,22,0.0,10.0,Y,N,Y,,PROD7_DBA,WIZ_INSTALLMENT_PLAN,ACCOUNT_NUMBER,INT64,N,,,Y,,,billing,account number,1
PROD7_DBA,WIZARD,PROD7,WIZ_INSTALLMENT_PLAN,,,,,,,N,N,N,,PROD7_DBA,WIZ_INSTALLMENT_PLAN,TR_FILE_ID,INT64,N,,,N,,,,,1000
PROD7_DBA,WIZARD,PROD7,WIZ_INSTALLMENT_PLAN,,,,,,,N,N,N,,PROD7_DBA,WIZ_INSTALLMENT_PLAN,TR_INSERT_DATETIME,DATE,N,,,N,,,,,1001
PROD7_DBA,WIZARD,PROD7,WIZ_INSTALLMENT_PLAN,,,,,,,N,N,N,,PROD7_DBA,WIZ_INSTALLMENT_PLAN,TR_INSERT_ID,INT64,N,,,N,,,,,1003
PROD7_DBA,WIZARD,PROD7,WIZ_INSTALLMENT_PLAN,,,,,,,Y,N,N,,PROD7_DBA,WIZ_INSTALLMENT_PLAN,TR_UPDATE_DATETIME,DATE,N,,,N,,,,,1005
PROD7_DBA,WIZARD,PROD7,WIZ_INSTALLMENT_PLAN,,,,,,,Y,N,N,,PROD7_DBA,WIZ_INSTALLMENT_PLAN,TR_UPDATE_ID,INT64,N,,,N,,,,,1008
XCONV,WIZARD,W7REP,X_TBRINGYE_34443,,PRODUCT_CODE2,VARCHAR2,20,,,Y,N,N,,W7REP_XCONV,X_TBRINGYE_34443,PRODUCT_CODE2,STRING,N,,,N,,,,,1
XCONV,WIZARD,W7REP,X_TBRINGYE_34443,,EFFECTIVE_DATE,DATE,7,,,Y,N,N,,W7REP_XCONV,X_TBRINGYE_34443,EFFECTIVE_DATE,TIMESTAMP,N,,,N,,,,,1
XCONV,WIZARD,W7REP,X_TBRINGYE_34443,,AR_TRX_CODE,CHAR,3,,,Y,N,N,,W7REP_XCONV,X_TBRINGYE_34443,AR_TRX_CODE,STRING,N,,,N,,,,,1
XCONV,WIZARD,W7REP,X_TBRINGYE_34443,,QUANTITY,NUMBER,22,,,Y,N,N,,W7REP_XCONV,X_TBRINGYE_34443,QUANTITY,INT64,N,,,N,,,,,1
XCONV,WIZARD,W7REP,X_TBRINGYE_34443,,NON_STANDARD_PRODUCT_RATE,CHAR,2,,,Y,N,N,,W7REP_XCONV,X_TBRINGYE_34443,NON_STANDARD_PRODUCT_RATE,STRING,N,,,N,,,,,1
XCONV,WIZARD,W7REP,X_TBRINGYE_34443,,DEBT_SUSP,NUMBER,22,,,Y,N,N,,W7REP_XCONV,X_TBRINGYE_34443,DEBT_SUSP,INT64,N,,,N,,,,,1
XCONV,WIZARD,W7REP,X_TBRINGYE_34443,,EFFECTIVE_DATE2,DATE,7,,,Y,N,N,,W7REP_XCONV,X_TBRINGYE_34443,EFFECTIVE_DATE2,TIMESTAMP,N,,,N,,,,,1
XCONV,WIZARD,W7REP,X_TBRINGYE_34443,,ORIGINATOR_SUB_ACCOUNT_NUMBER,NUMBER,22,,,Y,N,N,,W7REP_XCONV,X_TBRINGYE_34443,ORIGINATOR_SUB_ACCOUNT_NUMBER,INT64,N,,,Y,,,billing,account number,1
XCONV,WIZARD,W7REP,X_TBRINGYE_34443,,FULFILLMENT_DATE,DATE,7,,,Y,N,N,,W7REP_XCONV,X_TBRINGYE_34443,FULFILLMENT_DATE,TIMESTAMP,N,,,N,,,,,1
XCONV,WIZARD,W7REP,X_TBRINGYE_34443,,MOVE_TYPE,NUMBER,22,,,Y,N,N,,W7REP_XCONV,X_TBRINGYE_34443,MOVE_TYPE,INT64,N,,,N,,,,,1
XCONV,WIZARD,W7REP,X_TBRINGYE_34443,,PRODUCT_CODE,VARCHAR2,60,,,Y,N,N,,W7REP_XCONV,X_TBRINGYE_34443,PRODUCT_CODE,STRING,N,,,N,,,,,1
XCONV,WIZARD,W7REP,X_TBRINGYE_34443,,AMT,NUMBER,22,2.0,15.0,Y,N,N,,W7REP_XCONV,X_TBRINGYE_34443,AMT,FLOAT64,N,,,N,,,,,1
XCONV,WIZARD,W7REP,X_TBRINGYE_34443,,STATEMENT_NUMBER,NUMBER,22,,,Y,N,N,,W7REP_XCONV,X_TBRINGYE_34443,STATEMENT_NUMBER,INT64,N,,,N,,,,,1
XCONV,WIZARD,W7REP,X_TBRINGYE_34443,,EGYSA,NUMBER,22,2.0,10.0,Y,N,N,,W7REP_XCONV,X_TBRINGYE_34443,EGYSA,FLOAT64,N,,,N,,,,,1
XCONV,WIZARD,W7REP,X_TBRINGYE_34443,,CHANGE_MODE,NUMBER,22,,,Y,N,N,,W7REP_XCONV,X_TBRINGYE_34443,CHANGE_MODE,INT64,N,,,N,,,,,1
XCONV,WIZARD,W7REP,X_TBRINGYE_34443,,CUSTOMER_TYPE,CHAR,3,,,Y,N,N,,W7REP_XCONV,X_TBRINGYE_34443,CUSTOMER_TYPE,STRING,N,,,N,,,,,1
XCONV,WIZARD,W7REP,X_TBRINGYE_34443,,PRODUCT_SEQ2,NUMBER,22,,,Y,N,N,,W7REP_XCONV,X_TBRINGYE_34443,PRODUCT_SEQ2,INT64,N,,,N,,,,,1
XCONV,WIZARD,W7REP,X_TBRINGYE_34443,,LOYALITY2,NUMBER,22,,,Y,N,N,,W7REP_XCONV,X_TBRINGYE_34443,LOYALITY2,INT64,N,,,N,,,,,1
XCONV,WIZARD,W7REP,X_TBRINGYE_34443,,ORIGINATOR_ACCOUNT_NUMBER,NUMBER,22,,,Y,N,N,,W7REP_XCONV,X_TBRINGYE_34443,ORIGINATOR_ACCOUNT_NUMBER,INT64,N,,,Y,,,billing,account number,1
XCONV,WIZARD,W7REP,X_TBRINGYE_34443,,SECOND_EFFECTIVE,DATE,7,,,Y,N,N,,W7REP_XCONV,X_TBRINGYE_34443,SECOND_EFFECTIVE,TIMESTAMP,N,,,N,,,,,1
XCONV,WIZARD,W7REP,X_TBRINGYE_34443,,ORG_UNIT_CODE,VARCHAR2,3,,,Y,N,N,,W7REP_XCONV,X_TBRINGYE_34443,ORG_UNIT_CODE,STRING,N,,,N,,,,,1
XCONV,WIZARD,W7REP,X_TBRINGYE_34443,,ID,NUMBER,22,,,Y,N,N,,W7REP_XCONV,X_TBRINGYE_34443,ID,INT64,N,,,N,,,,,1
XCONV,WIZARD,W7REP,X_TBRINGYE_34443,,ACCOUNT_NUMBER,NUMBER,22,,,Y,Y,Y,,W7REP_XCONV,X_TBRINGYE_34443,ACCOUNT_NUMBER,INT64,Y,,,Y,,,billing,account number,1
XCONV,WIZARD,W7REP,X_TBRINGYE_34443,,END_EFFECTIVE_DATE,DATE,7,,,Y,N,N,,W7REP_XCONV,X_TBRINGYE_34443,END_EFFECTIVE_DATE,TIMESTAMP,N,,,N,,,,,1
XCONV,WIZARD,W7REP,X_TBRINGYE_34443,,PROMOTION_CODE,CHAR,3,,,Y,N,N,,W7REP_XCONV,X_TBRINGYE_34443,PROMOTION_CODE,STRING,N,,,N,,,,,1
XCONV,WIZARD,W7REP,X_TBRINGYE_34443,,PRODUCT_SEQ,NUMBER,22,,,Y,Y,Y,,W7REP_XCONV,X_TBRINGYE_34443,PRODUCT_SEQ,INT64,Y,,,N,,,,,1
XCONV,WIZARD,W7REP,X_TBRINGYE_34443,,DISCONNECT,CHAR,2,,,Y,N,N,,W7REP_XCONV,X_TBRINGYE_34443,DISCONNECT,STRING,N,,,N,,,,,1
XCONV,WIZARD,W7REP,X_TBRINGYE_34443,,SALES_CODE,CHAR,3,,,Y,N,N,,W7REP_XCONV,X_TBRINGYE_34443,SALES_CODE,STRING,N,,,N,,,,,1
XCONV,WIZARD,W7REP,X_TBRINGYE_34443,,OPEN_DATE,DATE,7,,,Y,N,N,,W7REP_XCONV,X_TBRINGYE_34443,OPEN_DATE,TIMESTAMP,N,,,N,,,,,1
XCONV,WIZARD,W7REP,X_TBRINGYE_34443,,ORG_UNIT_NAME,VARCHAR2,60,,,Y,N,N,,W7REP_XCONV,X_TBRINGYE_34443,ORG_UNIT_NAME,STRING,N,,,N,,,,,1
XCONV,WIZARD,W7REP,X_TBRINGYE_34443,,OUTLET_LOCATION,CHAR,3,,,Y,N,N,,W7REP_XCONV,X_TBRINGYE_34443,OUTLET_LOCATION,STRING,N,,,N,,,,,1
XCONV,WIZARD,W7REP,X_TBRINGYE_34443,,GROUP_TYPE,NUMBER,22,,,Y,N,N,,W7REP_XCONV,X_TBRINGYE_34443,GROUP_TYPE,INT64,N,,,N,,,,,1
XCONV,WIZARD,W7REP,X_TBRINGYE_34443,,TOTAL_AMT,NUMBER,22,2.0,15.0,Y,N,N,,W7REP_XCONV,X_TBRINGYE_34443,TOTAL_AMT,FLOAT64,N,,,N,,,subscription,amount,1
XCONV,WIZARD,W7REP,X_TBRINGYE_34443,,NROW,NUMBER,22,,,Y,N,N,,W7REP_XCONV,X_TBRINGYE_34443,NROW,INT64,N,,,N,,,,,1
XCONV,WIZARD,W7REP,X_TBRINGYE_34443,,TOTAL_AMT2,NUMBER,22,2.0,15.0,Y,N,N,,W7REP_XCONV,X_TBRINGYE_34443,TOTAL_AMT2,NUMERIC,N,,,N,,,subscription,amount,1
XCONV,WIZARD,W7REP,X_TBRINGYE_34443,,MDU_SUBD_CODE,CHAR,3,,,Y,N,N,,W7REP_XCONV,X_TBRINGYE_34443,MDU_SUBD_CODE,STRING,N,,,N,,,,,1
XCONV,WIZARD,W7REP,X_TBRINGYE_34443,,CURR_SCHED_DATE,DATE,7,,,Y,N,N,,W7REP_XCONV,X_TBRINGYE_34443,CURR_SCHED_DATE,TIMESTAMP,N,,,N,,,,,1
XCONV,WIZARD,W7REP,X_TBRINGYE_34443,,LIST_PRICE,NUMBER,22,2.0,10.0,Y,N,N,,W7REP_XCONV,X_TBRINGYE_34443,LIST_PRICE,FLOAT64,N,,,N,,,,,1
XCONV,WIZARD,W7REP,X_TBRINGYE_34443,,SECOND_PRICE_NETTO,NUMBER,22,2.0,10.0,Y,N,N,,W7REP_XCONV,X_TBRINGYE_34443,SECOND_PRICE_NETTO,FLOAT64,N,,,N,,,,,1
XCONV,WIZARD,W7REP,X_TBRINGYE_34443,,MARKETING_CODE,CHAR,3,,,Y,N,N,,W7REP_XCONV,X_TBRINGYE_34443,MARKETING_CODE,STRING,N,,,N,,,,,1
XCONV,WIZARD,W7REP,X_TBRINGYE_34443,,CAMPAIGN_CODE,CHAR,3,,,Y,N,N,,W7REP_XCONV,X_TBRINGYE_34443,CAMPAIGN_CODE,STRING,N,,,N,,,,,1
XCONV,WIZARD,W7REP,X_TBRINGYE_34443,,RATE_CODE,CHAR,3,,,Y,N,N,,W7REP_XCONV,X_TBRINGYE_34443,RATE_CODE,STRING,N,,,N,,,,,1
XCONV,WIZARD,W7REP,X_TBRINGYE_34443,,RATE_CODE2,CHAR,3,,,Y,N,N,,W7REP_XCONV,X_TBRINGYE_34443,RATE_CODE2,STRING,N,,,N,,,,,1
XCONV,WIZARD,W7REP,X_TBRINGYE_34443,,LOYALITY1,NUMBER,22,,,Y,N,N,,W7REP_XCONV,X_TBRINGYE_34443,LOYALITY1,INT64,N,,,N,,,,,1
XCONV,WIZARD,W7REP,X_TBRINGYE_34443,,PACKAGE_NAME,VARCHAR2,60,,,Y,N,N,,W7REP_XCONV,X_TBRINGYE_34443,PACKAGE_NAME,STRING,N,,,N,,,,,1
XCONV,WIZARD,W7REP,X_TBRINGYE_34443,,RATE_TIER_SEQUENCE,NUMBER,22,,,Y,N,N,,W7REP_XCONV,X_TBRINGYE_34443,RATE_TIER_SEQUENCE,INT64,N,,,N,,,,,1
XCONV,WIZARD,W7REP,X_TBRINGYE_34443,,BILLING_FREQUENCY,NUMBER,22,,,Y,N,N,,W7REP_XCONV,X_TBRINGYE_34443,BILLING_FREQUENCY,INT64,N,,,N,,,,,1
XCONV,WIZARD,W7REP,X_TBRINGYE_34443,,POSTING_DATE,DATE,7,,,Y,N,N,,W7REP_XCONV,X_TBRINGYE_34443,POSTING_DATE,TIMESTAMP,N,,,N,,,,,1
XCONV,WIZARD,W7REP,X_TBRINGYE_34443,,AMT2,NUMBER,22,2.0,15.0,Y,N,N,,W7REP_XCONV,X_TBRINGYE_34443,AMT2,NUMERIC,N,,,N,,,,,1
XCONV,WIZARD,W7REP,X_TBRINGYE_34443,,SEC_SVC_GROUP2,VARCHAR2,20,,,Y,N,N,,W7REP_XCONV,X_TBRINGYE_34443,SEC_SVC_GROUP2,STRING,N,,,N,,,,,1
XCONV,WIZARD,W7REP,X_TBRINGYE_34443,,PROMOTION_CODE2,CHAR,3,,,Y,N,N,,W7REP_XCONV,X_TBRINGYE_34443,PROMOTION_CODE2,STRING,N,,,N,,,,,1
XCONV,WIZARD,W7REP,X_TBRINGYE_34443,,QUANTITY2,NUMBER,22,,,Y,N,N,,W7REP_XCONV,X_TBRINGYE_34443,QUANTITY2,INT64,N,,,N,,,,,1
XCONV,WIZARD,W7REP,X_TBRINGYE_34443,,BILLING_CYCLE,NUMBER,22,,,Y,N,N,,W7REP_XCONV,X_TBRINGYE_34443,BILLING_CYCLE,INT64,N,,,N,,,,,1
XCONV,WIZARD,W7REP,X_TBRINGYE_34443,,WO_STATUS2,CHAR,1,,,Y,N,N,,W7REP_XCONV,X_TBRINGYE_34443,WO_STATUS2,STRING,N,,,N,,,,,1
XCONV,WIZARD,W7REP,X_TBRINGYE_34443,,MDU,NUMBER,22,,,Y,N,N,,W7REP_XCONV,X_TBRINGYE_34443,MDU,INT64,N,,,N,,,,,1
XCONV,WIZARD,W7REP,X_TBRINGYE_34443,,RANDOM1,NUMBER,22,,,Y,N,N,,W7REP_XCONV,X_TBRINGYE_34443,RANDOM1,INT64,N,,,N,,,,,1
XCONV,WIZARD,W7REP,X_TBRINGYE_34443,,I_LIST_PRICE,NUMBER,22,,,Y,N,N,,W7REP_XCONV,X_TBRINGYE_34443,I_LIST_PRICE,INT64,N,,,N,,,,,1
XCONV,WIZARD,W7REP,X_TBRINGYE_34443,,LIST_PRICE_NETTO,NUMBER,22,2.0,10.0,Y,N,N,,W7REP_XCONV,X_TBRINGYE_34443,LIST_PRICE_NETTO,FLOAT64,N,,,N,,,,,1
XCONV,WIZARD,W7REP,X_TBRINGYE_34443,,WORK_BATCH_NUMBER,NUMBER,22,,,Y,N,N,,W7REP_XCONV,X_TBRINGYE_34443,WORK_BATCH_NUMBER,INT64,N,,,N,,,,,1
XCONV,WIZARD,W7REP,X_TBRINGYE_34443,,EGYSA2,NUMBER,22,2.0,10.0,Y,N,N,,W7REP_XCONV,X_TBRINGYE_34443,EGYSA2,NUMERIC,N,,,N,,,,,1
XCONV,WIZARD,W7REP,X_TBRINGYE_34443,,RANDOM2,NUMBER,22,,,Y,N,N,,W7REP_XCONV,X_TBRINGYE_34443,RANDOM2,INT64,N,,,N,,,,,1
XCONV,WIZARD,W7REP,X_TBRINGYE_34443,,SUB_ACCOUNT_NUMBER,NUMBER,22,,,Y,N,N,,W7REP_XCONV,X_TBRINGYE_34443,SUB_ACCOUNT_NUMBER,INT64,N,,,Y,,,billing,account number,1
XCONV,WIZARD,W7REP,X_TBRINGYE_34443,,TAX,NUMBER,22,,,Y,N,N,,W7REP_XCONV,X_TBRINGYE_34443,TAX,INT64,N,,,N,,,customer,address,1
XCONV,WIZARD,W7REP,X_TBRINGYE_34443,,TRX_SEQUENCE_NUM,NUMBER,22,,,Y,N,N,,W7REP_XCONV,X_TBRINGYE_34443,TRX_SEQUENCE_NUM,INT64,N,,,N,,,,,1
XCONV,WIZARD,W7REP,X_TBRINGYE_34443,,SVC_GROUP2,VARCHAR2,60,,,Y,N,N,,W7REP_XCONV,X_TBRINGYE_34443,SVC_GROUP2,STRING,N,,,N,,,,,1
XCONV,WIZARD,W7REP,X_TBRINGYE_34443,,FRANCHISE_CODE,CHAR,3,,,Y,N,N,,W7REP_XCONV,X_TBRINGYE_34443,FRANCHISE_CODE,STRING,N,,,N,,,,,1
XCONV,WIZARD,W7REP,X_TBRINGYE_34443,,WO_STATUS,CHAR,1,,,Y,N,N,,W7REP_XCONV,X_TBRINGYE_34443,WO_STATUS,STRING,N,,,N,,,,,1
XCONV,WIZARD,W7REP,X_TBRINGYE_34443,,SALES_AGENT_CODE,CHAR,8,,,Y,N,N,,W7REP_XCONV,X_TBRINGYE_34443,SALES_AGENT_CODE,STRING,N,,,N,,,,,1
XCONV,WIZARD,W7REP,X_TBRINGYE_34443,,SECOND_PRICE,NUMBER,22,2.0,10.0,Y,N,N,,W7REP_XCONV,X_TBRINGYE_34443,SECOND_PRICE,FLOAT64,N,,,N,,,,,1
XCONV,WIZARD,W7REP,X_TBRINGYE_34443,,,,,,,N,N,N,,W7REP_XCONV,X_TBRINGYE_34443,TR_FILE_ID,INT64,N,,,N,,,,,1000
XCONV,WIZARD,W7REP,X_TBRINGYE_34443,,,,,,,N,N,N,,W7REP_XCONV,X_TBRINGYE_34443,TR_INSERT_DATETIME,DATE,N,,,N,,,,,1001
XCONV,WIZARD,W7REP,X_TBRINGYE_34443,,,,,,,N,N,N,,W7REP_XCONV,X_TBRINGYE_34443,TR_INSERT_ID,INT64,N,,,N,,,,,1003
XCONV,WIZARD,W7REP,X_TBRINGYE_34443,,,,,,,Y,N,N,,W7REP_XCONV,X_TBRINGYE_34443,TR_UPDATE_DATETIME,DATE,N,,,N,,,,,1005
XCONV,WIZARD,W7REP,X_TBRINGYE_34443,,,,,,,Y,N,N,,W7REP_XCONV,X_TBRINGYE_34443,TR_UPDATE_ID,INT64,N,,,N,,,,,1008
