bq.dataset,bq.dataset (Lower),TARGET_TABLE_NAME,Lower Table Name,file_name,raw_raw_pipeline_name,raw_curation_pipeline_name,instance_name,location, runtime_args:GCS_Input_Path(Bucket Name), runtime_args:GCS_Input_Path(owner), runtime_args:GCS_Input_Path(Schema),recipe,schema,bq.table,gcs.project,bq.project,bq.TempStorage, runtime_args: header
NC_TOMS,nc_toms,R_CIM_CUST_INTERACT,r_cim_cust_interact,r_cim_cust_interact,nc14_fusion_raw_to_raw,nc14_fusion_insert_append,vf-hu-tr-dev-lab-cdf-1,europe-west1,gs://vfhu-trdh-rawingested-dmaap-devlab,nc,nrdb,r_cim_cust_interact_recipe.txt,r_cim_cust_interact_schema.txt,r_cim_cust_interact,vf-hu-tr-dev-lab,vf-hu-tr-dev-lab,vf-hu-tr-dev-bq-tempstorage,
NC_TOMS,nc_toms,R_CIM_CUSTOM_LIST,r_cim_custom_list,r_cim_custom_list,nc14_fusion_raw_to_raw,nc14_fusion_insert_append,vf-hu-tr-dev-lab-cdf-1,europe-west1,gs://vfhu-trdh-rawingested-dmaap-devlab,nc,nrdb,r_cim_custom_list_recipe.txt,r_cim_custom_list_schema.txt,r_cim_custom_list,vf-hu-tr-dev-lab,vf-hu-tr-dev-lab,vf-hu-tr-dev-bq-tempstorage,
NC_TOMS,nc_toms,R_CIM_INDIVIDUAL_ROLE,r_cim_individual_role,r_cim_individual_role,nc14_fusion_raw_to_raw,nc14_fusion_insert_append,vf-hu-tr-dev-lab-cdf-1,europe-west1,gs://vfhu-trdh-rawingested-dmaap-devlab,nc,nrdb,r_cim_individual_role_recipe.txt,r_cim_individual_role_schema.txt,r_cim_individual_role,vf-hu-tr-dev-lab,vf-hu-tr-dev-lab,vf-hu-tr-dev-bq-tempstorage,
NC_TOMS,nc_toms,R_CIM_ORG,r_cim_org,r_cim_org,nc14_fusion_raw_to_raw,nc14_fusion_insert_append,vf-hu-tr-dev-lab-cdf-1,europe-west1,gs://vfhu-trdh-rawingested-dmaap-devlab,nc,nrdb,r_cim_org_recipe.txt,r_cim_org_schema.txt,r_cim_org,vf-hu-tr-dev-lab,vf-hu-tr-dev-lab,vf-hu-tr-dev-bq-tempstorage,
NC_TOMS,nc_toms,R_CIM_PRG,r_cim_prg,r_cim_prg,nc14_fusion_raw_to_raw,nc14_fusion_insert_append,vf-hu-tr-dev-lab-cdf-1,europe-west1,gs://vfhu-trdh-rawingested-dmaap-devlab,nc,nrdb,r_cim_prg_recipe.txt,r_cim_prg_schema.txt,r_cim_prg,vf-hu-tr-dev-lab,vf-hu-tr-dev-lab,vf-hu-tr-dev-bq-tempstorage,
NC_TOMS,nc_toms,R_CM_ADDITIONAL_AGRMT,r_cm_additional_agrmt,r_cm_additional_agrmt,nc14_fusion_raw_to_raw,nc14_fusion_insert_append,vf-hu-tr-dev-lab-cdf-1,europe-west1,gs://vfhu-trdh-rawingested-dmaap-devlab,nc,nrdb,r_cm_additional_agrmt_recipe.txt,r_cm_additional_agrmt_schema.txt,r_cm_additional_agrmt,vf-hu-tr-dev-lab,vf-hu-tr-dev-lab,vf-hu-tr-dev-bq-tempstorage,
NC_TOMS,nc_toms,R_CM_COMMERCIAL_AGRMT,r_cm_commercial_agrmt,r_cm_commercial_agrmt,nc14_fusion_raw_to_raw,nc14_fusion_insert_append,vf-hu-tr-dev-lab-cdf-1,europe-west1,gs://vfhu-trdh-rawingested-dmaap-devlab,nc,nrdb,r_cm_commercial_agrmt_recipe.txt,r_cm_commercial_agrmt_schema.txt,r_cm_commercial_agrmt,vf-hu-tr-dev-lab,vf-hu-tr-dev-lab,vf-hu-tr-dev-bq-tempstorage,
NC_TOMS,nc_toms,R_CM_MASTER_AGRMT_PRC,r_cm_master_agrmt_prc,r_cm_master_agrmt_prc,nc14_fusion_raw_to_raw,nc14_fusion_insert_append,vf-hu-tr-dev-lab-cdf-1,europe-west1,gs://vfhu-trdh-rawingested-dmaap-devlab,nc,nrdb,r_cm_master_agrmt_prc_recipe.txt,r_cm_master_agrmt_prc_schema.txt,r_cm_master_agrmt_prc,vf-hu-tr-dev-lab,vf-hu-tr-dev-lab,vf-hu-tr-dev-bq-tempstorage,
NC_TOMS,nc_toms,R_CM_MRKTLINE,r_cm_mrktline,r_cm_mrktline,nc14_fusion_raw_to_raw,nc14_fusion_insert_append,vf-hu-tr-dev-lab-cdf-1,europe-west1,gs://vfhu-trdh-rawingested-dmaap-devlab,nc,nrdb,r_cm_mrktline_recipe.txt,r_cm_mrktline_schema.txt,r_cm_mrktline,vf-hu-tr-dev-lab,vf-hu-tr-dev-lab,vf-hu-tr-dev-bq-tempstorage,
NC_TOMS,nc_toms,R_CPM_CUST_CM_TKT,r_cpm_cust_cm_tkt,r_cpm_cust_cm_tkt,nc14_fusion_raw_to_raw,nc14_fusion_insert_append,vf-hu-tr-dev-lab-cdf-1,europe-west1,gs://vfhu-trdh-rawingested-dmaap-devlab,nc,nrdb,r_cpm_cust_cm_tkt_recipe.txt,r_cpm_cust_cm_tkt_schema.txt,r_cpm_cust_cm_tkt,vf-hu-tr-dev-lab,vf-hu-tr-dev-lab,vf-hu-tr-dev-bq-tempstorage,
NC_TOMS,nc_toms,R_CPM_CUST_INC_TKT,r_cpm_cust_inc_tkt,r_cpm_cust_inc_tkt,nc14_fusion_raw_to_raw,nc14_fusion_insert_append,vf-hu-tr-dev-lab-cdf-1,europe-west1,gs://vfhu-trdh-rawingested-dmaap-devlab,nc,nrdb,r_cpm_cust_inc_tkt_recipe.txt,r_cpm_cust_inc_tkt_schema.txt,r_cpm_cust_inc_tkt,vf-hu-tr-dev-lab,vf-hu-tr-dev-lab,vf-hu-tr-dev-bq-tempstorage,
NC_TOMS,nc_toms,R_CPM_CUST_PROBL_TKT,r_cpm_cust_probl_tkt,r_cpm_cust_probl_tkt,nc14_fusion_raw_to_raw,nc14_fusion_insert_append,vf-hu-tr-dev-lab-cdf-1,europe-west1,gs://vfhu-trdh-rawingested-dmaap-devlab,nc,nrdb,r_cpm_cust_probl_tkt_recipe.txt,r_cpm_cust_probl_tkt_schema.txt,r_cpm_cust_probl_tkt,vf-hu-tr-dev-lab,vf-hu-tr-dev-lab,vf-hu-tr-dev-bq-tempstorage,
NC_TOMS,nc_toms,R_CPM_DELAY_ITEM,r_cpm_delay_item,r_cpm_delay_item,nc14_fusion_raw_to_raw,nc14_fusion_insert_append,vf-hu-tr-dev-lab-cdf-1,europe-west1,gs://vfhu-trdh-rawingested-dmaap-devlab,nc,nrdb,r_cpm_delay_item_recipe.txt,r_cpm_delay_item_schema.txt,r_cpm_delay_item,vf-hu-tr-dev-lab,vf-hu-tr-dev-lab,vf-hu-tr-dev-bq-tempstorage,
NC_TOMS,nc_toms,R_CPM_INC_CATEGORY,r_cpm_inc_category,r_cpm_inc_category,nc14_fusion_raw_to_raw,nc14_fusion_insert_append,vf-hu-tr-dev-lab-cdf-1,europe-west1,gs://vfhu-trdh-rawingested-dmaap-devlab,nc,nrdb,r_cpm_inc_category_recipe.txt,r_cpm_inc_category_schema.txt,r_cpm_inc_category,vf-hu-tr-dev-lab,vf-hu-tr-dev-lab,vf-hu-tr-dev-bq-tempstorage,
NC_TOMS,nc_toms,R_CPM_INVESTIGATION_RESULT,r_cpm_investigation_result,r_cpm_investigation_result,nc14_fusion_raw_to_raw,nc14_fusion_insert_append,vf-hu-tr-dev-lab-cdf-1,europe-west1,gs://vfhu-trdh-rawingested-dmaap-devlab,nc,nrdb,r_cpm_investigation_result_recipe.txt,r_cpm_investigation_result_schema.txt,r_cpm_investigation_result,vf-hu-tr-dev-lab,vf-hu-tr-dev-lab,vf-hu-tr-dev-bq-tempstorage,
NC_TOMS,nc_toms,R_CPM_NON_CUST_PROBL_TKT,r_cpm_non_cust_probl_tkt,r_cpm_non_cust_probl_tkt,nc14_fusion_raw_to_raw,nc14_fusion_insert_append,vf-hu-tr-dev-lab-cdf-1,europe-west1,gs://vfhu-trdh-rawingested-dmaap-devlab,nc,nrdb,r_cpm_non_cust_probl_tkt_recipe.txt,r_cpm_non_cust_probl_tkt_schema.txt,r_cpm_non_cust_probl_tkt,vf-hu-tr-dev-lab,vf-hu-tr-dev-lab,vf-hu-tr-dev-bq-tempstorage,
NC_TOMS,nc_toms,R_CPM_PROBL_TKT,r_cpm_probl_tkt,r_cpm_probl_tkt,nc14_fusion_raw_to_raw,nc14_fusion_insert_append,vf-hu-tr-dev-lab-cdf-1,europe-west1,gs://vfhu-trdh-rawingested-dmaap-devlab,nc,nrdb,r_cpm_probl_tkt_recipe.txt,r_cpm_probl_tkt_schema.txt,r_cpm_probl_tkt,vf-hu-tr-dev-lab,vf-hu-tr-dev-lab,vf-hu-tr-dev-bq-tempstorage,
NC_TOMS,nc_toms,R_CPM_ROOT_CAUSE,r_cpm_root_cause,r_cpm_root_cause,nc14_fusion_raw_to_raw,nc14_fusion_insert_append,vf-hu-tr-dev-lab-cdf-1,europe-west1,gs://vfhu-trdh-rawingested-dmaap-devlab,nc,nrdb,r_cpm_root_cause_recipe.txt,r_cpm_root_cause_schema.txt,r_cpm_root_cause,vf-hu-tr-dev-lab,vf-hu-tr-dev-lab,vf-hu-tr-dev-bq-tempstorage,
NC_TOMS,nc_toms,R_CPM_SOLUTION,r_cpm_solution,r_cpm_solution,nc14_fusion_raw_to_raw,nc14_fusion_insert_append,vf-hu-tr-dev-lab-cdf-1,europe-west1,gs://vfhu-trdh-rawingested-dmaap-devlab,nc,nrdb,r_cpm_solution_recipe.txt,r_cpm_solution_schema.txt,r_cpm_solution,vf-hu-tr-dev-lab,vf-hu-tr-dev-lab,vf-hu-tr-dev-bq-tempstorage,
NC_TOMS,nc_toms,R_CPM_TICKET_TYPE,r_cpm_ticket_type,r_cpm_ticket_type,nc14_fusion_raw_to_raw,nc14_fusion_insert_append,vf-hu-tr-dev-lab-cdf-1,europe-west1,gs://vfhu-trdh-rawingested-dmaap-devlab,nc,nrdb,r_cpm_ticket_type_recipe.txt,r_cpm_ticket_type_schema.txt,r_cpm_ticket_type,vf-hu-tr-dev-lab,vf-hu-tr-dev-lab,vf-hu-tr-dev-bq-tempstorage,
NC_TOMS,nc_toms,R_CPM_TKT_ELEMENT,r_cpm_tkt_element,r_cpm_tkt_element,nc14_fusion_raw_to_raw,nc14_fusion_insert_append,vf-hu-tr-dev-lab-cdf-1,europe-west1,gs://vfhu-trdh-rawingested-dmaap-devlab,nc,nrdb,r_cpm_tkt_element_recipe.txt,r_cpm_tkt_element_schema.txt,r_cpm_tkt_element,vf-hu-tr-dev-lab,vf-hu-tr-dev-lab,vf-hu-tr-dev-bq-tempstorage,
NC_TOMS,nc_toms,R_CPM_TT_TASK,r_cpm_tt_task,r_cpm_tt_task,nc14_fusion_raw_to_raw,nc14_fusion_insert_append,vf-hu-tr-dev-lab-cdf-1,europe-west1,gs://vfhu-trdh-rawingested-dmaap-devlab,nc,nrdb,r_cpm_tt_task_recipe.txt,r_cpm_tt_task_schema.txt,r_cpm_tt_task,vf-hu-tr-dev-lab,vf-hu-tr-dev-lab,vf-hu-tr-dev-bq-tempstorage,
NC_TOMS,nc_toms,R_CPM_WORKLOG,r_cpm_worklog,r_cpm_worklog,nc14_fusion_raw_to_raw,nc14_fusion_insert_append,vf-hu-tr-dev-lab-cdf-1,europe-west1,gs://vfhu-trdh-rawingested-dmaap-devlab,nc,nrdb,r_cpm_worklog_recipe.txt,r_cpm_worklog_schema.txt,r_cpm_worklog,vf-hu-tr-dev-lab,vf-hu-tr-dev-lab,vf-hu-tr-dev-bq-tempstorage,
NC_TOMS,nc_toms,R_OE_BPI_DISCOUNT,r_oe_bpi_discount,r_oe_bpi_discount,nc14_fusion_raw_to_raw,nc14_fusion_insert_append,vf-hu-tr-dev-lab-cdf-1,europe-west1,gs://vfhu-trdh-rawingested-dmaap-devlab,nc,nrdb,r_oe_bpi_discount_recipe.txt,r_oe_bpi_discount_schema.txt,r_oe_bpi_discount,vf-hu-tr-dev-lab,vf-hu-tr-dev-lab,vf-hu-tr-dev-bq-tempstorage,
NC_TOMS,nc_toms,R_OE_CALCULATED_PRICE,r_oe_calculated_price,r_oe_calculated_price,nc14_fusion_raw_to_raw,nc14_fusion_insert_append,vf-hu-tr-dev-lab-cdf-1,europe-west1,gs://vfhu-trdh-rawingested-dmaap-devlab,nc,nrdb,r_oe_calculated_price_recipe.txt,r_oe_calculated_price_schema.txt,r_oe_calculated_price,vf-hu-tr-dev-lab,vf-hu-tr-dev-lab,vf-hu-tr-dev-bq-tempstorage,
NC_TOMS,nc_toms,R_OE_DISC_INST,r_oe_disc_inst,r_oe_disc_inst,nc14_fusion_raw_to_raw,nc14_fusion_insert_append,vf-hu-tr-dev-lab-cdf-1,europe-west1,gs://vfhu-trdh-rawingested-dmaap-devlab,nc,nrdb,r_oe_disc_inst_recipe.txt,r_oe_disc_inst_schema.txt,r_oe_disc_inst,vf-hu-tr-dev-lab,vf-hu-tr-dev-lab,vf-hu-tr-dev-bq-tempstorage,
NC_TOMS,nc_toms,R_OE_ORDER_ITEM,r_oe_order_item,r_oe_order_item,nc14_fusion_raw_to_raw,nc14_fusion_insert_append,vf-hu-tr-dev-lab-cdf-1,europe-west1,gs://vfhu-trdh-rawingested-dmaap-devlab,nc,nrdb,r_oe_order_item_recipe.txt,r_oe_order_item_schema.txt,r_oe_order_item,vf-hu-tr-dev-lab,vf-hu-tr-dev-lab,vf-hu-tr-dev-bq-tempstorage,
NC_TOMS,nc_toms,R_OE_SO_DISC_ITEM,r_oe_so_disc_item,r_oe_so_disc_item,nc14_fusion_raw_to_raw,nc14_fusion_insert_append,vf-hu-tr-dev-lab-cdf-1,europe-west1,gs://vfhu-trdh-rawingested-dmaap-devlab,nc,nrdb,r_oe_so_disc_item_recipe.txt,r_oe_so_disc_item_schema.txt,r_oe_so_disc_item,vf-hu-tr-dev-lab,vf-hu-tr-dev-lab,vf-hu-tr-dev-bq-tempstorage,
NC_TOMS,nc_toms,R_OE_TOTAL_PRICE,r_oe_total_price,r_oe_total_price,nc14_fusion_raw_to_raw,nc14_fusion_insert_append,vf-hu-tr-dev-lab-cdf-1,europe-west1,gs://vfhu-trdh-rawingested-dmaap-devlab,nc,nrdb,r_oe_total_price_recipe.txt,r_oe_total_price_schema.txt,r_oe_total_price,vf-hu-tr-dev-lab,vf-hu-tr-dev-lab,vf-hu-tr-dev-bq-tempstorage,
NC_TOMS,nc_toms,R_OM_CI,r_om_ci,r_om_ci,nc14_fusion_raw_to_raw,nc14_fusion_insert_append,vf-hu-tr-dev-lab-cdf-1,europe-west1,gs://vfhu-trdh-rawingested-dmaap-devlab,nc,nrdb,r_om_ci_recipe.txt,r_om_ci_schema.txt,r_om_ci,vf-hu-tr-dev-lab,vf-hu-tr-dev-lab,vf-hu-tr-dev-bq-tempstorage,
NC_TOMS,nc_toms,R_OM_PI,r_om_pi,r_om_pi,nc14_fusion_raw_to_raw,nc14_fusion_insert_append,vf-hu-tr-dev-lab-cdf-1,europe-west1,gs://vfhu-trdh-rawingested-dmaap-devlab,nc,nrdb,r_om_pi_recipe.txt,r_om_pi_schema.txt,r_om_pi,vf-hu-tr-dev-lab,vf-hu-tr-dev-lab,vf-hu-tr-dev-bq-tempstorage,
NC_TOMS,nc_toms,R_OM_SI,r_om_si,r_om_si,nc14_fusion_raw_to_raw,nc14_fusion_insert_append,vf-hu-tr-dev-lab-cdf-1,europe-west1,gs://vfhu-trdh-rawingested-dmaap-devlab,nc,nrdb,r_om_si_recipe.txt,r_om_si_schema.txt,r_om_si,vf-hu-tr-dev-lab,vf-hu-tr-dev-lab,vf-hu-tr-dev-bq-tempstorage,
NC_TOMS,nc_toms,R_OM_SO,r_om_so,r_om_so,nc14_fusion_raw_to_raw,nc14_fusion_insert_append,vf-hu-tr-dev-lab-cdf-1,europe-west1,gs://vfhu-trdh-rawingested-dmaap-devlab,nc,nrdb,r_om_so_recipe.txt,r_om_so_schema.txt,r_om_so,vf-hu-tr-dev-lab,vf-hu-tr-dev-lab,vf-hu-tr-dev-bq-tempstorage,
NC_TOMS,nc_toms,R_PIM_ALTER_PRICE_COMP,r_pim_alter_price_comp,r_pim_alter_price_comp,nc14_fusion_raw_to_raw,nc14_fusion_insert_append,vf-hu-tr-dev-lab-cdf-1,europe-west1,gs://vfhu-trdh-rawingested-dmaap-devlab,nc,nrdb,r_pim_alter_price_comp_recipe.txt,r_pim_alter_price_comp_schema.txt,r_pim_alter_price_comp,vf-hu-tr-dev-lab,vf-hu-tr-dev-lab,vf-hu-tr-dev-bq-tempstorage,
NC_TOMS,nc_toms,R_PIM_ALTERATION_PRICE_VALUE,r_pim_alteration_price_value,r_pim_alteration_price_value,nc14_fusion_raw_to_raw,nc14_fusion_insert_append,vf-hu-tr-dev-lab-cdf-1,europe-west1,gs://vfhu-trdh-rawingested-dmaap-devlab,nc,nrdb,r_pim_alteration_price_value_recipe.txt,r_pim_alteration_price_value_schema.txt,r_pim_alteration_price_value,vf-hu-tr-dev-lab,vf-hu-tr-dev-lab,vf-hu-tr-dev-bq-tempstorage,
NC_TOMS,nc_toms,R_PIM_BILL_SPEC,r_pim_bill_spec,r_pim_bill_spec,nc14_fusion_raw_to_raw,nc14_fusion_insert_append,vf-hu-tr-dev-lab-cdf-1,europe-west1,gs://vfhu-trdh-rawingested-dmaap-devlab,nc,nrdb,r_pim_bill_spec_recipe.txt,r_pim_bill_spec_schema.txt,r_pim_bill_spec,vf-hu-tr-dev-lab,vf-hu-tr-dev-lab,vf-hu-tr-dev-bq-tempstorage,
NC_TOMS,nc_toms,R_PIM_CURRENCY,r_pim_currency,r_pim_currency,nc14_fusion_raw_to_raw,nc14_fusion_insert_append,vf-hu-tr-dev-lab-cdf-1,europe-west1,gs://vfhu-trdh-rawingested-dmaap-devlab,nc,nrdb,r_pim_currency_recipe.txt,r_pim_currency_schema.txt,r_pim_currency,vf-hu-tr-dev-lab,vf-hu-tr-dev-lab,vf-hu-tr-dev-bq-tempstorage,
NC_TOMS,nc_toms,R_PIM_CUSTOMER_CATEGORY,r_pim_customer_category,r_pim_customer_category,nc14_fusion_raw_to_raw,nc14_fusion_insert_append,vf-hu-tr-dev-lab-cdf-1,europe-west1,gs://vfhu-trdh-rawingested-dmaap-devlab,nc,nrdb,r_pim_customer_category_recipe.txt,r_pim_customer_category_schema.txt,r_pim_customer_category,vf-hu-tr-dev-lab,vf-hu-tr-dev-lab,vf-hu-tr-dev-bq-tempstorage,
NC_TOMS,nc_toms,R_PIM_DA_SPEC,r_pim_da_spec,r_pim_da_spec,nc14_fusion_raw_to_raw,nc14_fusion_insert_append,vf-hu-tr-dev-lab-cdf-1,europe-west1,gs://vfhu-trdh-rawingested-dmaap-devlab,nc,nrdb,r_pim_da_spec_recipe.txt,r_pim_da_spec_schema.txt,r_pim_da_spec,vf-hu-tr-dev-lab,vf-hu-tr-dev-lab,vf-hu-tr-dev-bq-tempstorage,
NC_TOMS,nc_toms,R_PIM_DISCOUNT,r_pim_discount,r_pim_discount,nc14_fusion_raw_to_raw,nc14_fusion_insert_append,vf-hu-tr-dev-lab-cdf-1,europe-west1,gs://vfhu-trdh-rawingested-dmaap-devlab,nc,nrdb,r_pim_discount_recipe.txt,r_pim_discount_schema.txt,r_pim_discount,vf-hu-tr-dev-lab,vf-hu-tr-dev-lab,vf-hu-tr-dev-bq-tempstorage,
NC_TOMS,nc_toms,R_PIM_DISCOUNT_GROUP,r_pim_discount_group,r_pim_discount_group,nc14_fusion_raw_to_raw,nc14_fusion_insert_append,vf-hu-tr-dev-lab-cdf-1,europe-west1,gs://vfhu-trdh-rawingested-dmaap-devlab,nc,nrdb,r_pim_discount_group_recipe.txt,r_pim_discount_group_schema.txt,r_pim_discount_group,vf-hu-tr-dev-lab,vf-hu-tr-dev-lab,vf-hu-tr-dev-bq-tempstorage,
NC_TOMS,nc_toms,R_PIM_DISCOUNT_RULE,r_pim_discount_rule,r_pim_discount_rule,nc14_fusion_raw_to_raw,nc14_fusion_insert_append,vf-hu-tr-dev-lab-cdf-1,europe-west1,gs://vfhu-trdh-rawingested-dmaap-devlab,nc,nrdb,r_pim_discount_rule_recipe.txt,r_pim_discount_rule_schema.txt,r_pim_discount_rule,vf-hu-tr-dev-lab,vf-hu-tr-dev-lab,vf-hu-tr-dev-bq-tempstorage,
NC_TOMS,nc_toms,R_PIM_DISCOUNT_STEP,r_pim_discount_step,r_pim_discount_step,nc14_fusion_raw_to_raw,nc14_fusion_insert_append,vf-hu-tr-dev-lab-cdf-1,europe-west1,gs://vfhu-trdh-rawingested-dmaap-devlab,nc,nrdb,r_pim_discount_step_recipe.txt,r_pim_discount_step_schema.txt,r_pim_discount_step,vf-hu-tr-dev-lab,vf-hu-tr-dev-lab,vf-hu-tr-dev-bq-tempstorage,
NC_TOMS,nc_toms,R_PIM_DISTRIBUTION_CHANNEL,r_pim_distribution_channel,r_pim_distribution_channel,nc14_fusion_raw_to_raw,nc14_fusion_insert_append,vf-hu-tr-dev-lab-cdf-1,europe-west1,gs://vfhu-trdh-rawingested-dmaap-devlab,nc,nrdb,r_pim_distribution_channel_recipe.txt,r_pim_distribution_channel_schema.txt,r_pim_distribution_channel,vf-hu-tr-dev-lab,vf-hu-tr-dev-lab,vf-hu-tr-dev-bq-tempstorage,
NC_TOMS,nc_toms,R_PIM_EV_ATTR,r_pim_ev_attr,r_pim_ev_attr,nc14_fusion_raw_to_raw,nc14_fusion_insert_append,vf-hu-tr-dev-lab-cdf-1,europe-west1,gs://vfhu-trdh-rawingested-dmaap-devlab,nc,nrdb,r_pim_ev_attr_recipe.txt,r_pim_ev_attr_schema.txt,r_pim_ev_attr,vf-hu-tr-dev-lab,vf-hu-tr-dev-lab,vf-hu-tr-dev-bq-tempstorage,
NC_TOMS,nc_toms,R_PIM_EVENT_DISC,r_pim_event_disc,r_pim_event_disc,nc14_fusion_raw_to_raw,nc14_fusion_insert_append,vf-hu-tr-dev-lab-cdf-1,europe-west1,gs://vfhu-trdh-rawingested-dmaap-devlab,nc,nrdb,r_pim_event_disc_recipe.txt,r_pim_event_disc_schema.txt,r_pim_event_disc,vf-hu-tr-dev-lab,vf-hu-tr-dev-lab,vf-hu-tr-dev-bq-tempstorage,
NC_TOMS,nc_toms,R_PIM_EVENT_SRC_TMPL,r_pim_event_src_tmpl,r_pim_event_src_tmpl,nc14_fusion_raw_to_raw,nc14_fusion_insert_append,vf-hu-tr-dev-lab-cdf-1,europe-west1,gs://vfhu-trdh-rawingested-dmaap-devlab,nc,nrdb,r_pim_event_src_tmpl_recipe.txt,r_pim_event_src_tmpl_schema.txt,r_pim_event_src_tmpl,vf-hu-tr-dev-lab,vf-hu-tr-dev-lab,vf-hu-tr-dev-bq-tempstorage,
NC_TOMS,nc_toms,R_PIM_EXT_EV_SPEC,r_pim_ext_ev_spec,r_pim_ext_ev_spec,nc14_fusion_raw_to_raw,nc14_fusion_insert_append,vf-hu-tr-dev-lab-cdf-1,europe-west1,gs://vfhu-trdh-rawingested-dmaap-devlab,nc,nrdb,r_pim_ext_ev_spec_recipe.txt,r_pim_ext_ev_spec_schema.txt,r_pim_ext_ev_spec,vf-hu-tr-dev-lab,vf-hu-tr-dev-lab,vf-hu-tr-dev-bq-tempstorage,
NC_TOMS,nc_toms,R_PIM_FILTER,r_pim_filter,r_pim_filter,nc14_fusion_raw_to_raw,nc14_fusion_insert_append,vf-hu-tr-dev-lab-cdf-1,europe-west1,gs://vfhu-trdh-rawingested-dmaap-devlab,nc,nrdb,r_pim_filter_recipe.txt,r_pim_filter_schema.txt,r_pim_filter,vf-hu-tr-dev-lab,vf-hu-tr-dev-lab,vf-hu-tr-dev-bq-tempstorage,
NC_TOMS,nc_toms,R_PIM_FILTER_STATEMENT,r_pim_filter_statement,r_pim_filter_statement,nc14_fusion_raw_to_raw,nc14_fusion_insert_append,vf-hu-tr-dev-lab-cdf-1,europe-west1,gs://vfhu-trdh-rawingested-dmaap-devlab,nc,nrdb,r_pim_filter_statement_recipe.txt,r_pim_filter_statement_schema.txt,r_pim_filter_statement,vf-hu-tr-dev-lab,vf-hu-tr-dev-lab,vf-hu-tr-dev-bq-tempstorage,
NC_TOMS,nc_toms,R_PIM_INSTALLMENT_PLAN,r_pim_installment_plan,r_pim_installment_plan,nc14_fusion_raw_to_raw,nc14_fusion_insert_append,vf-hu-tr-dev-lab-cdf-1,europe-west1,gs://vfhu-trdh-rawingested-dmaap-devlab,nc,nrdb,r_pim_installment_plan_recipe.txt,r_pim_installment_plan_schema.txt,r_pim_installment_plan,vf-hu-tr-dev-lab,vf-hu-tr-dev-lab,vf-hu-tr-dev-bq-tempstorage,
NC_TOMS,nc_toms,R_PIM_LATE_FEE_RULE,r_pim_late_fee_rule,r_pim_late_fee_rule,nc14_fusion_raw_to_raw,nc14_fusion_insert_append,vf-hu-tr-dev-lab-cdf-1,europe-west1,gs://vfhu-trdh-rawingested-dmaap-devlab,nc,nrdb,r_pim_late_fee_rule_recipe.txt,r_pim_late_fee_rule_schema.txt,r_pim_late_fee_rule,vf-hu-tr-dev-lab,vf-hu-tr-dev-lab,vf-hu-tr-dev-bq-tempstorage,
NC_TOMS,nc_toms,R_PIM_MARKET,r_pim_market,r_pim_market,nc14_fusion_raw_to_raw,nc14_fusion_insert_append,vf-hu-tr-dev-lab-cdf-1,europe-west1,gs://vfhu-trdh-rawingested-dmaap-devlab,nc,nrdb,r_pim_market_recipe.txt,r_pim_market_schema.txt,r_pim_market,vf-hu-tr-dev-lab,vf-hu-tr-dev-lab,vf-hu-tr-dev-bq-tempstorage,
NC_TOMS,nc_toms,R_PIM_NUM_PR_NODE,r_pim_num_pr_node,r_pim_num_pr_node,nc14_fusion_raw_to_raw,nc14_fusion_insert_append,vf-hu-tr-dev-lab-cdf-1,europe-west1,gs://vfhu-trdh-rawingested-dmaap-devlab,nc,nrdb,r_pim_num_pr_node_recipe.txt,r_pim_num_pr_node_schema.txt,r_pim_num_pr_node,vf-hu-tr-dev-lab,vf-hu-tr-dev-lab,vf-hu-tr-dev-bq-tempstorage,
NC_TOMS,nc_toms,R_PIM_OFFER_PRICE_COMP,r_pim_offer_price_comp,r_pim_offer_price_comp,nc14_fusion_raw_to_raw,nc14_fusion_insert_append,vf-hu-tr-dev-lab-cdf-1,europe-west1,gs://vfhu-trdh-rawingested-dmaap-devlab,nc,nrdb,r_pim_offer_price_comp_recipe.txt,r_pim_offer_price_comp_schema.txt,r_pim_offer_price_comp,vf-hu-tr-dev-lab,vf-hu-tr-dev-lab,vf-hu-tr-dev-bq-tempstorage,
NC_TOMS,nc_toms,R_PIM_OFFER_PRICE_DTLS,r_pim_offer_price_dtls,r_pim_offer_price_dtls,nc14_fusion_raw_to_raw,nc14_fusion_insert_append,vf-hu-tr-dev-lab-cdf-1,europe-west1,gs://vfhu-trdh-rawingested-dmaap-devlab,nc,nrdb,r_pim_offer_price_dtls_recipe.txt,r_pim_offer_price_dtls_schema.txt,r_pim_offer_price_dtls,vf-hu-tr-dev-lab,vf-hu-tr-dev-lab,vf-hu-tr-dev-bq-tempstorage,
NC_TOMS,nc_toms,R_PIM_OFFER_TAX_INV,r_pim_offer_tax_inv,r_pim_offer_tax_inv,nc14_fusion_raw_to_raw,nc14_fusion_insert_append,vf-hu-tr-dev-lab-cdf-1,europe-west1,gs://vfhu-trdh-rawingested-dmaap-devlab,nc,nrdb,r_pim_offer_tax_inv_recipe.txt,r_pim_offer_tax_inv_schema.txt,r_pim_offer_tax_inv,vf-hu-tr-dev-lab,vf-hu-tr-dev-lab,vf-hu-tr-dev-bq-tempstorage,
NC_TOMS,nc_toms,R_PIM_OFFERING_CATEGORY,r_pim_offering_category,r_pim_offering_category,nc14_fusion_raw_to_raw,nc14_fusion_insert_append,vf-hu-tr-dev-lab-cdf-1,europe-west1,gs://vfhu-trdh-rawingested-dmaap-devlab,nc,nrdb,r_pim_offering_category_recipe.txt,r_pim_offering_category_schema.txt,r_pim_offering_category,vf-hu-tr-dev-lab,vf-hu-tr-dev-lab,vf-hu-tr-dev-bq-tempstorage,
NC_TOMS,nc_toms,R_PIM_PAR_CAT_CHILD_OFFER_REL,r_pim_par_cat_child_offer_rel,r_pim_par_cat_child_offer_rel,nc14_fusion_raw_to_raw,nc14_fusion_insert_append,vf-hu-tr-dev-lab-cdf-1,europe-west1,gs://vfhu-trdh-rawingested-dmaap-devlab,nc,nrdb,r_pim_par_cat_child_offer_rel_recipe.txt,r_pim_par_cat_child_offer_rel_schema.txt,r_pim_par_cat_child_offer_rel,vf-hu-tr-dev-lab,vf-hu-tr-dev-lab,vf-hu-tr-dev-bq-tempstorage,
NC_TOMS,nc_toms,R_PIM_PAR_CAT_TO_CHILD_CAT_REL,r_pim_par_cat_to_child_cat_rel,r_pim_par_cat_to_child_cat_rel,nc14_fusion_raw_to_raw,nc14_fusion_insert_append,vf-hu-tr-dev-lab-cdf-1,europe-west1,gs://vfhu-trdh-rawingested-dmaap-devlab,nc,nrdb,r_pim_par_cat_to_child_cat_rel_recipe.txt,r_pim_par_cat_to_child_cat_rel_schema.txt,r_pim_par_cat_to_child_cat_rel,vf-hu-tr-dev-lab,vf-hu-tr-dev-lab,vf-hu-tr-dev-bq-tempstorage,
NC_TOMS,nc_toms,R_PIM_PAR_OFFER_CHILD_CAT_REL,r_pim_par_offer_child_cat_rel,r_pim_par_offer_child_cat_rel,nc14_fusion_raw_to_raw,nc14_fusion_insert_append,vf-hu-tr-dev-lab-cdf-1,europe-west1,gs://vfhu-trdh-rawingested-dmaap-devlab,nc,nrdb,r_pim_par_offer_child_cat_rel_recipe.txt,r_pim_par_offer_child_cat_rel_schema.txt,r_pim_par_offer_child_cat_rel,vf-hu-tr-dev-lab,vf-hu-tr-dev-lab,vf-hu-tr-dev-bq-tempstorage,
NC_TOMS,nc_toms,R_PIM_PAR_OFFER_CHLD_OFFER_REL,r_pim_par_offer_chld_offer_rel,r_pim_par_offer_chld_offer_rel,nc14_fusion_raw_to_raw,nc14_fusion_insert_append,vf-hu-tr-dev-lab-cdf-1,europe-west1,gs://vfhu-trdh-rawingested-dmaap-devlab,nc,nrdb,r_pim_par_offer_chld_offer_rel_recipe.txt,r_pim_par_offer_chld_offer_rel_schema.txt,r_pim_par_offer_chld_offer_rel,vf-hu-tr-dev-lab,vf-hu-tr-dev-lab,vf-hu-tr-dev-bq-tempstorage,
NC_TOMS,nc_toms,R_PIM_PRICE_VALUE,r_pim_price_value,r_pim_price_value,nc14_fusion_raw_to_raw,nc14_fusion_insert_append,vf-hu-tr-dev-lab-cdf-1,europe-west1,gs://vfhu-trdh-rawingested-dmaap-devlab,nc,nrdb,r_pim_price_value_recipe.txt,r_pim_price_value_schema.txt,r_pim_price_value,vf-hu-tr-dev-lab,vf-hu-tr-dev-lab,vf-hu-tr-dev-bq-tempstorage,
NC_TOMS,nc_toms,R_PIM_PRICE_VALUE_VERSION,r_pim_price_value_version,r_pim_price_value_version,nc14_fusion_raw_to_raw,nc14_fusion_insert_append,vf-hu-tr-dev-lab-cdf-1,europe-west1,gs://vfhu-trdh-rawingested-dmaap-devlab,nc,nrdb,r_pim_price_value_version_recipe.txt,r_pim_price_value_version_schema.txt,r_pim_price_value_version,vf-hu-tr-dev-lab,vf-hu-tr-dev-lab,vf-hu-tr-dev-bq-tempstorage,
NC_TOMS,nc_toms,R_PIM_STAT_CH_REASON,r_pim_stat_ch_reason,r_pim_stat_ch_reason,nc14_fusion_raw_to_raw,nc14_fusion_insert_append,vf-hu-tr-dev-lab-cdf-1,europe-west1,gs://vfhu-trdh-rawingested-dmaap-devlab,nc,nrdb,r_pim_stat_ch_reason_recipe.txt,r_pim_stat_ch_reason_schema.txt,r_pim_stat_ch_reason,vf-hu-tr-dev-lab,vf-hu-tr-dev-lab,vf-hu-tr-dev-bq-tempstorage,
NC_TOMS,nc_toms,R_PIM_SUGGESTION,r_pim_suggestion,r_pim_suggestion,nc14_fusion_raw_to_raw,nc14_fusion_insert_append,vf-hu-tr-dev-lab-cdf-1,europe-west1,gs://vfhu-trdh-rawingested-dmaap-devlab,nc,nrdb,r_pim_suggestion_recipe.txt,r_pim_suggestion_schema.txt,r_pim_suggestion,vf-hu-tr-dev-lab,vf-hu-tr-dev-lab,vf-hu-tr-dev-bq-tempstorage,
NC_TOMS,nc_toms,R_PIM_SUGGESTION_RULE,r_pim_suggestion_rule,r_pim_suggestion_rule,nc14_fusion_raw_to_raw,nc14_fusion_insert_append,vf-hu-tr-dev-lab-cdf-1,europe-west1,gs://vfhu-trdh-rawingested-dmaap-devlab,nc,nrdb,r_pim_suggestion_rule_recipe.txt,r_pim_suggestion_rule_schema.txt,r_pim_suggestion_rule,vf-hu-tr-dev-lab,vf-hu-tr-dev-lab,vf-hu-tr-dev-bq-tempstorage,
NC_TOMS,nc_toms,R_PIM_TELEPHONE_NM_CHARACTER,r_pim_telephone_nm_character,r_pim_telephone_nm_character,nc14_fusion_raw_to_raw,nc14_fusion_insert_append,vf-hu-tr-dev-lab-cdf-1,europe-west1,gs://vfhu-trdh-rawingested-dmaap-devlab,nc,nrdb,r_pim_telephone_nm_character_recipe.txt,r_pim_telephone_nm_character_schema.txt,r_pim_telephone_nm_character,vf-hu-tr-dev-lab,vf-hu-tr-dev-lab,vf-hu-tr-dev-bq-tempstorage,
NC_TOMS,nc_toms,R_PIM_TEXT_ALT_PR_NODE,r_pim_text_alt_pr_node,r_pim_text_alt_pr_node,nc14_fusion_raw_to_raw,nc14_fusion_insert_append,vf-hu-tr-dev-lab-cdf-1,europe-west1,gs://vfhu-trdh-rawingested-dmaap-devlab,nc,nrdb,r_pim_text_alt_pr_node_recipe.txt,r_pim_text_alt_pr_node_schema.txt,r_pim_text_alt_pr_node,vf-hu-tr-dev-lab,vf-hu-tr-dev-lab,vf-hu-tr-dev-bq-tempstorage,
NC_TOMS,nc_toms,R_PIM_TEXT_PR_NODE,r_pim_text_pr_node,r_pim_text_pr_node,nc14_fusion_raw_to_raw,nc14_fusion_insert_append,vf-hu-tr-dev-lab-cdf-1,europe-west1,gs://vfhu-trdh-rawingested-dmaap-devlab,nc,nrdb,r_pim_text_pr_node_recipe.txt,r_pim_text_pr_node_schema.txt,r_pim_text_pr_node,vf-hu-tr-dev-lab,vf-hu-tr-dev-lab,vf-hu-tr-dev-bq-tempstorage,
NC_TOMS,nc_toms,R_PM_BRANCH_AVL_PCKP_PMNT_MET,r_pm_branch_avl_pckp_pmnt_met,r_pm_branch_avl_pckp_pmnt_met,nc14_fusion_raw_to_raw,nc14_fusion_insert_append,vf-hu-tr-dev-lab-cdf-1,europe-west1,gs://vfhu-trdh-rawingested-dmaap-devlab,nc,nrdb,r_pm_branch_avl_pckp_pmnt_met_recipe.txt,r_pm_branch_avl_pckp_pmnt_met_schema.txt,r_pm_branch_avl_pckp_pmnt_met,vf-hu-tr-dev-lab,vf-hu-tr-dev-lab,vf-hu-tr-dev-bq-tempstorage,
NC_TOMS,nc_toms,R_PM_BRANCH_LIST_OF_SERVICES,r_pm_branch_list_of_services,r_pm_branch_list_of_services,nc14_fusion_raw_to_raw,nc14_fusion_insert_append,vf-hu-tr-dev-lab-cdf-1,europe-west1,gs://vfhu-trdh-rawingested-dmaap-devlab,nc,nrdb,r_pm_branch_list_of_services_recipe.txt,r_pm_branch_list_of_services_schema.txt,r_pm_branch_list_of_services,vf-hu-tr-dev-lab,vf-hu-tr-dev-lab,vf-hu-tr-dev-bq-tempstorage,
NC_TOMS,nc_toms,R_PM_PARTNER_ACCOUNT,r_pm_partner_account,r_pm_partner_account,nc14_fusion_raw_to_raw,nc14_fusion_insert_append,vf-hu-tr-dev-lab-cdf-1,europe-west1,gs://vfhu-trdh-rawingested-dmaap-devlab,nc,nrdb,r_pm_partner_account_recipe.txt,r_pm_partner_account_schema.txt,r_pm_partner_account,vf-hu-tr-dev-lab,vf-hu-tr-dev-lab,vf-hu-tr-dev-bq-tempstorage,
NC_TOMS,nc_toms,R_PM_PARTNER_ORG,r_pm_partner_org,r_pm_partner_org,nc14_fusion_raw_to_raw,nc14_fusion_insert_append,vf-hu-tr-dev-lab-cdf-1,europe-west1,gs://vfhu-trdh-rawingested-dmaap-devlab,nc,nrdb,r_pm_partner_org_recipe.txt,r_pm_partner_org_schema.txt,r_pm_partner_org,vf-hu-tr-dev-lab,vf-hu-tr-dev-lab,vf-hu-tr-dev-bq-tempstorage,
NC_TOMS,nc_toms,R_RI_AREA_CODE,r_ri_area_code,r_ri_area_code,nc14_fusion_raw_to_raw,nc14_fusion_insert_append,vf-hu-tr-dev-lab-cdf-1,europe-west1,gs://vfhu-trdh-rawingested-dmaap-devlab,nc,nrdb,r_ri_area_code_recipe.txt,r_ri_area_code_schema.txt,r_ri_area_code,vf-hu-tr-dev-lab,vf-hu-tr-dev-lab,vf-hu-tr-dev-bq-tempstorage,
NC_TOMS,nc_toms,R_RI_BOGUS_CC,r_ri_bogus_cc,r_ri_bogus_cc,nc14_fusion_raw_to_raw,nc14_fusion_insert_append,vf-hu-tr-dev-lab-cdf-1,europe-west1,gs://vfhu-trdh-rawingested-dmaap-devlab,nc,nrdb,r_ri_bogus_cc_recipe.txt,r_ri_bogus_cc_schema.txt,r_ri_bogus_cc,vf-hu-tr-dev-lab,vf-hu-tr-dev-lab,vf-hu-tr-dev-bq-tempstorage,
NC_TOMS,nc_toms,R_RI_CABLE_PAIR,r_ri_cable_pair,r_ri_cable_pair,nc14_fusion_raw_to_raw,nc14_fusion_insert_append,vf-hu-tr-dev-lab-cdf-1,europe-west1,gs://vfhu-trdh-rawingested-dmaap-devlab,nc,nrdb,r_ri_cable_pair_recipe.txt,r_ri_cable_pair_schema.txt,r_ri_cable_pair,vf-hu-tr-dev-lab,vf-hu-tr-dev-lab,vf-hu-tr-dev-bq-tempstorage,
NC_TOMS,nc_toms,R_RI_CATEGORY_CONTAINER,r_ri_category_container,r_ri_category_container,nc14_fusion_raw_to_raw,nc14_fusion_insert_append,vf-hu-tr-dev-lab-cdf-1,europe-west1,gs://vfhu-trdh-rawingested-dmaap-devlab,nc,nrdb,r_ri_category_container_recipe.txt,r_ri_category_container_schema.txt,r_ri_category_container,vf-hu-tr-dev-lab,vf-hu-tr-dev-lab,vf-hu-tr-dev-bq-tempstorage,
NC_TOMS,nc_toms,R_RI_COPPER,r_ri_copper,r_ri_copper,nc14_fusion_raw_to_raw,nc14_fusion_insert_append,vf-hu-tr-dev-lab-cdf-1,europe-west1,gs://vfhu-trdh-rawingested-dmaap-devlab,nc,nrdb,r_ri_copper_recipe.txt,r_ri_copper_schema.txt,r_ri_copper,vf-hu-tr-dev-lab,vf-hu-tr-dev-lab,vf-hu-tr-dev-bq-tempstorage,
NC_TOMS,nc_toms,R_RI_DEVICE,r_ri_device,r_ri_device,nc14_fusion_raw_to_raw,nc14_fusion_insert_append,vf-hu-tr-dev-lab-cdf-1,europe-west1,gs://vfhu-trdh-rawingested-dmaap-devlab,nc,nrdb,r_ri_device_recipe.txt,r_ri_device_schema.txt,r_ri_device,vf-hu-tr-dev-lab,vf-hu-tr-dev-lab,vf-hu-tr-dev-bq-tempstorage,
NC_TOMS,nc_toms,R_RI_DEVICE_PORT,r_ri_device_port,r_ri_device_port,nc14_fusion_raw_to_raw,nc14_fusion_insert_append,vf-hu-tr-dev-lab-cdf-1,europe-west1,gs://vfhu-trdh-rawingested-dmaap-devlab,nc,nrdb,r_ri_device_port_recipe.txt,r_ri_device_port_schema.txt,r_ri_device_port,vf-hu-tr-dev-lab,vf-hu-tr-dev-lab,vf-hu-tr-dev-bq-tempstorage,
NC_TOMS,nc_toms,R_RI_DLC_PON,r_ri_dlc_pon,r_ri_dlc_pon,nc14_fusion_raw_to_raw,nc14_fusion_insert_append,vf-hu-tr-dev-lab-cdf-1,europe-west1,gs://vfhu-trdh-rawingested-dmaap-devlab,nc,nrdb,r_ri_dlc_pon_recipe.txt,r_ri_dlc_pon_schema.txt,r_ri_dlc_pon,vf-hu-tr-dev-lab,vf-hu-tr-dev-lab,vf-hu-tr-dev-bq-tempstorage,
NC_TOMS,nc_toms,R_RI_EMTA,r_ri_emta,r_ri_emta,nc14_fusion_raw_to_raw,nc14_fusion_insert_append,vf-hu-tr-dev-lab-cdf-1,europe-west1,gs://vfhu-trdh-rawingested-dmaap-devlab,nc,nrdb,r_ri_emta_recipe.txt,r_ri_emta_schema.txt,r_ri_emta,vf-hu-tr-dev-lab,vf-hu-tr-dev-lab,vf-hu-tr-dev-bq-tempstorage,
NC_TOMS,nc_toms,R_RI_IDLC,r_ri_idlc,r_ri_idlc,nc14_fusion_raw_to_raw,nc14_fusion_insert_append,vf-hu-tr-dev-lab-cdf-1,europe-west1,gs://vfhu-trdh-rawingested-dmaap-devlab,nc,nrdb,r_ri_idlc_recipe.txt,r_ri_idlc_schema.txt,r_ri_idlc,vf-hu-tr-dev-lab,vf-hu-tr-dev-lab,vf-hu-tr-dev-bq-tempstorage,
NC_TOMS,nc_toms,R_RI_MIN,r_ri_min,r_ri_min,nc14_fusion_raw_to_raw,nc14_fusion_insert_append,vf-hu-tr-dev-lab-cdf-1,europe-west1,gs://vfhu-trdh-rawingested-dmaap-devlab,nc,nrdb,r_ri_min_recipe.txt,r_ri_min_schema.txt,r_ri_min,vf-hu-tr-dev-lab,vf-hu-tr-dev-lab,vf-hu-tr-dev-bq-tempstorage,
NC_TOMS,nc_toms,R_RI_NAT_NUMBER_RANGE,r_ri_nat_number_range,r_ri_nat_number_range,nc14_fusion_raw_to_raw,nc14_fusion_insert_append,vf-hu-tr-dev-lab-cdf-1,europe-west1,gs://vfhu-trdh-rawingested-dmaap-devlab,nc,nrdb,r_ri_nat_number_range_recipe.txt,r_ri_nat_number_range_schema.txt,r_ri_nat_number_range,vf-hu-tr-dev-lab,vf-hu-tr-dev-lab,vf-hu-tr-dev-bq-tempstorage,
NC_TOMS,nc_toms,R_RI_NAT_RANGE_CAT,r_ri_nat_range_cat,r_ri_nat_range_cat,nc14_fusion_raw_to_raw,nc14_fusion_insert_append,vf-hu-tr-dev-lab-cdf-1,europe-west1,gs://vfhu-trdh-rawingested-dmaap-devlab,nc,nrdb,r_ri_nat_range_cat_recipe.txt,r_ri_nat_range_cat_schema.txt,r_ri_nat_range_cat,vf-hu-tr-dev-lab,vf-hu-tr-dev-lab,vf-hu-tr-dev-bq-tempstorage,
NC_TOMS,nc_toms,R_RI_NUM_ALLOCATION_POOL,r_ri_num_allocation_pool,r_ri_num_allocation_pool,nc14_fusion_raw_to_raw,nc14_fusion_insert_append,vf-hu-tr-dev-lab-cdf-1,europe-west1,gs://vfhu-trdh-rawingested-dmaap-devlab,nc,nrdb,r_ri_num_allocation_pool_recipe.txt,r_ri_num_allocation_pool_schema.txt,r_ri_num_allocation_pool,vf-hu-tr-dev-lab,vf-hu-tr-dev-lab,vf-hu-tr-dev-bq-tempstorage,
NC_TOMS,nc_toms,R_RI_NUMBER_CATEGORY,r_ri_number_category,r_ri_number_category,nc14_fusion_raw_to_raw,nc14_fusion_insert_append,vf-hu-tr-dev-lab-cdf-1,europe-west1,gs://vfhu-trdh-rawingested-dmaap-devlab,nc,nrdb,r_ri_number_category_recipe.txt,r_ri_number_category_schema.txt,r_ri_number_category,vf-hu-tr-dev-lab,vf-hu-tr-dev-lab,vf-hu-tr-dev-bq-tempstorage,
NC_TOMS,nc_toms,R_RI_NUMBER_MASK,r_ri_number_mask,r_ri_number_mask,nc14_fusion_raw_to_raw,nc14_fusion_insert_append,vf-hu-tr-dev-lab-cdf-1,europe-west1,gs://vfhu-trdh-rawingested-dmaap-devlab,nc,nrdb,r_ri_number_mask_recipe.txt,r_ri_number_mask_schema.txt,r_ri_number_mask,vf-hu-tr-dev-lab,vf-hu-tr-dev-lab,vf-hu-tr-dev-bq-tempstorage,
NC_TOMS,nc_toms,R_RI_OFFICE_EQ,r_ri_office_eq,r_ri_office_eq,nc14_fusion_raw_to_raw,nc14_fusion_insert_append,vf-hu-tr-dev-lab-cdf-1,europe-west1,gs://vfhu-trdh-rawingested-dmaap-devlab,nc,nrdb,r_ri_office_eq_recipe.txt,r_ri_office_eq_schema.txt,r_ri_office_eq,vf-hu-tr-dev-lab,vf-hu-tr-dev-lab,vf-hu-tr-dev-bq-tempstorage,
NC_TOMS,nc_toms,R_RI_OLT,r_ri_olt,r_ri_olt,nc14_fusion_raw_to_raw,nc14_fusion_insert_append,vf-hu-tr-dev-lab-cdf-1,europe-west1,gs://vfhu-trdh-rawingested-dmaap-devlab,nc,nrdb,r_ri_olt_recipe.txt,r_ri_olt_schema.txt,r_ri_olt,vf-hu-tr-dev-lab,vf-hu-tr-dev-lab,vf-hu-tr-dev-bq-tempstorage,
NC_TOMS,nc_toms,R_RI_PHONE_NUMBER,r_ri_phone_number,r_ri_phone_number,nc14_fusion_raw_to_raw,nc14_fusion_insert_append,vf-hu-tr-dev-lab-cdf-1,europe-west1,gs://vfhu-trdh-rawingested-dmaap-devlab,nc,nrdb,r_ri_phone_number_recipe.txt,r_ri_phone_number_schema.txt,r_ri_phone_number,vf-hu-tr-dev-lab,vf-hu-tr-dev-lab,vf-hu-tr-dev-bq-tempstorage,
NC_TOMS,nc_toms,R_RI_PH_NUM_OWNER,r_ri_ph_num_owner,r_ri_ph_num_owner,nc14_fusion_raw_to_raw,nc14_fusion_insert_append,vf-hu-tr-dev-lab-cdf-1,europe-west1,gs://vfhu-trdh-rawingested-dmaap-devlab,nc,nrdb,r_ri_ph_num_owner_recipe.txt,r_ri_ph_num_owner_schema.txt,r_ri_ph_num_owner,vf-hu-tr-dev-lab,vf-hu-tr-dev-lab,vf-hu-tr-dev-bq-tempstorage,
NC_TOMS,nc_toms,R_RI_PHONE_NUMBER_TYPE,r_ri_phone_number_type,r_ri_phone_number_type,nc14_fusion_raw_to_raw,nc14_fusion_insert_append,vf-hu-tr-dev-lab-cdf-1,europe-west1,gs://vfhu-trdh-rawingested-dmaap-devlab,nc,nrdb,r_ri_phone_number_type_recipe.txt,r_ri_phone_number_type_schema.txt,r_ri_phone_number_type,vf-hu-tr-dev-lab,vf-hu-tr-dev-lab,vf-hu-tr-dev-bq-tempstorage,
NC_TOMS,nc_toms,R_RI_PHONE_NUMBERS_POOL,r_ri_phone_numbers_pool,r_ri_phone_numbers_pool,nc14_fusion_raw_to_raw,nc14_fusion_insert_append,vf-hu-tr-dev-lab-cdf-1,europe-west1,gs://vfhu-trdh-rawingested-dmaap-devlab,nc,nrdb,r_ri_phone_numbers_pool_recipe.txt,r_ri_phone_numbers_pool_schema.txt,r_ri_phone_numbers_pool,vf-hu-tr-dev-lab,vf-hu-tr-dev-lab,vf-hu-tr-dev-bq-tempstorage,
NC_TOMS,nc_toms,R_RI_PHONE_RANGE,r_ri_phone_range,r_ri_phone_range,nc14_fusion_raw_to_raw,nc14_fusion_insert_append,vf-hu-tr-dev-lab-cdf-1,europe-west1,gs://vfhu-trdh-rawingested-dmaap-devlab,nc,nrdb,r_ri_phone_range_recipe.txt,r_ri_phone_range_schema.txt,r_ri_phone_range,vf-hu-tr-dev-lab,vf-hu-tr-dev-lab,vf-hu-tr-dev-bq-tempstorage,
NC_TOMS,nc_toms,R_RI_PROVIDER_LOC,r_ri_provider_loc,r_ri_provider_loc,nc14_fusion_raw_to_raw,nc14_fusion_insert_append,vf-hu-tr-dev-lab-cdf-1,europe-west1,gs://vfhu-trdh-rawingested-dmaap-devlab,nc,nrdb,r_ri_provider_loc_recipe.txt,r_ri_provider_loc_schema.txt,r_ri_provider_loc,vf-hu-tr-dev-lab,vf-hu-tr-dev-lab,vf-hu-tr-dev-bq-tempstorage,
NC_TOMS,nc_toms,R_RI_VOICE_GTW,r_ri_voice_gtw,r_ri_voice_gtw,nc14_fusion_raw_to_raw,nc14_fusion_insert_append,vf-hu-tr-dev-lab-cdf-1,europe-west1,gs://vfhu-trdh-rawingested-dmaap-devlab,nc,nrdb,r_ri_voice_gtw_recipe.txt,r_ri_voice_gtw_schema.txt,r_ri_voice_gtw,vf-hu-tr-dev-lab,vf-hu-tr-dev-lab,vf-hu-tr-dev-bq-tempstorage,
NC_TOMS,nc_toms,R_SEC_USER,r_sec_user,r_sec_user,nc14_fusion_raw_to_raw,nc14_fusion_insert_append,vf-hu-tr-dev-lab-cdf-1,europe-west1,gs://vfhu-trdh-rawingested-dmaap-devlab,nc,nrdb,r_sec_user_recipe.txt,r_sec_user_schema.txt,r_sec_user,vf-hu-tr-dev-lab,vf-hu-tr-dev-lab,vf-hu-tr-dev-bq-tempstorage,
NC_TOMS,nc_toms,R_SFA_ACTIVITY,r_sfa_activity,r_sfa_activity,nc14_fusion_raw_to_raw,nc14_fusion_insert_append,vf-hu-tr-dev-lab-cdf-1,europe-west1,gs://vfhu-trdh-rawingested-dmaap-devlab,nc,nrdb,r_sfa_activity_recipe.txt,r_sfa_activity_schema.txt,r_sfa_activity,vf-hu-tr-dev-lab,vf-hu-tr-dev-lab,vf-hu-tr-dev-bq-tempstorage,
NC_TOMS,nc_toms,R_SFA_CAT_TOP,r_sfa_cat_top,r_sfa_cat_top,nc14_fusion_raw_to_raw,nc14_fusion_insert_append,vf-hu-tr-dev-lab-cdf-1,europe-west1,gs://vfhu-trdh-rawingested-dmaap-devlab,nc,nrdb,r_sfa_cat_top_recipe.txt,r_sfa_cat_top_schema.txt,r_sfa_cat_top,vf-hu-tr-dev-lab,vf-hu-tr-dev-lab,vf-hu-tr-dev-bq-tempstorage,
NC_TOMS,nc_toms,R_SFA_LD_HIST_REC,r_sfa_ld_hist_rec,r_sfa_ld_hist_rec,nc14_fusion_raw_to_raw,nc14_fusion_insert_append,vf-hu-tr-dev-lab-cdf-1,europe-west1,gs://vfhu-trdh-rawingested-dmaap-devlab,nc,nrdb,r_sfa_ld_hist_rec_recipe.txt,r_sfa_ld_hist_rec_schema.txt,r_sfa_ld_hist_rec,vf-hu-tr-dev-lab,vf-hu-tr-dev-lab,vf-hu-tr-dev-bq-tempstorage,
NC_TOMS,nc_toms,R_SFA_LEAD,r_sfa_lead,r_sfa_lead,nc14_fusion_raw_to_raw,nc14_fusion_insert_append,vf-hu-tr-dev-lab-cdf-1,europe-west1,gs://vfhu-trdh-rawingested-dmaap-devlab,nc,nrdb,r_sfa_lead_recipe.txt,r_sfa_lead_schema.txt,r_sfa_lead,vf-hu-tr-dev-lab,vf-hu-tr-dev-lab,vf-hu-tr-dev-bq-tempstorage,
NC_TOMS,nc_toms,R_SFA_TODO_ITEM,r_sfa_todo_item,r_sfa_todo_item,nc14_fusion_raw_to_raw,nc14_fusion_insert_append,vf-hu-tr-dev-lab-cdf-1,europe-west1,gs://vfhu-trdh-rawingested-dmaap-devlab,nc,nrdb,r_sfa_todo_item_recipe.txt,r_sfa_todo_item_schema.txt,r_sfa_todo_item,vf-hu-tr-dev-lab,vf-hu-tr-dev-lab,vf-hu-tr-dev-bq-tempstorage,
NC_TOMS,nc_toms,R_SM_SL_TERR,r_sm_sl_terr,r_sm_sl_terr,nc14_fusion_raw_to_raw,nc14_fusion_insert_append,vf-hu-tr-dev-lab-cdf-1,europe-west1,gs://vfhu-trdh-rawingested-dmaap-devlab,nc,nrdb,r_sm_sl_terr_recipe.txt,r_sm_sl_terr_schema.txt,r_sm_sl_terr,vf-hu-tr-dev-lab,vf-hu-tr-dev-lab,vf-hu-tr-dev-bq-tempstorage,
NC_TOMS,nc_toms,R_SM_TEAM,r_sm_team,r_sm_team,nc14_fusion_raw_to_raw,nc14_fusion_insert_append,vf-hu-tr-dev-lab-cdf-1,europe-west1,gs://vfhu-trdh-rawingested-dmaap-devlab,nc,nrdb,r_sm_team_recipe.txt,r_sm_team_schema.txt,r_sm_team,vf-hu-tr-dev-lab,vf-hu-tr-dev-lab,vf-hu-tr-dev-bq-tempstorage,
NC_TOMS,nc_toms,R_WFM_ACTIVITY_TYPE,r_wfm_activity_type,r_wfm_activity_type,nc14_fusion_raw_to_raw,nc14_fusion_insert_append,vf-hu-tr-dev-lab-cdf-1,europe-west1,gs://vfhu-trdh-rawingested-dmaap-devlab,nc,nrdb,r_wfm_activity_type_recipe.txt,r_wfm_activity_type_schema.txt,r_wfm_activity_type,vf-hu-tr-dev-lab,vf-hu-tr-dev-lab,vf-hu-tr-dev-bq-tempstorage,
NC_TOMS,nc_toms,R_WFM_ASSIGNMENT,r_wfm_assignment,r_wfm_assignment,nc14_fusion_raw_to_raw,nc14_fusion_insert_append,vf-hu-tr-dev-lab-cdf-1,europe-west1,gs://vfhu-trdh-rawingested-dmaap-devlab,nc,nrdb,r_wfm_assignment_recipe.txt,r_wfm_assignment_schema.txt,r_wfm_assignment,vf-hu-tr-dev-lab,vf-hu-tr-dev-lab,vf-hu-tr-dev-bq-tempstorage,
NC_TOMS,nc_toms,R_WFM_CANCEL_REASON,r_wfm_cancel_reason,r_wfm_cancel_reason,nc14_fusion_raw_to_raw,nc14_fusion_insert_append,vf-hu-tr-dev-lab-cdf-1,europe-west1,gs://vfhu-trdh-rawingested-dmaap-devlab,nc,nrdb,r_wfm_cancel_reason_recipe.txt,r_wfm_cancel_reason_schema.txt,r_wfm_cancel_reason,vf-hu-tr-dev-lab,vf-hu-tr-dev-lab,vf-hu-tr-dev-bq-tempstorage,
NC_TOMS,nc_toms,R_WFM_CLOSURE_CODE,r_wfm_closure_code,r_wfm_closure_code,nc14_fusion_raw_to_raw,nc14_fusion_insert_append,vf-hu-tr-dev-lab-cdf-1,europe-west1,gs://vfhu-trdh-rawingested-dmaap-devlab,nc,nrdb,r_wfm_closure_code_recipe.txt,r_wfm_closure_code_schema.txt,r_wfm_closure_code,vf-hu-tr-dev-lab,vf-hu-tr-dev-lab,vf-hu-tr-dev-bq-tempstorage,
NC_TOMS,nc_toms,R_WFM_EMPL_RES_GRP,r_wfm_empl_res_grp,r_wfm_empl_res_grp,nc14_fusion_raw_to_raw,nc14_fusion_insert_append,vf-hu-tr-dev-lab-cdf-1,europe-west1,gs://vfhu-trdh-rawingested-dmaap-devlab,nc,nrdb,r_wfm_empl_res_grp_recipe.txt,r_wfm_empl_res_grp_schema.txt,r_wfm_empl_res_grp,vf-hu-tr-dev-lab,vf-hu-tr-dev-lab,vf-hu-tr-dev-bq-tempstorage,
NC_TOMS,nc_toms,R_WFM_EMPLOYEE,r_wfm_employee,r_wfm_employee,nc14_fusion_raw_to_raw,nc14_fusion_insert_append,vf-hu-tr-dev-lab-cdf-1,europe-west1,gs://vfhu-trdh-rawingested-dmaap-devlab,nc,nrdb,r_wfm_employee_recipe.txt,r_wfm_employee_schema.txt,r_wfm_employee,vf-hu-tr-dev-lab,vf-hu-tr-dev-lab,vf-hu-tr-dev-bq-tempstorage,
NC_TOMS,nc_toms,R_WFM_EMPLOYEE_ACTIVITY,r_wfm_employee_activity,r_wfm_employee_activity,nc14_fusion_raw_to_raw,nc14_fusion_insert_append,vf-hu-tr-dev-lab-cdf-1,europe-west1,gs://vfhu-trdh-rawingested-dmaap-devlab,nc,nrdb,r_wfm_employee_activity_recipe.txt,r_wfm_employee_activity_schema.txt,r_wfm_employee_activity,vf-hu-tr-dev-lab,vf-hu-tr-dev-lab,vf-hu-tr-dev-bq-tempstorage,
NC_TOMS,nc_toms,R_WFM_FAIL_RSN,r_wfm_fail_rsn,r_wfm_fail_rsn,nc14_fusion_raw_to_raw,nc14_fusion_insert_append,vf-hu-tr-dev-lab-cdf-1,europe-west1,gs://vfhu-trdh-rawingested-dmaap-devlab,nc,nrdb,r_wfm_fail_rsn_recipe.txt,r_wfm_fail_rsn_schema.txt,r_wfm_fail_rsn,vf-hu-tr-dev-lab,vf-hu-tr-dev-lab,vf-hu-tr-dev-bq-tempstorage,
NC_TOMS,nc_toms,R_WFM_MOBILE_DEVICE,r_wfm_mobile_device,r_wfm_mobile_device,nc14_fusion_raw_to_raw,nc14_fusion_insert_append,vf-hu-tr-dev-lab-cdf-1,europe-west1,gs://vfhu-trdh-rawingested-dmaap-devlab,nc,nrdb,r_wfm_mobile_device_recipe.txt,r_wfm_mobile_device_schema.txt,r_wfm_mobile_device,vf-hu-tr-dev-lab,vf-hu-tr-dev-lab,vf-hu-tr-dev-bq-tempstorage,
NC_TOMS,nc_toms,R_WFM_ONE_TIME_CHARGE,r_wfm_one_time_charge,r_wfm_one_time_charge,nc14_fusion_raw_to_raw,nc14_fusion_insert_append,vf-hu-tr-dev-lab-cdf-1,europe-west1,gs://vfhu-trdh-rawingested-dmaap-devlab,nc,nrdb,r_wfm_one_time_charge_recipe.txt,r_wfm_one_time_charge_schema.txt,r_wfm_one_time_charge,vf-hu-tr-dev-lab,vf-hu-tr-dev-lab,vf-hu-tr-dev-bq-tempstorage,
NC_TOMS,nc_toms,R_WFM_OPERATION,r_wfm_operation,r_wfm_operation,nc14_fusion_raw_to_raw,nc14_fusion_insert_append,vf-hu-tr-dev-lab-cdf-1,europe-west1,gs://vfhu-trdh-rawingested-dmaap-devlab,nc,nrdb,r_wfm_operation_recipe.txt,r_wfm_operation_schema.txt,r_wfm_operation,vf-hu-tr-dev-lab,vf-hu-tr-dev-lab,vf-hu-tr-dev-bq-tempstorage,
NC_TOMS,nc_toms,R_WFM_ORG,r_wfm_org,r_wfm_org,nc14_fusion_raw_to_raw,nc14_fusion_insert_append,vf-hu-tr-dev-lab-cdf-1,europe-west1,gs://vfhu-trdh-rawingested-dmaap-devlab,nc,nrdb,r_wfm_org_recipe.txt,r_wfm_org_schema.txt,r_wfm_org,vf-hu-tr-dev-lab,vf-hu-tr-dev-lab,vf-hu-tr-dev-bq-tempstorage,
NC_TOMS,nc_toms,R_WFM_POSITION,r_wfm_position,r_wfm_position,nc14_fusion_raw_to_raw,nc14_fusion_insert_append,vf-hu-tr-dev-lab-cdf-1,europe-west1,gs://vfhu-trdh-rawingested-dmaap-devlab,nc,nrdb,r_wfm_position_recipe.txt,r_wfm_position_schema.txt,r_wfm_position,vf-hu-tr-dev-lab,vf-hu-tr-dev-lab,vf-hu-tr-dev-bq-tempstorage,
NC_TOMS,nc_toms,R_WFM_SCHED_ASSIGN,r_wfm_sched_assign,r_wfm_sched_assign,nc14_fusion_raw_to_raw,nc14_fusion_insert_append,vf-hu-tr-dev-lab-cdf-1,europe-west1,gs://vfhu-trdh-rawingested-dmaap-devlab,nc,nrdb,r_wfm_sched_assign_recipe.txt,r_wfm_sched_assign_schema.txt,r_wfm_sched_assign,vf-hu-tr-dev-lab,vf-hu-tr-dev-lab,vf-hu-tr-dev-bq-tempstorage,
NC_TOMS,nc_toms,R_WFM_SCHED_COMP,r_wfm_sched_comp,r_wfm_sched_comp,nc14_fusion_raw_to_raw,nc14_fusion_insert_append,vf-hu-tr-dev-lab-cdf-1,europe-west1,gs://vfhu-trdh-rawingested-dmaap-devlab,nc,nrdb,r_wfm_sched_comp_recipe.txt,r_wfm_sched_comp_schema.txt,r_wfm_sched_comp,vf-hu-tr-dev-lab,vf-hu-tr-dev-lab,vf-hu-tr-dev-bq-tempstorage,
NC_TOMS,nc_toms,R_WFM_SERV_AREA,r_wfm_serv_area,r_wfm_serv_area,nc14_fusion_raw_to_raw,nc14_fusion_insert_append,vf-hu-tr-dev-lab-cdf-1,europe-west1,gs://vfhu-trdh-rawingested-dmaap-devlab,nc,nrdb,r_wfm_serv_area_recipe.txt,r_wfm_serv_area_schema.txt,r_wfm_serv_area,vf-hu-tr-dev-lab,vf-hu-tr-dev-lab,vf-hu-tr-dev-bq-tempstorage,
NC_TOMS,nc_toms,R_WFM_SKILL_SET,r_wfm_skill_set,r_wfm_skill_set,nc14_fusion_raw_to_raw,nc14_fusion_insert_append,vf-hu-tr-dev-lab-cdf-1,europe-west1,gs://vfhu-trdh-rawingested-dmaap-devlab,nc,nrdb,r_wfm_skill_set_recipe.txt,r_wfm_skill_set_schema.txt,r_wfm_skill_set,vf-hu-tr-dev-lab,vf-hu-tr-dev-lab,vf-hu-tr-dev-bq-tempstorage,
NC_TOMS,nc_toms,R_WFM_WI,r_wfm_wi,r_wfm_wi,nc14_fusion_raw_to_raw,nc14_fusion_insert_append,vf-hu-tr-dev-lab-cdf-1,europe-west1,gs://vfhu-trdh-rawingested-dmaap-devlab,nc,nrdb,r_wfm_wi_recipe.txt,r_wfm_wi_schema.txt,r_wfm_wi,vf-hu-tr-dev-lab,vf-hu-tr-dev-lab,vf-hu-tr-dev-bq-tempstorage,
NC_TOMS,nc_toms,R_WFM_WO,r_wfm_wo,r_wfm_wo,nc14_fusion_raw_to_raw,nc14_fusion_insert_append,vf-hu-tr-dev-lab-cdf-1,europe-west1,gs://vfhu-trdh-rawingested-dmaap-devlab,nc,nrdb,r_wfm_wo_recipe.txt,r_wfm_wo_schema.txt,r_wfm_wo,vf-hu-tr-dev-lab,vf-hu-tr-dev-lab,vf-hu-tr-dev-bq-tempstorage,
NC_TOMS,nc_toms,R_WFM_WORK_ACTIVITY,r_wfm_work_activity,r_wfm_work_activity,nc14_fusion_raw_to_raw,nc14_fusion_insert_append,vf-hu-tr-dev-lab-cdf-1,europe-west1,gs://vfhu-trdh-rawingested-dmaap-devlab,nc,nrdb,r_wfm_work_activity_recipe.txt,r_wfm_work_activity_schema.txt,r_wfm_work_activity,vf-hu-tr-dev-lab,vf-hu-tr-dev-lab,vf-hu-tr-dev-bq-tempstorage,
NC_TOMS,nc_toms,R_WFM_WORK_CALENDAR,r_wfm_work_calendar,r_wfm_work_calendar,nc14_fusion_raw_to_raw,nc14_fusion_insert_append,vf-hu-tr-dev-lab-cdf-1,europe-west1,gs://vfhu-trdh-rawingested-dmaap-devlab,nc,nrdb,r_wfm_work_calendar_recipe.txt,r_wfm_work_calendar_schema.txt,r_wfm_work_calendar,vf-hu-tr-dev-lab,vf-hu-tr-dev-lab,vf-hu-tr-dev-bq-tempstorage,
NC_TOMS,nc_toms,R_WFM_WORK_SCHED,r_wfm_work_sched,r_wfm_work_sched,nc14_fusion_raw_to_raw,nc14_fusion_insert_append,vf-hu-tr-dev-lab-cdf-1,europe-west1,gs://vfhu-trdh-rawingested-dmaap-devlab,nc,nrdb,r_wfm_work_sched_recipe.txt,r_wfm_work_sched_schema.txt,r_wfm_work_sched,vf-hu-tr-dev-lab,vf-hu-tr-dev-lab,vf-hu-tr-dev-bq-tempstorage,
NC_RBM_CUSTOM,nc_rbm_custom,VFHU_ACCOTCINSTFININFO,vfhu_accotcinstfininfo,vfhu_accotcinstfininfo,nc14_fusion_raw_to_raw,nc14_fusion_insert_append,vf-hu-tr-dev-lab-cdf-1,europe-west1,gs://vfhu-trdh-rawingested-dmaap-devlab,nc,geneva_admin,vfhu_accotcinstfininfo_recipe.txt,vfhu_accotcinstfininfo_schema.txt,vfhu_accotcinstfininfo,vf-hu-tr-dev-lab,vf-hu-tr-dev-lab,vf-hu-tr-dev-bq-tempstorage,
NC_RBM_CUSTOM,nc_rbm_custom,VFHU_ACCPAYALLOCATION,vfhu_accpayallocation,vfhu_accpayallocation,nc14_fusion_raw_to_raw,nc14_fusion_insert_append,vf-hu-tr-dev-lab-cdf-1,europe-west1,gs://vfhu-trdh-rawingested-dmaap-devlab,nc,geneva_admin,vfhu_accpayallocation_recipe.txt,vfhu_accpayallocation_schema.txt,vfhu_accpayallocation,vf-hu-tr-dev-lab,vf-hu-tr-dev-lab,vf-hu-tr-dev-bq-tempstorage,
NC_RBM_CUSTOM,nc_rbm_custom,VFHU_ACCPAYMENT,vfhu_accpayment,vfhu_billformattingrequest,nc14_fusion_raw_to_raw,nc14_fusion_insert_append,vf-hu-tr-dev-lab-cdf-1,europe-west1,gs://vfhu-trdh-rawingested-dmaap-devlab,nc,geneva_admin,vfhu_billformattingrequest_recipe.txt,vfhu_billformattingrequest_schema.txt,vfhu_billformattingrequest,vf-hu-tr-dev-lab,vf-hu-tr-dev-lab,vf-hu-tr-dev-bq-tempstorage,
NC_RBM_CUSTOM,nc_rbm_custom,VFHU_ACCPAYMENTINFO,vfhu_accpaymentinfo,vfhu_accpaymentinfo,nc14_fusion_raw_to_raw,nc14_fusion_insert_append,vf-hu-tr-dev-lab-cdf-1,europe-west1,gs://vfhu-trdh-rawingested-dmaap-devlab,nc,geneva_admin,vfhu_accpaymentinfo_recipe.txt,vfhu_accpaymentinfo_schema.txt,vfhu_accpaymentinfo,vf-hu-tr-dev-lab,vf-hu-tr-dev-lab,vf-hu-tr-dev-bq-tempstorage,
NC_RBM_CUSTOM,nc_rbm_custom,VFHU_ACCRUALREVENUEDETAILS,vfhu_accrualrevenuedetails,vfhu_accrualrevenuedetails,nc14_fusion_raw_to_raw,nc14_fusion_insert_append,vf-hu-tr-dev-lab-cdf-1,europe-west1,gs://vfhu-trdh-rawingested-dmaap-devlab,nc,geneva_admin,vfhu_accrualrevenuedetails_recipe.txt,vfhu_accrualrevenuedetails_schema.txt,vfhu_accrualrevenuedetails,vf-hu-tr-dev-lab,vf-hu-tr-dev-lab,vf-hu-tr-dev-bq-tempstorage,
NC_RBM_CUSTOM,nc_rbm_custom,VFHU_ACTUALREVENUEDETAILS,vfhu_actualrevenuedetails,vfhu_actualrevenuedetails,nc14_fusion_raw_to_raw,nc14_fusion_insert_append,vf-hu-tr-dev-lab-cdf-1,europe-west1,gs://vfhu-trdh-rawingested-dmaap-devlab,nc,geneva_admin,vfhu_actualrevenuedetails_recipe.txt,vfhu_actualrevenuedetails_schema.txt,vfhu_actualrevenuedetails,vf-hu-tr-dev-lab,vf-hu-tr-dev-lab,vf-hu-tr-dev-bq-tempstorage,
NC_RBM_CUSTOM,nc_rbm_custom,VFHU_AGESPENDLIMITCONFIG,vfhu_agespendlimitconfig,vfhu_agespendlimitconfig,nc14_fusion_raw_to_raw,nc14_fusion_insert_append,vf-hu-tr-dev-lab-cdf-1,europe-west1,gs://vfhu-trdh-rawingested-dmaap-devlab,nc,geneva_admin,vfhu_agespendlimitconfig_recipe.txt,vfhu_agespendlimitconfig_schema.txt,vfhu_agespendlimitconfig,vf-hu-tr-dev-lab,vf-hu-tr-dev-lab,vf-hu-tr-dev-bq-tempstorage,
NC_RBM_CUSTOM,nc_rbm_custom,VFHU_ARCHIVELOG,vfhu_archivelog,vfhu_archivelog,nc14_fusion_raw_to_raw,nc14_fusion_insert_append,vf-hu-tr-dev-lab-cdf-1,europe-west1,gs://vfhu-trdh-rawingested-dmaap-devlab,nc,geneva_admin,vfhu_archivelog_recipe.txt,vfhu_archivelog_schema.txt,vfhu_archivelog,vf-hu-tr-dev-lab,vf-hu-tr-dev-lab,vf-hu-tr-dev-bq-tempstorage,
NC_RBM_CUSTOM,nc_rbm_custom,VFHU_AUDIT_COLLECTION,vfhu_audit_collection,vfhu_audit_collection,nc14_fusion_raw_to_raw,nc14_fusion_insert_append,vf-hu-tr-dev-lab-cdf-1,europe-west1,gs://vfhu-trdh-rawingested-dmaap-devlab,nc,namm,vfhu_audit_collection_recipe.txt,vfhu_audit_collection_schema.txt,vfhu_audit_collection,vf-hu-tr-dev-lab,vf-hu-tr-dev-lab,vf-hu-tr-dev-bq-tempstorage,
NC_RBM_CUSTOM,nc_rbm_custom,VFHU_AUDIT_DISTRIBUTION,vfhu_audit_distribution,vfhu_audit_distribution,nc14_fusion_raw_to_raw,nc14_fusion_insert_append,vf-hu-tr-dev-lab-cdf-1,europe-west1,gs://vfhu-trdh-rawingested-dmaap-devlab,nc,namm,vfhu_audit_distribution_recipe.txt,vfhu_audit_distribution_schema.txt,vfhu_audit_distribution,vf-hu-tr-dev-lab,vf-hu-tr-dev-lab,vf-hu-tr-dev-bq-tempstorage,
NC_RBM_CUSTOM,nc_rbm_custom,VFHU_AUDIT_PARTIALEVENT,vfhu_audit_partialevent,vfhu_audit_partialevent,nc14_fusion_raw_to_raw,nc14_fusion_insert_append,vf-hu-tr-dev-lab-cdf-1,europe-west1,gs://vfhu-trdh-rawingested-dmaap-devlab,nc,namm,vfhu_audit_partialevent_recipe.txt,vfhu_audit_partialevent_schema.txt,vfhu_audit_partialevent,vf-hu-tr-dev-lab,vf-hu-tr-dev-lab,vf-hu-tr-dev-bq-tempstorage,
NC_RBM_CUSTOM,nc_rbm_custom,VFHU_AUDIT_PROCESSING,vfhu_audit_processing,vfhu_audit_processing,nc14_fusion_raw_to_raw,nc14_fusion_insert_append,vf-hu-tr-dev-lab-cdf-1,europe-west1,gs://vfhu-trdh-rawingested-dmaap-devlab,nc,namm,vfhu_audit_processing_recipe.txt,vfhu_audit_processing_schema.txt,vfhu_audit_processing,vf-hu-tr-dev-lab,vf-hu-tr-dev-lab,vf-hu-tr-dev-bq-tempstorage,
NC_RBM_CUSTOM,nc_rbm_custom,VFHU_BILLCYCLECHANGEERRORLOG,vfhu_billcyclechangeerrorlog,vfhu_billcyclechangeerrorlog,nc14_fusion_raw_to_raw,nc14_fusion_insert_append,vf-hu-tr-dev-lab-cdf-1,europe-west1,gs://vfhu-trdh-rawingested-dmaap-devlab,nc,geneva_admin,vfhu_billcyclechangeerrorlog_recipe.txt,vfhu_billcyclechangeerrorlog_schema.txt,vfhu_billcyclechangeerrorlog,vf-hu-tr-dev-lab,vf-hu-tr-dev-lab,vf-hu-tr-dev-bq-tempstorage,
NC_RBM_CUSTOM,nc_rbm_custom,VFHU_BILLCYCLECHANGEREQ,vfhu_billcyclechangereq,vfhu_billcyclechangereq,nc14_fusion_raw_to_raw,nc14_fusion_insert_append,vf-hu-tr-dev-lab-cdf-1,europe-west1,gs://vfhu-trdh-rawingested-dmaap-devlab,nc,geneva_admin,vfhu_billcyclechangereq_recipe.txt,vfhu_billcyclechangereq_schema.txt,vfhu_billcyclechangereq,vf-hu-tr-dev-lab,vf-hu-tr-dev-lab,vf-hu-tr-dev-bq-tempstorage,
NC_RBM_CUSTOM,nc_rbm_custom,VFHU_BILLFORMATTINGREQUEST,vfhu_billformattingrequest,vfhu_billformattingrequest,nc14_fusion_raw_to_raw,nc14_fusion_insert_append,vf-hu-tr-dev-lab-cdf-1,europe-west1,gs://vfhu-trdh-rawingested-dmaap-devlab,nc,geneva_admin,vfhu_billformattingrequest_recipe.txt,vfhu_billformattingrequest_schema.txt,vfhu_billformattingrequest,vf-hu-tr-dev-lab,vf-hu-tr-dev-lab,vf-hu-tr-dev-bq-tempstorage,
NC_RBM_CUSTOM,nc_rbm_custom,VFHU_BULKPROCAUDITLOG,vfhu_bulkprocauditlog,vfhu_bulkprocauditlog,nc14_fusion_raw_to_raw,nc14_fusion_insert_append,vf-hu-tr-dev-lab-cdf-1,europe-west1,gs://vfhu-trdh-rawingested-dmaap-devlab,nc,geneva_admin,vfhu_bulkprocauditlog_recipe.txt,vfhu_bulkprocauditlog_schema.txt,vfhu_bulkprocauditlog,vf-hu-tr-dev-lab,vf-hu-tr-dev-lab,vf-hu-tr-dev-bq-tempstorage,
NC_RBM_CUSTOM,nc_rbm_custom,VFHU_BULKPROCRECERRORLOG,vfhu_bulkprocrecerrorlog,vfhu_bulkprocrecerrorlog,nc14_fusion_raw_to_raw,nc14_fusion_insert_append,vf-hu-tr-dev-lab-cdf-1,europe-west1,gs://vfhu-trdh-rawingested-dmaap-devlab,nc,geneva_admin,vfhu_bulkprocrecerrorlog_recipe.txt,vfhu_bulkprocrecerrorlog_schema.txt,vfhu_bulkprocrecerrorlog,vf-hu-tr-dev-lab,vf-hu-tr-dev-lab,vf-hu-tr-dev-bq-tempstorage,
NC_RBM_CUSTOM,nc_rbm_custom,VFHU_CALLITEMMASKINGNUMBERS,vfhu_callitemmaskingnumbers,vfhu_callitemmaskingnumbers,nc14_fusion_raw_to_raw,nc14_fusion_insert_append,vf-hu-tr-dev-lab-cdf-1,europe-west1,gs://vfhu-trdh-rawingested-dmaap-devlab,nc,geneva_admin,vfhu_callitemmaskingnumbers_recipe.txt,vfhu_callitemmaskingnumbers_schema.txt,vfhu_callitemmaskingnumbers,vf-hu-tr-dev-lab,vf-hu-tr-dev-lab,vf-hu-tr-dev-bq-tempstorage,
NC_RBM_CUSTOM,nc_rbm_custom,VFHU_CHARGECANCELLATIONDISPUTE,vfhu_chargecancellationdispute,vfhu_chargecancellationdispute,nc14_fusion_raw_to_raw,nc14_fusion_insert_append,vf-hu-tr-dev-lab-cdf-1,europe-west1,gs://vfhu-trdh-rawingested-dmaap-devlab,nc,geneva_admin,vfhu_chargecancellationdispute_recipe.txt,vfhu_chargecancellationdispute_schema.txt,vfhu_chargecancellationdispute,vf-hu-tr-dev-lab,vf-hu-tr-dev-lab,vf-hu-tr-dev-bq-tempstorage,
NC_RBM_CUSTOM,nc_rbm_custom,VFHU_CHARGECANCELLATIONREQUEST,vfhu_chargecancellationrequest,vfhu_chargecancellationrequest,nc14_fusion_raw_to_raw,nc14_fusion_insert_append,vf-hu-tr-dev-lab-cdf-1,europe-west1,gs://vfhu-trdh-rawingested-dmaap-devlab,nc,geneva_admin,vfhu_chargecancellationrequest_recipe.txt,vfhu_chargecancellationrequest_schema.txt,vfhu_chargecancellationrequest,vf-hu-tr-dev-lab,vf-hu-tr-dev-lab,vf-hu-tr-dev-bq-tempstorage,
NC_RBM_CUSTOM,nc_rbm_custom,VFHU_CMTARIFFEXTRACTVIEW,vfhu_cmtariffextractview,vfhu_cmtariffextractview,nc14_fusion_raw_to_raw,nc14_fusion_insert_append,vf-hu-tr-dev-lab-cdf-1,europe-west1,gs://vfhu-trdh-rawingested-dmaap-devlab,nc,geneva_admin,vfhu_cmtariffextractview_recipe.txt,vfhu_cmtariffextractview_schema.txt,vfhu_cmtariffextractview,vf-hu-tr-dev-lab,vf-hu-tr-dev-lab,vf-hu-tr-dev-bq-tempstorage,
NC_RBM_CUSTOM,nc_rbm_custom,VFHU_CONFISCATEDBALANCE,vfhu_confiscatedbalance,vfhu_confiscatedbalance,nc14_fusion_raw_to_raw,nc14_fusion_insert_append,vf-hu-tr-dev-lab-cdf-1,europe-west1,gs://vfhu-trdh-rawingested-dmaap-devlab,nc,geneva_admin,vfhu_confiscatedbalance_recipe.txt,vfhu_confiscatedbalance_schema.txt,vfhu_confiscatedbalance,vf-hu-tr-dev-lab,vf-hu-tr-dev-lab,vf-hu-tr-dev-bq-tempstorage,
NC_RBM_CUSTOM,nc_rbm_custom,VFHU_CORRECTIONBILLREQUEST,vfhu_correctionbillrequest,vfhu_correctionbillrequest,nc14_fusion_raw_to_raw,nc14_fusion_insert_append,vf-hu-tr-dev-lab-cdf-1,europe-west1,gs://vfhu-trdh-rawingested-dmaap-devlab,nc,geneva_admin,vfhu_correctionbillrequest_recipe.txt,vfhu_correctionbillrequest_schema.txt,vfhu_correctionbillrequest,vf-hu-tr-dev-lab,vf-hu-tr-dev-lab,vf-hu-tr-dev-bq-tempstorage,
NC_RBM_CUSTOM,nc_rbm_custom,VFHU_CUGSYNCAUDITLOG,vfhu_cugsyncauditlog,vfhu_cugsyncauditlog,nc14_fusion_raw_to_raw,nc14_fusion_insert_append,vf-hu-tr-dev-lab-cdf-1,europe-west1,gs://vfhu-trdh-rawingested-dmaap-devlab,nc,geneva_admin,vfhu_cugsyncauditlog_recipe.txt,vfhu_cugsyncauditlog_schema.txt,vfhu_cugsyncauditlog,vf-hu-tr-dev-lab,vf-hu-tr-dev-lab,vf-hu-tr-dev-bq-tempstorage,
NC_RBM_CUSTOM,nc_rbm_custom,VFHU_CUGSYNCDETAILS,vfhu_cugsyncdetails,vfhu_cugsyncdetails,nc14_fusion_raw_to_raw,nc14_fusion_insert_append,vf-hu-tr-dev-lab-cdf-1,europe-west1,gs://vfhu-trdh-rawingested-dmaap-devlab,nc,geneva_admin,vfhu_cugsyncdetails_recipe.txt,vfhu_cugsyncdetails_schema.txt,vfhu_cugsyncdetails,vf-hu-tr-dev-lab,vf-hu-tr-dev-lab,vf-hu-tr-dev-bq-tempstorage,
NC_RBM_CUSTOM,nc_rbm_custom,VFHU_CUSTLATEPAYCONFIG,vfhu_custlatepayconfig,vfhu_custlatepayconfig,nc14_fusion_raw_to_raw,nc14_fusion_insert_append,vf-hu-tr-dev-lab-cdf-1,europe-west1,gs://vfhu-trdh-rawingested-dmaap-devlab,nc,geneva_admin,vfhu_custlatepayconfig_recipe.txt,vfhu_custlatepayconfig_schema.txt,vfhu_custlatepayconfig,vf-hu-tr-dev-lab,vf-hu-tr-dev-lab,vf-hu-tr-dev-bq-tempstorage,
NC_RBM_CUSTOM,nc_rbm_custom,VFHU_CUSTOMPARAMS,vfhu_customparams,vfhu_customparams,nc14_fusion_raw_to_raw,nc14_fusion_insert_append,vf-hu-tr-dev-lab-cdf-1,europe-west1,gs://vfhu-trdh-rawingested-dmaap-devlab,nc,geneva_admin,vfhu_customparams_recipe.txt,vfhu_customparams_schema.txt,vfhu_customparams,vf-hu-tr-dev-lab,vf-hu-tr-dev-lab,vf-hu-tr-dev-bq-tempstorage,
NC_RBM_CUSTOM,nc_rbm_custom,VFHU_DDPAYAUTHINFO,vfhu_ddpayauthinfo,vfhu_ddpayauthinfo,nc14_fusion_raw_to_raw,nc14_fusion_insert_append,vf-hu-tr-dev-lab-cdf-1,europe-west1,gs://vfhu-trdh-rawingested-dmaap-devlab,nc,geneva_admin,vfhu_ddpayauthinfo_recipe.txt,vfhu_ddpayauthinfo_schema.txt,vfhu_ddpayauthinfo,vf-hu-tr-dev-lab,vf-hu-tr-dev-lab,vf-hu-tr-dev-bq-tempstorage,
NC_RBM_CUSTOM,nc_rbm_custom,VFHU_DDPAYMENTRECINFO,vfhu_ddpaymentrecinfo,vfhu_ddpaymentrecinfo,nc14_fusion_raw_to_raw,nc14_fusion_insert_append,vf-hu-tr-dev-lab-cdf-1,europe-west1,gs://vfhu-trdh-rawingested-dmaap-devlab,nc,geneva_admin,vfhu_ddpaymentrecinfo_recipe.txt,vfhu_ddpaymentrecinfo_schema.txt,vfhu_ddpaymentrecinfo,vf-hu-tr-dev-lab,vf-hu-tr-dev-lab,vf-hu-tr-dev-bq-tempstorage,
NC_RBM_CUSTOM,nc_rbm_custom,VFHU_DEFERREDREVENUEDETAILS,vfhu_deferredrevenuedetails,vfhu_deferredrevenuedetails,nc14_fusion_raw_to_raw,nc14_fusion_insert_append,vf-hu-tr-dev-lab-cdf-1,europe-west1,gs://vfhu-trdh-rawingested-dmaap-devlab,nc,geneva_admin,vfhu_deferredrevenuedetails_recipe.txt,vfhu_deferredrevenuedetails_schema.txt,vfhu_deferredrevenuedetails,vf-hu-tr-dev-lab,vf-hu-tr-dev-lab,vf-hu-tr-dev-bq-tempstorage,
NC_RBM_CUSTOM,nc_rbm_custom,VFHU_DEPOSITRELEASEAUDIT,vfhu_depositreleaseaudit,vfhu_depositreleaseaudit,nc14_fusion_raw_to_raw,nc14_fusion_insert_append,vf-hu-tr-dev-lab-cdf-1,europe-west1,gs://vfhu-trdh-rawingested-dmaap-devlab,nc,geneva_admin,vfhu_depositreleaseaudit_recipe.txt,vfhu_depositreleaseaudit_schema.txt,vfhu_depositreleaseaudit,vf-hu-tr-dev-lab,vf-hu-tr-dev-lab,vf-hu-tr-dev-bq-tempstorage,
NC_RBM_CUSTOM,nc_rbm_custom,VFHU_EPACKADJDETAILS,vfhu_epackadjdetails,vfhu_epackadjdetails,nc14_fusion_raw_to_raw,nc14_fusion_insert_append,vf-hu-tr-dev-lab-cdf-1,europe-west1,gs://vfhu-trdh-rawingested-dmaap-devlab,nc,geneva_admin,vfhu_epackadjdetails_recipe.txt,vfhu_epackadjdetails_schema.txt,vfhu_epackadjdetails,vf-hu-tr-dev-lab,vf-hu-tr-dev-lab,vf-hu-tr-dev-bq-tempstorage,
NC_RBM_CUSTOM,nc_rbm_custom,VFHU_ERRORCODES,vfhu_errorcodes,vfhu_errorcodes,nc14_fusion_raw_to_raw,nc14_fusion_insert_append,vf-hu-tr-dev-lab-cdf-1,europe-west1,gs://vfhu-trdh-rawingested-dmaap-devlab,nc,geneva_admin,vfhu_errorcodes_recipe.txt,vfhu_errorcodes_schema.txt,vfhu_errorcodes,vf-hu-tr-dev-lab,vf-hu-tr-dev-lab,vf-hu-tr-dev-bq-tempstorage,
NC_RBM_CUSTOM,nc_rbm_custom,VFHU_EVENT_TYPE,vfhu_event_type,vfhu_event_type,nc14_fusion_raw_to_raw,nc14_fusion_insert_append,vf-hu-tr-dev-lab-cdf-1,europe-west1,gs://vfhu-trdh-rawingested-dmaap-devlab,nc,namm,vfhu_event_type_recipe.txt,vfhu_event_type_schema.txt,vfhu_event_type,vf-hu-tr-dev-lab,vf-hu-tr-dev-lab,vf-hu-tr-dev-bq-tempstorage,
NC_RBM_CUSTOM,nc_rbm_custom,VFHU_EXPORTSALESORDERBILLS,vfhu_exportsalesorderbills,vfhu_exportsalesorderbills,nc14_fusion_raw_to_raw,nc14_fusion_insert_append,vf-hu-tr-dev-lab-cdf-1,europe-west1,gs://vfhu-trdh-rawingested-dmaap-devlab,nc,geneva_admin,vfhu_exportsalesorderbills_recipe.txt,vfhu_exportsalesorderbills_schema.txt,vfhu_exportsalesorderbills,vf-hu-tr-dev-lab,vf-hu-tr-dev-lab,vf-hu-tr-dev-bq-tempstorage,
NC_RBM_CUSTOM,nc_rbm_custom,VFHU_EXTRACTFILEDETAILS,vfhu_extractfiledetails,vfhu_extractfiledetails,nc14_fusion_raw_to_raw,nc14_fusion_insert_append,vf-hu-tr-dev-lab-cdf-1,europe-west1,gs://vfhu-trdh-rawingested-dmaap-devlab,nc,geneva_admin,vfhu_extractfiledetails_recipe.txt,vfhu_extractfiledetails_schema.txt,vfhu_extractfiledetails,vf-hu-tr-dev-lab,vf-hu-tr-dev-lab,vf-hu-tr-dev-bq-tempstorage,
NC_RBM_CUSTOM,nc_rbm_custom,VFHU_FILEFIELDS,vfhu_filefields,vfhu_filefields,nc14_fusion_raw_to_raw,nc14_fusion_insert_append,vf-hu-tr-dev-lab-cdf-1,europe-west1,gs://vfhu-trdh-rawingested-dmaap-devlab,nc,geneva_admin,vfhu_filefields_recipe.txt,vfhu_filefields_schema.txt,vfhu_filefields,vf-hu-tr-dev-lab,vf-hu-tr-dev-lab,vf-hu-tr-dev-bq-tempstorage,
NC_RBM_CUSTOM,nc_rbm_custom,VFHU_FILEPATHINFO,vfhu_filepathinfo,vfhu_filepathinfo,nc14_fusion_raw_to_raw,nc14_fusion_insert_append,vf-hu-tr-dev-lab-cdf-1,europe-west1,gs://vfhu-trdh-rawingested-dmaap-devlab,nc,geneva_admin,vfhu_filepathinfo_recipe.txt,vfhu_filepathinfo_schema.txt,vfhu_filepathinfo,vf-hu-tr-dev-lab,vf-hu-tr-dev-lab,vf-hu-tr-dev-bq-tempstorage,
NC_RBM_CUSTOM,nc_rbm_custom,VFHU_FOOTNOTEMSGTEMPLATEINFO,vfhu_footnotemsgtemplateinfo,vfhu_footnotemsgtemplateinfo,nc14_fusion_raw_to_raw,nc14_fusion_insert_append,vf-hu-tr-dev-lab-cdf-1,europe-west1,gs://vfhu-trdh-rawingested-dmaap-devlab,nc,geneva_admin,vfhu_footnotemsgtemplateinfo_recipe.txt,vfhu_footnotemsgtemplateinfo_schema.txt,vfhu_footnotemsgtemplateinfo,vf-hu-tr-dev-lab,vf-hu-tr-dev-lab,vf-hu-tr-dev-bq-tempstorage,
NC_RBM_CUSTOM,nc_rbm_custom,VFHU_GENERICPAYCONFFILEFIELDS,vfhu_genericpayconffilefields,vfhu_genericpayconffilefields,nc14_fusion_raw_to_raw,nc14_fusion_insert_append,vf-hu-tr-dev-lab-cdf-1,europe-west1,gs://vfhu-trdh-rawingested-dmaap-devlab,nc,geneva_admin,vfhu_genericpayconffilefields_recipe.txt,vfhu_genericpayconffilefields_schema.txt,vfhu_genericpayconffilefields,vf-hu-tr-dev-lab,vf-hu-tr-dev-lab,vf-hu-tr-dev-bq-tempstorage,
NC_RBM_CUSTOM,nc_rbm_custom,VFHU_GENERICPAYCONFFILEFORMAT,vfhu_genericpayconffileformat,vfhu_genericpayconffileformat,nc14_fusion_raw_to_raw,nc14_fusion_insert_append,vf-hu-tr-dev-lab-cdf-1,europe-west1,gs://vfhu-trdh-rawingested-dmaap-devlab,nc,geneva_admin,vfhu_genericpayconffileformat_recipe.txt,vfhu_genericpayconffileformat_schema.txt,vfhu_genericpayconffileformat,vf-hu-tr-dev-lab,vf-hu-tr-dev-lab,vf-hu-tr-dev-bq-tempstorage,
NC_RBM_CUSTOM,nc_rbm_custom,VFHU_GLOBAL_FILTER_LOOKUP,vfhu_global_filter_lookup,vfhu_global_filter_lookup,nc14_fusion_raw_to_raw,nc14_fusion_insert_append,vf-hu-tr-dev-lab-cdf-1,europe-west1,gs://vfhu-trdh-rawingested-dmaap-devlab,nc,namm,vfhu_global_filter_lookup_recipe.txt,vfhu_global_filter_lookup_schema.txt,vfhu_global_filter_lookup,vf-hu-tr-dev-lab,vf-hu-tr-dev-lab,vf-hu-tr-dev-bq-tempstorage,
NC_RBM_CUSTOM,nc_rbm_custom,VFHU_ICOATTRDETAILS,vfhu_icoattrdetails,vfhu_icoattrdetails,nc14_fusion_raw_to_raw,nc14_fusion_insert_append,vf-hu-tr-dev-lab-cdf-1,europe-west1,gs://vfhu-trdh-rawingested-dmaap-devlab,nc,geneva_admin,vfhu_icoattrdetails_recipe.txt,vfhu_icoattrdetails_schema.txt,vfhu_icoattrdetails,vf-hu-tr-dev-lab,vf-hu-tr-dev-lab,vf-hu-tr-dev-bq-tempstorage,
NC_RBM_CUSTOM,nc_rbm_custom,VFHU_LATEPAYDETAILS,vfhu_latepaydetails,vfhu_latepaydetails,nc14_fusion_raw_to_raw,nc14_fusion_insert_append,vf-hu-tr-dev-lab-cdf-1,europe-west1,gs://vfhu-trdh-rawingested-dmaap-devlab,nc,geneva_admin,vfhu_latepaydetails_recipe.txt,vfhu_latepaydetails_schema.txt,vfhu_latepaydetails,vf-hu-tr-dev-lab,vf-hu-tr-dev-lab,vf-hu-tr-dev-bq-tempstorage,
NC_RBM_CUSTOM,nc_rbm_custom,VFHU_MCOMLIMITMONACTION,vfhu_mcomlimitmonaction,vfhu_mcomlimitmonaction,nc14_fusion_raw_to_raw,nc14_fusion_insert_append,vf-hu-tr-dev-lab-cdf-1,europe-west1,gs://vfhu-trdh-rawingested-dmaap-devlab,nc,geneva_admin,vfhu_mcomlimitmonaction_recipe.txt,vfhu_mcomlimitmonaction_schema.txt,vfhu_mcomlimitmonaction,vf-hu-tr-dev-lab,vf-hu-tr-dev-lab,vf-hu-tr-dev-bq-tempstorage,
NC_RBM_CUSTOM,nc_rbm_custom,VFHU_MCOMOTCCONFIG,vfhu_mcomotcconfig,vfhu_mcomotcconfig,nc14_fusion_raw_to_raw,nc14_fusion_insert_append,vf-hu-tr-dev-lab-cdf-1,europe-west1,gs://vfhu-trdh-rawingested-dmaap-devlab,nc,geneva_admin,vfhu_mcomotcconfig_recipe.txt,vfhu_mcomotcconfig_schema.txt,vfhu_mcomotcconfig,vf-hu-tr-dev-lab,vf-hu-tr-dev-lab,vf-hu-tr-dev-bq-tempstorage,
NC_RBM_CUSTOM,nc_rbm_custom,VFHU_MCOMRESERVATION,vfhu_mcomreservation,vfhu_mcomreservation,nc14_fusion_raw_to_raw,nc14_fusion_insert_append,vf-hu-tr-dev-lab-cdf-1,europe-west1,gs://vfhu-trdh-rawingested-dmaap-devlab,nc,geneva_admin,vfhu_mcomreservation_recipe.txt,vfhu_mcomreservation_schema.txt,vfhu_mcomreservation,vf-hu-tr-dev-lab,vf-hu-tr-dev-lab,vf-hu-tr-dev-bq-tempstorage,
NC_RBM_CUSTOM,nc_rbm_custom,VFHU_MESSAGESET,vfhu_messageset,vfhu_messageset,nc14_fusion_raw_to_raw,nc14_fusion_insert_append,vf-hu-tr-dev-lab-cdf-1,europe-west1,gs://vfhu-trdh-rawingested-dmaap-devlab,nc,geneva_admin,vfhu_messageset_recipe.txt,vfhu_messageset_schema.txt,vfhu_messageset,vf-hu-tr-dev-lab,vf-hu-tr-dev-lab,vf-hu-tr-dev-bq-tempstorage,
NC_RBM_CUSTOM,nc_rbm_custom,VFHU_MKTMSGCONTROLFILEINFO,vfhu_mktmsgcontrolfileinfo,vfhu_mktmsgcontrolfileinfo,nc14_fusion_raw_to_raw,nc14_fusion_insert_append,vf-hu-tr-dev-lab-cdf-1,europe-west1,gs://vfhu-trdh-rawingested-dmaap-devlab,nc,geneva_admin,vfhu_mktmsgcontrolfileinfo_recipe.txt,vfhu_mktmsgcontrolfileinfo_schema.txt,vfhu_mktmsgcontrolfileinfo,vf-hu-tr-dev-lab,vf-hu-tr-dev-lab,vf-hu-tr-dev-bq-tempstorage,
NC_RBM_CUSTOM,nc_rbm_custom,VFHU_MSGTYPEPARAMETERSINFO,vfhu_msgtypeparametersinfo,vfhu_msgtypeparametersinfo,nc14_fusion_raw_to_raw,nc14_fusion_insert_append,vf-hu-tr-dev-lab-cdf-1,europe-west1,gs://vfhu-trdh-rawingested-dmaap-devlab,nc,geneva_admin,vfhu_msgtypeparametersinfo_recipe.txt,vfhu_msgtypeparametersinfo_schema.txt,vfhu_msgtypeparametersinfo,vf-hu-tr-dev-lab,vf-hu-tr-dev-lab,vf-hu-tr-dev-bq-tempstorage,
NC_RBM_CUSTOM,nc_rbm_custom,VFHU_NAVERRORCODE,vfhu_naverrorcode,vfhu_naverrorcode,nc14_fusion_raw_to_raw,nc14_fusion_insert_append,vf-hu-tr-dev-lab-cdf-1,europe-west1,gs://vfhu-trdh-rawingested-dmaap-devlab,nc,geneva_admin,vfhu_naverrorcode_recipe.txt,vfhu_naverrorcode_schema.txt,vfhu_naverrorcode,vf-hu-tr-dev-lab,vf-hu-tr-dev-lab,vf-hu-tr-dev-bq-tempstorage,
NC_RBM_CUSTOM,nc_rbm_custom,VFHU_NAVINVOICE,vfhu_navinvoice,vfhu_navinvoice,nc14_fusion_raw_to_raw,nc14_fusion_insert_append,vf-hu-tr-dev-lab-cdf-1,europe-west1,gs://vfhu-trdh-rawingested-dmaap-devlab,nc,geneva_admin,vfhu_navinvoice_recipe.txt,vfhu_navinvoice_schema.txt,vfhu_navinvoice,vf-hu-tr-dev-lab,vf-hu-tr-dev-lab,vf-hu-tr-dev-bq-tempstorage,
NC_RBM_CUSTOM,nc_rbm_custom,VFHU_NAVINVOICEDETAILS,vfhu_navinvoicedetails,vfhu_navinvoicedetails,nc14_fusion_raw_to_raw,nc14_fusion_insert_append,vf-hu-tr-dev-lab-cdf-1,europe-west1,gs://vfhu-trdh-rawingested-dmaap-devlab,nc,geneva_admin,vfhu_navinvoicedetails_recipe.txt,vfhu_navinvoicedetails_schema.txt,vfhu_navinvoicedetails,vf-hu-tr-dev-lab,vf-hu-tr-dev-lab,vf-hu-tr-dev-bq-tempstorage,
NC_RBM_CUSTOM,nc_rbm_custom,VFHU_NAVINVOICETRANSACTION,vfhu_navinvoicetransaction,vfhu_navinvoicetransaction,nc14_fusion_raw_to_raw,nc14_fusion_insert_append,vf-hu-tr-dev-lab-cdf-1,europe-west1,gs://vfhu-trdh-rawingested-dmaap-devlab,nc,geneva_admin,vfhu_navinvoicetransaction_recipe.txt,vfhu_navinvoicetransaction_schema.txt,vfhu_navinvoicetransaction,vf-hu-tr-dev-lab,vf-hu-tr-dev-lab,vf-hu-tr-dev-bq-tempstorage,
NC_RBM_CUSTOM,nc_rbm_custom,VFHU_NFRMSGTEMPLATEINFO,vfhu_nfrmsgtemplateinfo,vfhu_nfrmsgtemplateinfo,nc14_fusion_raw_to_raw,nc14_fusion_insert_append,vf-hu-tr-dev-lab-cdf-1,europe-west1,gs://vfhu-trdh-rawingested-dmaap-devlab,nc,geneva_admin,vfhu_nfrmsgtemplateinfo_recipe.txt,vfhu_nfrmsgtemplateinfo_schema.txt,vfhu_nfrmsgtemplateinfo,vf-hu-tr-dev-lab,vf-hu-tr-dev-lab,vf-hu-tr-dev-bq-tempstorage,
NC_RBM_CUSTOM,nc_rbm_custom,VFHU_NFRNOTIFICATIONMSGDETAILS,vfhu_nfrnotificationmsgdetails,vfhu_nfrnotificationmsgdetails,nc14_fusion_raw_to_raw,nc14_fusion_insert_append,vf-hu-tr-dev-lab-cdf-1,europe-west1,gs://vfhu-trdh-rawingested-dmaap-devlab,nc,geneva_admin,vfhu_nfrnotificationmsgdetails_recipe.txt,vfhu_nfrnotificationmsgdetails_schema.txt,vfhu_nfrnotificationmsgdetails,vf-hu-tr-dev-lab,vf-hu-tr-dev-lab,vf-hu-tr-dev-bq-tempstorage,
NC_RBM_CUSTOM,nc_rbm_custom,VFHU_NOTIFICATIONMSGDETAILS,vfhu_notificationmsgdetails,vfhu_notificationmsgdetails,nc14_fusion_raw_to_raw,nc14_fusion_insert_append,vf-hu-tr-dev-lab-cdf-1,europe-west1,gs://vfhu-trdh-rawingested-dmaap-devlab,nc,geneva_admin,vfhu_notificationmsgdetails_recipe.txt,vfhu_notificationmsgdetails_schema.txt,vfhu_notificationmsgdetails,vf-hu-tr-dev-lab,vf-hu-tr-dev-lab,vf-hu-tr-dev-bq-tempstorage,
NC_RBM_CUSTOM,nc_rbm_custom,VFHU_OPERATORMAPPING,vfhu_operatormapping,vfhu_operatormapping,nc14_fusion_raw_to_raw,nc14_fusion_insert_append,vf-hu-tr-dev-lab-cdf-1,europe-west1,gs://vfhu-trdh-rawingested-dmaap-devlab,nc,geneva_admin,vfhu_operatormapping_recipe.txt,vfhu_operatormapping_schema.txt,vfhu_operatormapping,vf-hu-tr-dev-lab,vf-hu-tr-dev-lab,vf-hu-tr-dev-bq-tempstorage,
NC_RBM_CUSTOM,nc_rbm_custom,VFHU_PAYMENTERRORINFO,vfhu_paymenterrorinfo,vfhu_paymenterrorinfo,nc14_fusion_raw_to_raw,nc14_fusion_insert_append,vf-hu-tr-dev-lab-cdf-1,europe-west1,gs://vfhu-trdh-rawingested-dmaap-devlab,nc,geneva_admin,vfhu_paymenterrorinfo_recipe.txt,vfhu_paymenterrorinfo_schema.txt,vfhu_paymenterrorinfo,vf-hu-tr-dev-lab,vf-hu-tr-dev-lab,vf-hu-tr-dev-bq-tempstorage,
NC_RBM_CUSTOM,nc_rbm_custom,VFHU_PAYMENTEXTRACTDETAILS,vfhu_paymentextractdetails,vfhu_paymentextractdetails,nc14_fusion_raw_to_raw,nc14_fusion_insert_append,vf-hu-tr-dev-lab-cdf-1,europe-west1,gs://vfhu-trdh-rawingested-dmaap-devlab,nc,geneva_admin,vfhu_paymentextractdetails_recipe.txt,vfhu_paymentextractdetails_schema.txt,vfhu_paymentextractdetails,vf-hu-tr-dev-lab,vf-hu-tr-dev-lab,vf-hu-tr-dev-bq-tempstorage,
NC_RBM_CUSTOM,nc_rbm_custom,VFHU_PAYMENTGLCODEMAPPING,vfhu_paymentglcodemapping,vfhu_paymentglcodemapping,nc14_fusion_raw_to_raw,nc14_fusion_insert_append,vf-hu-tr-dev-lab-cdf-1,europe-west1,gs://vfhu-trdh-rawingested-dmaap-devlab,nc,geneva_admin,vfhu_paymentglcodemapping_recipe.txt,vfhu_paymentglcodemapping_schema.txt,vfhu_paymentglcodemapping,vf-hu-tr-dev-lab,vf-hu-tr-dev-lab,vf-hu-tr-dev-bq-tempstorage,
NC_RBM_CUSTOM,nc_rbm_custom,VFHU_PAYMENTSOURCES,vfhu_paymentsources,vfhu_paymentsources,nc14_fusion_raw_to_raw,nc14_fusion_insert_append,vf-hu-tr-dev-lab-cdf-1,europe-west1,gs://vfhu-trdh-rawingested-dmaap-devlab,nc,geneva_admin,vfhu_paymentsources_recipe.txt,vfhu_paymentsources_schema.txt,vfhu_paymentsources,vf-hu-tr-dev-lab,vf-hu-tr-dev-lab,vf-hu-tr-dev-bq-tempstorage,
NC_RBM_CUSTOM,nc_rbm_custom,VFHU_PREFDEPROCESSINGDETAILS,vfhu_prefdeprocessingdetails,vfhu_prefdeprocessingdetails,nc14_fusion_raw_to_raw,nc14_fusion_insert_append,vf-hu-tr-dev-lab-cdf-1,europe-west1,gs://vfhu-trdh-rawingested-dmaap-devlab,nc,geneva_admin,vfhu_prefdeprocessingdetails_recipe.txt,vfhu_prefdeprocessingdetails_schema.txt,vfhu_prefdeprocessingdetails,vf-hu-tr-dev-lab,vf-hu-tr-dev-lab,vf-hu-tr-dev-bq-tempstorage,
NC_RBM_CUSTOM,nc_rbm_custom,VFHU_PROCESSAUDITLOG,vfhu_processauditlog,vfhu_processauditlog,nc14_fusion_raw_to_raw,nc14_fusion_insert_append,vf-hu-tr-dev-lab-cdf-1,europe-west1,gs://vfhu-trdh-rawingested-dmaap-devlab,nc,geneva_admin,vfhu_processauditlog_recipe.txt,vfhu_processauditlog_schema.txt,vfhu_processauditlog,vf-hu-tr-dev-lab,vf-hu-tr-dev-lab,vf-hu-tr-dev-bq-tempstorage,
NC_RBM_CUSTOM,nc_rbm_custom,VFHU_REJECTEVENT,vfhu_rejectevent,vfhu_rejectevent,nc14_fusion_raw_to_raw,nc14_fusion_insert_append,vf-hu-tr-dev-lab-cdf-1,europe-west1,gs://vfhu-trdh-rawingested-dmaap-devlab,nc,namm,vfhu_rejectevent_recipe.txt,vfhu_rejectevent_schema.txt,vfhu_rejectevent,vf-hu-tr-dev-lab,vf-hu-tr-dev-lab,vf-hu-tr-dev-bq-tempstorage,
NC_RBM_CUSTOM,nc_rbm_custom,VFHU_SAP2PGLCODEMAPPING,vfhu_sap2pglcodemapping,vfhu_sap2pglcodemapping,nc14_fusion_raw_to_raw,nc14_fusion_insert_append,vf-hu-tr-dev-lab-cdf-1,europe-west1,gs://vfhu-trdh-rawingested-dmaap-devlab,nc,geneva_admin,vfhu_sap2pglcodemapping_recipe.txt,vfhu_sap2pglcodemapping_schema.txt,vfhu_sap2pglcodemapping,vf-hu-tr-dev-lab,vf-hu-tr-dev-lab,vf-hu-tr-dev-bq-tempstorage,
NC_RBM_CUSTOM,nc_rbm_custom,VFHU_SAPENTITYMAPPING,vfhu_sapentitymapping,vfhu_sapentitymapping,nc14_fusion_raw_to_raw,nc14_fusion_insert_append,vf-hu-tr-dev-lab-cdf-1,europe-west1,gs://vfhu-trdh-rawingested-dmaap-devlab,nc,geneva_admin,vfhu_sapentitymapping_recipe.txt,vfhu_sapentitymapping_schema.txt,vfhu_sapentitymapping,vf-hu-tr-dev-lab,vf-hu-tr-dev-lab,vf-hu-tr-dev-bq-tempstorage,
NC_RBM_CUSTOM,nc_rbm_custom,VFHU_SAPFEEDMAPPINGDATA,vfhu_sapfeedmappingdata,vfhu_sapfeedmappingdata,nc14_fusion_raw_to_raw,nc14_fusion_insert_append,vf-hu-tr-dev-lab-cdf-1,europe-west1,gs://vfhu-trdh-rawingested-dmaap-devlab,nc,geneva_admin,vfhu_sapfeedmappingdata_recipe.txt,vfhu_sapfeedmappingdata_schema.txt,vfhu_sapfeedmappingdata,vf-hu-tr-dev-lab,vf-hu-tr-dev-lab,vf-hu-tr-dev-bq-tempstorage,
NC_RBM_CUSTOM,nc_rbm_custom,VFHU_SAPGLCODEMAPPING,vfhu_sapglcodemapping,vfhu_sapglcodemapping,nc14_fusion_raw_to_raw,nc14_fusion_insert_append,vf-hu-tr-dev-lab-cdf-1,europe-west1,gs://vfhu-trdh-rawingested-dmaap-devlab,nc,geneva_admin,vfhu_sapglcodemapping_recipe.txt,vfhu_sapglcodemapping_schema.txt,vfhu_sapglcodemapping,vf-hu-tr-dev-lab,vf-hu-tr-dev-lab,vf-hu-tr-dev-bq-tempstorage,
NC_RBM_CUSTOM,nc_rbm_custom,VFHU_SAPXMLTAGFILEDMAPPING,vfhu_sapxmltagfiledmapping,vfhu_sapxmltagfiledmapping,nc14_fusion_raw_to_raw,nc14_fusion_insert_append,vf-hu-tr-dev-lab-cdf-1,europe-west1,gs://vfhu-trdh-rawingested-dmaap-devlab,nc,geneva_admin,vfhu_sapxmltagfiledmapping_recipe.txt,vfhu_sapxmltagfiledmapping_schema.txt,vfhu_sapxmltagfiledmapping,vf-hu-tr-dev-lab,vf-hu-tr-dev-lab,vf-hu-tr-dev-bq-tempstorage,
NC_RBM_CUSTOM,nc_rbm_custom,VFHU_SPCLREVCHARGES,vfhu_spclrevcharges,vfhu_spclrevcharges,nc14_fusion_raw_to_raw,nc14_fusion_insert_append,vf-hu-tr-dev-lab-cdf-1,europe-west1,gs://vfhu-trdh-rawingested-dmaap-devlab,nc,geneva_admin,vfhu_spclrevcharges_recipe.txt,vfhu_spclrevcharges_schema.txt,vfhu_spclrevcharges,vf-hu-tr-dev-lab,vf-hu-tr-dev-lab,vf-hu-tr-dev-bq-tempstorage,
NC_RBM_CUSTOM,nc_rbm_custom,VFHU_SPENDLIMITAUDIT,vfhu_spendlimitaudit,vfhu_spendlimitaudit,nc14_fusion_raw_to_raw,nc14_fusion_insert_append,vf-hu-tr-dev-lab-cdf-1,europe-west1,gs://vfhu-trdh-rawingested-dmaap-devlab,nc,geneva_admin,vfhu_spendlimitaudit_recipe.txt,vfhu_spendlimitaudit_schema.txt,vfhu_spendlimitaudit,vf-hu-tr-dev-lab,vf-hu-tr-dev-lab,vf-hu-tr-dev-bq-tempstorage,
NC_RBM_CUSTOM,nc_rbm_custom,VFHU_SPENDLIMITMONACTION,vfhu_spendlimitmonaction,vfhu_spendlimitmonaction,nc14_fusion_raw_to_raw,nc14_fusion_insert_append,vf-hu-tr-dev-lab-cdf-1,europe-west1,gs://vfhu-trdh-rawingested-dmaap-devlab,nc,geneva_admin,vfhu_spendlimitmonaction_recipe.txt,vfhu_spendlimitmonaction_schema.txt,vfhu_spendlimitmonaction,vf-hu-tr-dev-lab,vf-hu-tr-dev-lab,vf-hu-tr-dev-bq-tempstorage,
NC_RBM_CUSTOM,nc_rbm_custom,VFHU_SPENDLIMITTYPES,vfhu_spendlimittypes,vfhu_spendlimittypes,nc14_fusion_raw_to_raw,nc14_fusion_insert_append,vf-hu-tr-dev-lab-cdf-1,europe-west1,gs://vfhu-trdh-rawingested-dmaap-devlab,nc,geneva_admin,vfhu_spendlimittypes_recipe.txt,vfhu_spendlimittypes_schema.txt,vfhu_spendlimittypes,vf-hu-tr-dev-lab,vf-hu-tr-dev-lab,vf-hu-tr-dev-bq-tempstorage,
NC_RBM_CUSTOM,nc_rbm_custom,VFHU_SPENDLMTACTIONS,vfhu_spendlmtactions,vfhu_spendlmtactions,nc14_fusion_raw_to_raw,nc14_fusion_insert_append,vf-hu-tr-dev-lab-cdf-1,europe-west1,gs://vfhu-trdh-rawingested-dmaap-devlab,nc,geneva_admin,vfhu_spendlmtactions_recipe.txt,vfhu_spendlmtactions_schema.txt,vfhu_spendlmtactions,vf-hu-tr-dev-lab,vf-hu-tr-dev-lab,vf-hu-tr-dev-bq-tempstorage,
NC_RBM_CUSTOM,nc_rbm_custom,VFHU_SYNCHRONIZEBALANCEAUDIT,vfhu_synchronizebalanceaudit,vfhu_synchronizebalanceaudit,nc14_fusion_raw_to_raw,nc14_fusion_insert_append,vf-hu-tr-dev-lab-cdf-1,europe-west1,gs://vfhu-trdh-rawingested-dmaap-devlab,nc,geneva_admin,vfhu_synchronizebalanceaudit_recipe.txt,vfhu_synchronizebalanceaudit_schema.txt,vfhu_synchronizebalanceaudit,vf-hu-tr-dev-lab,vf-hu-tr-dev-lab,vf-hu-tr-dev-bq-tempstorage,
NC_RBM_CUSTOM,nc_rbm_custom,VFHU_TARIFFEXTRACTVIEW,vfhu_tariffextractview,vfhu_tariffextractview,nc14_fusion_raw_to_raw,nc14_fusion_insert_append,vf-hu-tr-dev-lab-cdf-1,europe-west1,gs://vfhu-trdh-rawingested-dmaap-devlab,nc,geneva_admin,vfhu_tariffextractview_recipe.txt,vfhu_tariffextractview_schema.txt,vfhu_tariffextractview,vf-hu-tr-dev-lab,vf-hu-tr-dev-lab,vf-hu-tr-dev-bq-tempstorage,
